number,value,datetime_start,datetime_complete,duration,params_colsample_bytree,params_learning_rate,params_max_depth,params_n_estimators,state
0,34.18184130535337,2026-03-15 12:00:44.582297,2026-03-15 12:00:47.430511,0 days 00:00:02.848214,0.6710275230004983,0.00647149623929055,5,400,COMPLETE
1,41.3518879423496,2026-03-15 12:00:47.432514,2026-03-15 12:00:58.983132,0 days 00:00:11.550618,0.8929184972738287,0.001304441459887823,7,800,COMPLETE
2,30.507018456252997,2026-03-15 12:00:58.983132,2026-03-15 12:01:03.555925,0 days 00:00:04.572793,0.5148806650653937,0.014594421004757708,6,600,COMPLETE
3,30.916767641777348,2026-03-15 12:01:03.555925,2026-03-15 12:01:14.113403,0 days 00:00:10.557478,0.7342634583766999,0.009866804195836439,8,500,COMPLETE
4,31.854199333285457,2026-03-15 12:01:14.115912,2026-03-15 12:01:30.835093,0 days 00:00:16.719181,0.6874281216753858,0.147965225754364,10,400,COMPLETE
5,38.32626348513628,2026-03-15 12:01:30.837100,2026-03-15 12:01:41.812190,0 days 00:00:10.975090,0.5554155233530553,0.0017994997090317862,7,800,COMPLETE
6,31.034513502365666,2026-03-15 12:01:41.812190,2026-03-15 12:01:57.365524,0 days 00:00:15.553334,0.9098947506573554,0.2852688725163357,8,800,COMPLETE
7,46.748475634996126,2026-03-15 12:01:57.365524,2026-03-15 12:02:00.780025,0 days 00:00:03.414501,0.6826419585475741,0.001488552603181377,5,500,COMPLETE
8,30.949347273235112,2026-03-15 12:02:00.781025,2026-03-15 12:02:10.729598,0 days 00:00:09.948573,0.6045769384400181,0.2251816937257049,8,500,COMPLETE
9,33.62257257576587,2026-03-15 12:02:10.729598,2026-03-15 12:02:13.587858,0 days 00:00:02.858260,0.5802320782053054,0.007516549032999143,3,800,COMPLETE
10,34.86761900279448,2026-03-15 12:02:13.589863,2026-03-15 12:02:14.046288,0 days 00:00:00.456425,0.822276579696507,0.038031243164975116,3,100,COMPLETE
11,32.29480686627486,2026-03-15 12:02:14.046288,2026-03-15 12:02:24.321445,0 days 00:00:10.275157,0.5065315952065328,0.02197435303783961,10,200,COMPLETE
12,31.982530481801167,2026-03-15 12:02:24.323449,2026-03-15 12:02:28.269930,0 days 00:00:03.946481,0.9981678808689689,0.00797973964831963,5,600,COMPLETE
13,30.397146208920766,2026-03-15 12:02:28.271934,2026-03-15 12:02:58.207579,0 days 00:00:29.935645,0.7724293173169827,0.051639389683507675,9,1000,COMPLETE
14,30.489806189261408,2026-03-15 12:02:58.207579,2026-03-15 12:03:28.426187,0 days 00:00:30.218608,0.8128769830323015,0.06071231551356074,9,1000,COMPLETE
15,30.5232046738089,2026-03-15 12:03:28.426187,2026-03-15 12:03:58.305806,0 days 00:00:29.879619,0.8057899662245823,0.07074298297895679,9,1000,COMPLETE
16,30.370965180739795,2026-03-15 12:03:58.305806,2026-03-15 12:04:28.300376,0 days 00:00:29.994570,0.8020009359272925,0.071654128520587,9,1000,COMPLETE
17,30.767460956259185,2026-03-15 12:04:28.300376,2026-03-15 12:04:56.299384,0 days 00:00:27.999008,0.7616898731585221,0.10414985297228853,9,1000,COMPLETE
18,31.0135587782979,2026-03-15 12:04:56.299384,2026-03-15 12:05:38.021633,0 days 00:00:41.722249,0.8758371459254677,0.029036219276312194,10,900,COMPLETE
19,30.112391812102583,2026-03-15 12:05:38.021633,2026-03-15 12:06:01.457250,0 days 00:00:23.435617,0.9634434798154681,0.045595967388230706,9,700,COMPLETE
20,29.545241757812732,2026-03-15 12:06:01.457250,2026-03-15 12:06:07.803751,0 days 00:00:06.346501,0.966928610037681,0.11393823476838018,6,700,COMPLETE
21,29.399306990485563,2026-03-15 12:06:07.805755,2026-03-15 12:06:14.123053,0 days 00:00:06.317298,0.9969745534572352,0.10270563493905124,6,700,COMPLETE
22,29.05938410550035,2026-03-15 12:06:14.123053,2026-03-15 12:06:20.409433,0 days 00:00:06.286380,0.994983554632835,0.13967017315097427,6,700,COMPLETE
23,29.526791219274543,2026-03-15 12:06:20.409433,2026-03-15 12:06:26.623688,0 days 00:00:06.214255,0.9499697035237217,0.16008856704046898,6,700,COMPLETE
24,29.182772325536376,2026-03-15 12:06:26.623688,2026-03-15 12:06:29.763992,0 days 00:00:03.140304,0.9312600992948015,0.1706420600570882,4,700,COMPLETE
25,29.381728159443348,2026-03-15 12:06:29.766003,2026-03-15 12:06:32.513043,0 days 00:00:02.747040,0.9991758885612405,0.18753955196685868,4,600,COMPLETE
26,29.994515494210066,2026-03-15 12:06:32.513043,2026-03-15 12:06:34.359619,0 days 00:00:01.846576,0.9276361689249355,0.2059852385813658,4,400,COMPLETE
27,29.774626048845754,2026-03-15 12:06:34.361631,2026-03-15 12:06:37.047606,0 days 00:00:02.685975,0.8615454847790558,0.24068287908467692,4,600,COMPLETE
28,28.83721112579359,2026-03-15 12:06:37.047606,2026-03-15 12:06:41.271572,0 days 00:00:04.223966,0.9342554264942152,0.13420331381646947,4,900,COMPLETE
29,33.192720808849764,2026-03-15 12:06:41.271572,2026-03-15 12:06:46.944441,0 days 00:00:05.672869,0.8485732209809485,0.0034112580574400786,5,900,COMPLETE
30,30.094637789916607,2026-03-15 12:06:46.944441,2026-03-15 12:06:49.896653,0 days 00:00:02.952212,0.9353221864191166,0.1115059662637007,3,900,COMPLETE
31,29.25210867995123,2026-03-15 12:06:49.896653,2026-03-15 12:06:51.387374,0 days 00:00:01.490721,0.9681675520682632,0.16421920058590264,4,300,COMPLETE
32,29.912661644940663,2026-03-15 12:06:51.387374,2026-03-15 12:06:52.783573,0 days 00:00:01.396199,0.8970637231667996,0.08412378638776932,4,300,COMPLETE
33,29.301094251751486,2026-03-15 12:06:52.783573,2026-03-15 12:06:54.214517,0 days 00:00:01.430944,0.9599077995933397,0.14632137193048864,4,300,COMPLETE
34,29.509830625271043,2026-03-15 12:06:54.214517,2026-03-15 12:06:59.121941,0 days 00:00:04.907424,0.9264832294981039,0.2583530898833828,5,800,COMPLETE
35,37.31026845048426,2026-03-15 12:06:59.121941,2026-03-15 12:07:00.709291,0 days 00:00:01.587350,0.892642873204689,0.014995820296517165,7,100,COMPLETE
36,30.074936557994004,2026-03-15 12:07:00.711298,2026-03-15 12:07:02.107943,0 days 00:00:01.396645,0.9767473769666378,0.1436131173056423,3,400,COMPLETE
37,32.58137622604975,2026-03-15 12:07:02.107943,2026-03-15 12:07:07.907058,0 days 00:00:05.799115,0.9237762736605812,0.004128147133410481,5,900,COMPLETE
38,29.953258287641624,2026-03-15 12:07:07.909064,2026-03-15 12:07:10.960748,0 days 00:00:03.051684,0.8424722140364421,0.29779942396441156,4,700,COMPLETE
39,29.55561224288735,2026-03-15 12:07:10.960748,2026-03-15 12:07:17.735875,0 days 00:00:06.775127,0.8796093044932757,0.03999232889982621,7,500,COMPLETE
40,29.83514961351159,2026-03-15 12:07:17.735875,2026-03-15 12:07:20.175465,0 days 00:00:02.439590,0.6292730867266547,0.08774128190396167,3,800,COMPLETE
41,29.363120418505424,2026-03-15 12:07:20.175465,2026-03-15 12:07:21.598984,0 days 00:00:01.423519,0.9514064817502571,0.16062009854740125,4,300,COMPLETE
42,29.608073615960897,2026-03-15 12:07:21.600989,2026-03-15 12:07:22.937571,0 days 00:00:01.336582,0.9689160685098864,0.13256185407197146,5,200,COMPLETE
43,29.433912646856697,2026-03-15 12:07:22.937571,2026-03-15 12:07:24.342338,0 days 00:00:01.404767,0.9430323017185942,0.17948348783720153,4,300,COMPLETE
44,29.559017538697418,2026-03-15 12:07:24.342338,2026-03-15 12:07:25.672080,0 days 00:00:01.329742,0.9133159270341842,0.13282732447884255,5,200,COMPLETE
45,32.3937589129846,2026-03-15 12:07:25.672080,2026-03-15 12:07:27.073887,0 days 00:00:01.401807,0.9789824706478263,0.028479126271757693,3,400,COMPLETE
46,30.838681190658132,2026-03-15 12:07:27.073887,2026-03-15 12:07:29.224095,0 days 00:00:02.150208,0.7079458091653439,0.21087946980517083,4,500,COMPLETE
47,29.432499582207477,2026-03-15 12:07:29.226101,2026-03-15 12:07:34.634148,0 days 00:00:05.408047,0.9028754040314619,0.0553357011561863,6,600,COMPLETE
48,31.17692809005892,2026-03-15 12:07:34.634148,2026-03-15 12:07:35.702793,0 days 00:00:01.068645,0.9874612911558697,0.08947842916467529,3,300,COMPLETE
49,30.732694919657398,2026-03-15 12:07:35.702793,2026-03-15 12:07:40.837232,0 days 00:00:05.134439,0.9530769225323016,0.011333340196646453,5,800,COMPLETE
50,32.16256563444086,2026-03-15 12:07:40.839238,2026-03-15 12:07:41.337630,0 days 00:00:00.498392,0.533904965751593,0.06901801884172686,4,100,COMPLETE
51,29.467056400420525,2026-03-15 12:07:41.337630,2026-03-15 12:07:42.774486,0 days 00:00:01.436856,0.9557324062091855,0.16030294788036628,4,300,COMPLETE
52,30.337946951980268,2026-03-15 12:07:42.774486,2026-03-15 12:07:43.751624,0 days 00:00:00.977138,0.9452731766500665,0.13333794968574758,4,200,COMPLETE
53,30.24654939487386,2026-03-15 12:07:43.751624,2026-03-15 12:07:44.808840,0 days 00:00:01.057216,0.9121614469933104,0.2957619146085421,3,300,COMPLETE
54,29.024903673758047,2026-03-15 12:07:44.810846,2026-03-15 12:07:46.678614,0 days 00:00:01.867768,0.9797072872953719,0.2152849849607073,4,400,COMPLETE
55,30.116017619219953,2026-03-15 12:07:46.680618,2026-03-15 12:07:55.289973,0 days 00:00:08.609355,0.979241748711798,0.21810782207393073,8,400,COMPLETE
56,29.71400376228518,2026-03-15 12:07:55.289973,2026-03-15 12:07:57.908021,0 days 00:00:02.618048,0.9994071042310304,0.18096400612548325,5,400,COMPLETE
57,49.68366396558516,2026-03-15 12:07:57.910025,2026-03-15 12:07:59.969013,0 days 00:00:02.058988,0.8735683839927725,0.0010695607552146482,3,600,COMPLETE
58,29.30532516253232,2026-03-15 12:07:59.969013,2026-03-15 12:08:03.153118,0 days 00:00:03.184105,0.9722624872350096,0.12501600192012066,5,500,COMPLETE
59,29.41125062505941,2026-03-15 12:08:03.153118,2026-03-15 12:08:06.615031,0 days 00:00:03.461913,0.7868038702494393,0.09700820555697039,4,800,COMPLETE
60,30.153575036676575,2026-03-15 12:08:06.615031,2026-03-15 12:08:08.261360,0 days 00:00:01.646329,0.6467687729703815,0.23538809620751006,6,200,COMPLETE
61,28.929112252668197,2026-03-15 12:08:08.261360,2026-03-15 12:08:11.453943,0 days 00:00:03.192583,0.9640687203753985,0.11730508640856073,5,500,COMPLETE
62,29.218630308969136,2026-03-15 12:08:11.453943,2026-03-15 12:08:14.606449,0 days 00:00:03.152506,0.9326283983787834,0.07327262235854996,5,500,COMPLETE
63,29.04605807202118,2026-03-15 12:08:14.608200,2026-03-15 12:08:17.757641,0 days 00:00:03.149441,0.930776776769399,0.07302344654291984,5,500,COMPLETE
64,29.499700779369114,2026-03-15 12:08:17.757641,2026-03-15 12:08:22.295039,0 days 00:00:04.537398,0.9336822995410967,0.06513889147621495,6,500,COMPLETE
65,29.49083247624576,2026-03-15 12:08:22.295039,2026-03-15 12:08:25.365656,0 days 00:00:03.070617,0.8971384730689038,0.048069058860349435,5,500,COMPLETE
66,29.619144568806064,2026-03-15 12:08:25.367402,2026-03-15 12:08:33.639736,0 days 00:00:08.272334,0.9245959750268313,0.03179701329989767,7,600,COMPLETE
67,28.87693413218189,2026-03-15 12:08:33.641740,2026-03-15 12:08:36.803543,0 days 00:00:03.161803,0.9861051914007002,0.0851428359555443,5,500,COMPLETE
68,29.633909211629714,2026-03-15 12:08:36.803543,2026-03-15 12:08:42.533768,0 days 00:00:05.730225,0.9928910189391813,0.1085330622966294,6,600,COMPLETE
69,29.072391503305028,2026-03-15 12:08:42.533768,2026-03-15 12:08:47.254659,0 days 00:00:04.720891,0.984495158624761,0.08204352125495187,5,700,COMPLETE
70,29.18055088299446,2026-03-15 12:08:47.254659,2026-03-15 12:08:50.183371,0 days 00:00:02.928712,0.7263004672618455,0.0843432703603,5,500,COMPLETE
71,29.2234557616649,2026-03-15 12:08:50.185377,2026-03-15 12:08:53.220661,0 days 00:00:03.035284,0.7374761312293497,0.07924898205890586,5,500,COMPLETE
72,29.48177574126138,2026-03-15 12:08:53.222665,2026-03-15 12:08:55.589611,0 days 00:00:02.366946,0.7108827968711628,0.06151202280911938,5,400,COMPLETE
73,29.163438866139803,2026-03-15 12:08:55.589611,2026-03-15 12:08:59.269406,0 days 00:00:03.679795,0.9846609035791484,0.11996363181671252,6,400,COMPLETE
74,29.48236128495069,2026-03-15 12:08:59.269406,2026-03-15 12:09:02.951450,0 days 00:00:03.682044,0.9846850752021162,0.11045122493769059,6,400,COMPLETE
75,29.671901143432514,2026-03-15 12:09:02.951450,2026-03-15 12:09:08.626757,0 days 00:00:05.675307,0.9626817586459432,0.04126505133479329,7,400,COMPLETE
76,29.675147312695355,2026-03-15 12:09:08.626757,2026-03-15 12:09:16.715474,0 days 00:00:08.088717,0.9857252135377874,0.09789297158306685,6,900,COMPLETE
77,29.28518169591688,2026-03-15 12:09:16.715474,2026-03-15 12:09:22.948382,0 days 00:00:06.232908,0.9446575258049681,0.05746037696780473,6,700,COMPLETE
78,29.65810059759251,2026-03-15 12:09:22.948382,2026-03-15 12:09:28.308448,0 days 00:00:05.360066,0.9993630358287927,0.1955496946796018,6,600,COMPLETE
79,29.375622131492104,2026-03-15 12:09:28.308448,2026-03-15 12:09:30.866826,0 days 00:00:02.558378,0.9713669315200224,0.11593024164297752,5,400,COMPLETE
80,29.39708393319203,2026-03-15 12:09:30.868573,2026-03-15 12:09:35.387245,0 days 00:00:04.518672,0.9585724299960244,0.13890584531706304,6,500,COMPLETE
81,29.222277294775306,2026-03-15 12:09:35.389249,2026-03-15 12:09:38.354593,0 days 00:00:02.965344,0.755964873696353,0.09540089837329885,5,500,COMPLETE
82,29.31110316108065,2026-03-15 12:09:38.354593,2026-03-15 12:09:41.273028,0 days 00:00:02.918435,0.7142805474707395,0.08241976475445427,5,500,COMPLETE
83,29.77498504831068,2026-03-15 12:09:41.275035,2026-03-15 12:09:43.883105,0 days 00:00:02.608070,0.9826711957083026,0.12067989003299129,5,400,COMPLETE
84,29.227663432456204,2026-03-15 12:09:43.883105,2026-03-15 12:09:47.347164,0 days 00:00:03.464059,0.7365156678883479,0.07558969817704204,5,600,COMPLETE
85,29.178565782467945,2026-03-15 12:09:47.347164,2026-03-15 12:09:53.598717,0 days 00:00:06.251553,0.9190510373561542,0.05301636942078623,6,700,COMPLETE
86,29.67322992675177,2026-03-15 12:09:53.598717,2026-03-15 12:10:03.132418,0 days 00:00:09.533701,0.9204208368765444,0.15913509486366484,7,700,COMPLETE
87,29.75287329471208,2026-03-15 12:10:03.132418,2026-03-15 12:10:09.516821,0 days 00:00:06.384403,0.9379386885481905,0.02011402373371273,6,700,COMPLETE
88,30.007646566058884,2026-03-15 12:10:09.518826,2026-03-15 12:10:17.494267,0 days 00:00:07.975441,0.966882127417252,0.25464401841521983,6,900,COMPLETE
89,29.532426243014037,2026-03-15 12:10:17.494267,2026-03-15 12:10:25.645766,0 days 00:00:08.151499,0.9496873302429387,0.048758007921237544,7,600,COMPLETE
90,29.35240502047884,2026-03-15 12:10:25.645766,2026-03-15 12:10:31.928301,0 days 00:00:06.282535,0.9057631958771032,0.034474915876509436,6,700,COMPLETE
91,29.2363804433496,2026-03-15 12:10:31.928301,2026-03-15 12:10:34.799844,0 days 00:00:02.871543,0.6865872299032535,0.08837125312881548,5,500,COMPLETE
92,29.058803994588544,2026-03-15 12:10:34.799844,2026-03-15 12:10:39.330391,0 days 00:00:04.530547,0.9894015216918436,0.06346887102590235,4,1000,COMPLETE
93,29.165023853168616,2026-03-15 12:10:39.330391,2026-03-15 12:10:42.979907,0 days 00:00:03.649516,0.9912026417916524,0.0651656883329637,4,800,COMPLETE
94,29.105421087875264,2026-03-15 12:10:42.979907,2026-03-15 12:10:47.481890,0 days 00:00:04.501983,0.9872353066184301,0.06867712128943318,4,1000,COMPLETE
95,29.21272032759624,2026-03-15 12:10:47.481890,2026-03-15 12:10:51.553198,0 days 00:00:04.071308,0.9820304669506728,0.14783560069437696,4,900,COMPLETE
96,37.34483993022654,2026-03-15 12:10:51.555207,2026-03-15 12:10:56.355536,0 days 00:00:04.800329,0.9753019586395012,0.0018582893841330083,4,1000,COMPLETE
97,28.572831202552162,2026-03-15 12:10:56.355536,2026-03-15 12:11:00.879598,0 days 00:00:04.524062,0.9638690209173018,0.10252748772562091,4,1000,COMPLETE
98,28.986660797660086,2026-03-15 12:11:00.881602,2026-03-15 12:11:05.398825,0 days 00:00:04.517223,0.9608228949932625,0.07446279221885814,4,1000,COMPLETE
99,29.236408960299606,2026-03-15 12:11:05.398825,2026-03-15 12:11:09.913000,0 days 00:00:04.514175,0.9594316716722178,0.10137277869955255,4,1000,COMPLETE
100,29.153449902651595,2026-03-15 12:11:09.913000,2026-03-15 12:11:14.710093,0 days 00:00:04.797093,0.9446752142845991,0.18813174579987244,4,1000,COMPLETE
101,28.7010966327341,2026-03-15 12:11:14.711104,2026-03-15 12:11:19.250944,0 days 00:00:04.539840,0.9665387497002322,0.06944596637537687,4,1000,COMPLETE
102,29.002489424187893,2026-03-15 12:11:19.250944,2026-03-15 12:11:23.758724,0 days 00:00:04.507780,0.9664600617753858,0.05927226008633058,4,1000,COMPLETE
103,30.43643709026535,2026-03-15 12:11:23.758724,2026-03-15 12:11:27.073475,0 days 00:00:03.314751,0.9643707399256561,0.05706493122670862,3,1000,COMPLETE
104,29.27042290931622,2026-03-15 12:11:27.073475,2026-03-15 12:11:31.467232,0 days 00:00:04.393757,0.8842984129705032,0.04269889790007686,4,1000,COMPLETE
105,29.119526550251795,2026-03-15 12:11:31.467232,2026-03-15 12:11:35.532893,0 days 00:00:04.065661,0.9540479660886726,0.07548482007256135,4,900,COMPLETE
106,31.15747739714447,2026-03-15 12:11:35.532893,2026-03-15 12:11:38.950264,0 days 00:00:03.417371,0.9389588480148051,0.0258473034945578,3,1000,COMPLETE
107,29.32447362856636,2026-03-15 12:11:38.952271,2026-03-15 12:11:43.567507,0 days 00:00:04.615236,0.9707574474675503,0.03663091246812226,4,1000,COMPLETE
108,28.95333534848178,2026-03-15 12:11:43.567507,2026-03-15 12:11:47.683218,0 days 00:00:04.115711,0.998807440401276,0.09541813222464242,4,900,COMPLETE
109,29.320587719664566,2026-03-15 12:11:47.683218,2026-03-15 12:11:51.288018,0 days 00:00:03.604800,0.5695514466496242,0.06067147797902616,4,900,COMPLETE
110,28.990187117622128,2026-03-15 12:11:51.290031,2026-03-15 12:11:55.778027,0 days 00:00:04.487996,0.997780546164632,0.045805123470148396,4,1000,COMPLETE
111,29.222752619963707,2026-03-15 12:11:55.778027,2026-03-15 12:12:00.274838,0 days 00:00:04.496811,0.9984158301583193,0.04605838351463049,4,1000,COMPLETE
112,28.891919792555722,2026-03-15 12:12:00.274838,2026-03-15 12:12:04.755343,0 days 00:00:04.480505,0.9749377945019969,0.09261657505645471,4,1000,COMPLETE
113,30.180102884013206,2026-03-15 12:12:04.755343,2026-03-15 12:12:07.740952,0 days 00:00:02.985609,0.9754877337905419,0.09310050774687023,3,900,COMPLETE
114,29.02339114477898,2026-03-15 12:12:07.740952,2026-03-15 12:12:12.225948,0 days 00:00:04.484996,0.9560281667703748,0.1099663407875805,4,1000,COMPLETE
115,29.28599542883004,2026-03-15 12:12:12.225948,2026-03-15 12:12:16.710614,0 days 00:00:04.484666,0.9578893212503996,0.1060532226810289,4,1000,COMPLETE
116,29.13648341435026,2026-03-15 12:12:16.712619,2026-03-15 12:12:21.180258,0 days 00:00:04.467639,0.9683424706731089,0.12340395637309973,4,1000,COMPLETE
117,30.01887756956785,2026-03-15 12:12:21.180258,2026-03-15 12:12:24.093190,0 days 00:00:02.912932,0.9499266393531293,0.10939439222715093,3,900,COMPLETE
118,29.164867367029835,2026-03-15 12:12:24.093190,2026-03-15 12:12:28.566956,0 days 00:00:04.473766,0.9759603221503572,0.08790567425367786,4,1000,COMPLETE
119,28.96770824407927,2026-03-15 12:12:28.566956,2026-03-15 12:12:32.597416,0 days 00:00:04.030460,0.9597341308953761,0.0993991875405498,4,900,COMPLETE
120,29.327414463852072,2026-03-15 12:12:32.597416,2026-03-15 12:12:36.569312,0 days 00:00:03.971896,0.9403483587599241,0.05185173601416797,4,900,COMPLETE
121,28.673604972359932,2026-03-15 12:12:36.569312,2026-03-15 12:12:41.045652,0 days 00:00:04.476340,0.966401673310744,0.09816549902461692,4,1000,COMPLETE
122,28.99131994494307,2026-03-15 12:12:41.047657,2026-03-15 12:12:45.543192,0 days 00:00:04.495535,0.9605152639375437,0.09715521739734861,4,1000,COMPLETE
123,28.754385531880853,2026-03-15 12:12:45.543192,2026-03-15 12:12:49.589753,0 days 00:00:04.046561,0.9994192971074297,0.07818718297298839,4,900,COMPLETE
124,28.650998342226046,2026-03-15 12:12:49.589753,2026-03-15 12:12:53.633472,0 days 00:00:04.043719,0.9993712493574675,0.09817973184847158,4,900,COMPLETE
125,30.202988153491084,2026-03-15 12:12:53.633472,2026-03-15 12:12:56.611657,0 days 00:00:02.978185,0.9985162542809406,0.07946748917877103,3,900,COMPLETE
126,29.391956955007934,2026-03-15 12:12:56.611657,2026-03-15 12:13:00.647262,0 days 00:00:04.035605,0.9912830498327475,0.13354623342072436,4,900,COMPLETE
127,29.347700244064775,2026-03-15 12:13:00.647262,2026-03-15 12:13:04.509693,0 days 00:00:03.862431,0.8336339789637058,0.07080867619392776,4,900,COMPLETE
128,29.437271848206727,2026-03-15 12:13:04.511697,2026-03-15 12:13:08.541661,0 days 00:00:04.029964,0.9999604469530231,0.12492954931322679,4,900,COMPLETE
129,30.17142138287469,2026-03-15 12:13:08.543667,2026-03-15 12:13:11.581077,0 days 00:00:03.037410,0.9766646382156399,0.0899907806579144,3,900,COMPLETE
130,28.85225760649119,2026-03-15 12:13:11.581077,2026-03-15 12:13:15.204865,0 days 00:00:03.623788,0.9750284652604412,0.09912906344766696,4,800,COMPLETE
131,29.16373452281506,2026-03-15 12:13:15.204865,2026-03-15 12:13:18.815591,0 days 00:00:03.610726,0.9891989923426384,0.09982173575820857,4,800,COMPLETE
132,28.99957601319985,2026-03-15 12:13:18.815591,2026-03-15 12:13:22.405896,0 days 00:00:03.590305,0.9791897515617747,0.07812411611662332,4,800,COMPLETE
133,28.97948066569477,2026-03-15 12:13:22.405896,2026-03-15 12:13:26.423569,0 days 00:00:04.017673,0.9688934961562953,0.14054298184664607,4,900,COMPLETE
134,29.161310122683254,2026-03-15 12:13:26.423569,2026-03-15 12:13:30.455681,0 days 00:00:04.032112,0.9482723848392002,0.15093327292042322,4,900,COMPLETE
135,28.870264134476116,2026-03-15 12:13:30.457686,2026-03-15 12:13:34.452475,0 days 00:00:03.994789,0.9686944975616723,0.16988449729245247,4,900,COMPLETE
136,29.1470979865517,2026-03-15 12:13:34.452475,2026-03-15 12:13:38.043274,0 days 00:00:03.590799,0.96794182716009,0.17072576924333613,4,800,COMPLETE
137,28.803025792592315,2026-03-15 12:13:38.045279,2026-03-15 12:13:42.024444,0 days 00:00:03.979165,0.9319437379747333,0.1388081700571413,4,900,COMPLETE
138,29.25792803535338,2026-03-15 12:13:42.024444,2026-03-15 12:13:46.001005,0 days 00:00:03.976561,0.9296199182177097,0.11944678515562057,4,900,COMPLETE
139,33.93659081080581,2026-03-15 12:13:46.001005,2026-03-15 12:13:48.984012,0 days 00:00:02.983007,0.9383576979292588,0.005561254828585096,3,900,COMPLETE
140,28.87161336166609,2026-03-15 12:13:48.984012,2026-03-15 12:13:52.641956,0 days 00:00:03.657944,0.9506562499148352,0.17616554191693484,4,800,COMPLETE
141,28.81992562945905,2026-03-15 12:13:52.641956,2026-03-15 12:13:56.183181,0 days 00:00:03.541225,0.9202802799131717,0.1690391065335017,4,800,COMPLETE
142,29.347146628325742,2026-03-15 12:13:56.183181,2026-03-15 12:13:59.722490,0 days 00:00:03.539309,0.9475876084004557,0.2045985850660256,4,800,COMPLETE
143,29.298940129450802,2026-03-15 12:13:59.722490,2026-03-15 12:14:03.258809,0 days 00:00:03.536319,0.9207585862876069,0.15439669869316633,4,800,COMPLETE
144,29.183745620888978,2026-03-15 12:14:03.258809,2026-03-15 12:14:06.792185,0 days 00:00:03.533376,0.9070266601063013,0.17260389014936592,4,800,COMPLETE
145,29.045847071518608,2026-03-15 12:14:06.792185,2026-03-15 12:14:10.386702,0 days 00:00:03.594517,0.9838738540652971,0.13663980708009507,4,800,COMPLETE
146,29.305208284304815,2026-03-15 12:14:10.386702,2026-03-15 12:14:14.391912,0 days 00:00:04.005210,0.9294685434023549,0.18862296523963548,4,900,COMPLETE
147,29.029219520897463,2026-03-15 12:14:14.391912,2026-03-15 12:14:17.988793,0 days 00:00:03.596881,0.9772979054549196,0.11814573669852958,4,800,COMPLETE
148,29.400065702720166,2026-03-15 12:14:17.988793,2026-03-15 12:14:23.464657,0 days 00:00:05.475864,0.9890758165672456,0.24659417919245305,5,900,COMPLETE
149,29.042351090912508,2026-03-15 12:14:23.464657,2026-03-15 12:14:27.850061,0 days 00:00:04.385404,0.9483292464119073,0.15784019988228232,4,1000,COMPLETE
150,31.225318800917243,2026-03-15 12:14:27.850061,2026-03-15 12:15:01.495608,0 days 00:00:33.645547,0.9687676658385573,0.12832889872330377,10,900,COMPLETE
151,29.0790689731523,2026-03-15 12:15:01.497613,2026-03-15 12:15:05.576375,0 days 00:00:04.078762,0.9636792184780737,0.1019021927571042,4,900,COMPLETE
152,28.98190385927736,2026-03-15 12:15:05.576375,2026-03-15 12:15:09.593715,0 days 00:00:04.017340,0.9150665143112948,0.08739966790461749,4,900,COMPLETE
153,28.797640726415914,2026-03-15 12:15:09.593715,2026-03-15 12:15:13.646509,0 days 00:00:04.052794,0.9550394641517732,0.10625633527877351,4,900,COMPLETE
154,29.32392068209119,2026-03-15 12:15:13.648514,2026-03-15 12:15:18.346867,0 days 00:00:04.698353,0.9367367590656703,0.11696814510388114,4,1000,COMPLETE
155,29.40677708328488,2026-03-15 12:15:18.346867,2026-03-15 12:15:21.584952,0 days 00:00:03.238085,0.604741057613426,0.14447502167448661,4,800,COMPLETE
156,28.775810192318524,2026-03-15 12:15:21.586956,2026-03-15 12:15:25.637532,0 days 00:00:04.050576,0.9768476522440382,0.11098584198073333,4,900,COMPLETE
157,29.640243103017234,2026-03-15 12:15:25.639036,2026-03-15 12:15:28.954867,0 days 00:00:03.315831,0.953395858827519,0.1069102244190404,3,1000,COMPLETE
158,28.90025756951848,2026-03-15 12:15:28.954867,2026-03-15 12:15:32.575636,0 days 00:00:03.620769,0.9773685443422057,0.13191658151227317,4,800,COMPLETE
159,29.10910778311457,2026-03-15 12:15:32.577640,2026-03-15 12:15:36.249565,0 days 00:00:03.671925,0.9824143437961377,0.17553569257524437,4,800,COMPLETE
160,29.377522041210717,2026-03-15 12:15:36.249565,2026-03-15 12:15:39.857649,0 days 00:00:03.608084,0.9732052520011439,0.2164224159021855,4,800,COMPLETE
161,31.26418962204478,2026-03-15 12:15:39.859653,2026-03-15 12:15:44.349821,0 days 00:00:04.490168,0.9553736842689168,0.011036628291144759,4,900,COMPLETE
162,29.340367202924597,2026-03-15 12:15:44.351826,2026-03-15 12:15:48.344646,0 days 00:00:03.992820,0.9421485356875692,0.14081354269274277,4,900,COMPLETE
163,29.33258812490743,2026-03-15 12:15:48.344646,2026-03-15 12:15:51.967662,0 days 00:00:03.623016,0.9871809535200347,0.11077472084029553,4,800,COMPLETE
164,29.12050152479508,2026-03-15 12:15:51.967662,2026-03-15 12:15:56.025926,0 days 00:00:04.058264,0.9622151703448772,0.13284600063630525,4,900,COMPLETE
165,29.197712804346974,2026-03-15 12:15:56.025926,2026-03-15 12:16:00.516210,0 days 00:00:04.490284,0.9772727216202934,0.08695862956271064,4,1000,COMPLETE
166,29.88716201870692,2026-03-15 12:16:00.516210,2026-03-15 12:16:05.687706,0 days 00:00:05.171496,0.7723151870521588,0.16207089431374572,5,900,COMPLETE
167,28.839949369791913,2026-03-15 12:16:05.687706,2026-03-15 12:16:10.153438,0 days 00:00:04.465732,0.9518630425655539,0.12554256499018238,4,1000,COMPLETE
168,29.71459421424773,2026-03-15 12:16:10.153438,2026-03-15 12:16:14.581176,0 days 00:00:04.427738,0.9339081861626957,0.12701411026392073,4,1000,COMPLETE
169,29.193568696259728,2026-03-15 12:16:14.581176,2026-03-15 12:16:19.081854,0 days 00:00:04.500678,0.9523856227354777,0.08174397444464926,4,1000,COMPLETE
170,29.030142167710757,2026-03-15 12:16:19.081854,2026-03-15 12:16:22.684931,0 days 00:00:03.603077,0.9724044695987146,0.20153328010199215,4,800,COMPLETE
171,29.381976547259313,2026-03-15 12:16:22.686935,2026-03-15 12:16:26.792209,0 days 00:00:04.105274,0.6689295006191412,0.10561961161151874,4,1000,COMPLETE
172,28.841581314192315,2026-03-15 12:16:26.792209,2026-03-15 12:16:31.279835,0 days 00:00:04.487626,0.9893016190194457,0.11804648385459486,4,1000,COMPLETE
173,28.775379861963806,2026-03-15 12:16:31.281847,2026-03-15 12:16:35.768723,0 days 00:00:04.486876,0.9884472547861257,0.09498047046668828,4,1000,COMPLETE
174,28.879860667621273,2026-03-15 12:16:35.768723,2026-03-15 12:16:40.580608,0 days 00:00:04.811885,0.9871857410643435,0.10301151441261072,4,1000,COMPLETE
175,28.7870474471818,2026-03-15 12:16:40.580608,2026-03-15 12:16:45.086638,0 days 00:00:04.506030,0.9883785277340664,0.10828535391089904,4,1000,COMPLETE
176,29.15046579907102,2026-03-15 12:16:45.086638,2026-03-15 12:16:49.720814,0 days 00:00:04.634176,0.9905540676275236,0.14996020537422095,4,1000,COMPLETE
177,29.196112571724722,2026-03-15 12:16:49.722818,2026-03-15 12:16:54.243721,0 days 00:00:04.520903,0.9900342169455628,0.12176379225798281,4,1000,COMPLETE
178,28.919342451697865,2026-03-15 12:16:54.245725,2026-03-15 12:16:58.716519,0 days 00:00:04.470794,0.9996271316017733,0.11358816440910272,4,1000,COMPLETE
179,30.13971907947137,2026-03-15 12:16:58.716519,2026-03-15 12:17:02.028333,0 days 00:00:03.311814,0.9602021307764785,0.0929762539818659,3,1000,COMPLETE
180,28.880949658024225,2026-03-15 12:17:02.030079,2026-03-15 12:17:06.458088,0 days 00:00:04.428009,0.9418643732544313,0.06834570987555079,4,1000,COMPLETE
181,28.90515005495438,2026-03-15 12:17:06.458088,2026-03-15 12:17:10.931497,0 days 00:00:04.473409,0.9830746601073048,0.10137909271467578,4,1000,COMPLETE
182,29.067993494102687,2026-03-15 12:17:10.931497,2026-03-15 12:17:15.428772,0 days 00:00:04.497275,0.9905140131729226,0.08055945259881893,4,1000,COMPLETE
183,29.326408539785177,2026-03-15 12:17:15.430778,2026-03-15 12:17:19.911786,0 days 00:00:04.481008,0.9727079549389973,0.10607947672222344,4,1000,COMPLETE
184,28.927535282583015,2026-03-15 12:17:19.913796,2026-03-15 12:17:24.029737,0 days 00:00:04.115941,0.9869253528855672,0.09351029191911428,4,900,COMPLETE
185,28.576259816012275,2026-03-15 12:17:24.029737,2026-03-15 12:17:28.505322,0 days 00:00:04.475585,0.9660658136461857,0.17969445034509576,4,1000,COMPLETE
186,29.194468208674806,2026-03-15 12:17:28.505322,2026-03-15 12:17:32.977367,0 days 00:00:04.472045,0.9651247842211254,0.17243633337123657,4,1000,COMPLETE
187,28.981762574612873,2026-03-15 12:17:32.977367,2026-03-15 12:17:36.966512,0 days 00:00:03.989145,0.9244360239682805,0.18156847227264047,4,900,COMPLETE
188,28.797554509583485,2026-03-15 12:17:36.966512,2026-03-15 12:17:41.099130,0 days 00:00:04.132618,0.9517631832752393,0.1535236267841454,4,900,COMPLETE
189,30.59066055798554,2026-03-15 12:17:41.101134,2026-03-15 12:17:58.831290,0 days 00:00:17.730156,0.9490564003509219,0.15419239015994285,8,900,COMPLETE
190,28.592928572897442,2026-03-15 12:17:58.831290,2026-03-15 12:18:02.903469,0 days 00:00:04.072179,0.9575877223979722,0.1419410575938568,4,900,COMPLETE
191,28.504641735089876,2026-03-15 12:18:02.903469,2026-03-15 12:18:06.981854,0 days 00:00:04.078385,0.9562090301450688,0.14193036037659673,4,900,COMPLETE
192,28.977292097150023,2026-03-15 12:18:06.983860,2026-03-15 12:18:11.393765,0 days 00:00:04.409905,0.9580854862645877,0.14144436998963777,4,900,COMPLETE
193,28.921915376396008,2026-03-15 12:18:11.395768,2026-03-15 12:18:15.606251,0 days 00:00:04.210483,0.9660604583826625,0.12657333972392298,4,900,COMPLETE
194,29.081682498795356,2026-03-15 12:18:15.607997,2026-03-15 12:18:19.619009,0 days 00:00:04.011012,0.9414563341692606,0.15317644176721576,4,900,COMPLETE
195,29.049793911289214,2026-03-15 12:18:19.621013,2026-03-15 12:18:23.631358,0 days 00:00:04.010345,0.9299291641625586,0.1150239438419549,4,900,COMPLETE
196,28.99338241738106,2026-03-15 12:18:23.631358,2026-03-15 12:18:27.692831,0 days 00:00:04.061473,0.9713391522610435,0.13313065062907078,4,900,COMPLETE
197,30.1048422768471,2026-03-15 12:18:27.694836,2026-03-15 12:18:31.749330,0 days 00:00:04.054494,0.953475743034828,0.23085660007870945,4,900,COMPLETE
198,29.470878202195696,2026-03-15 12:18:31.749330,2026-03-15 12:18:36.243961,0 days 00:00:04.494631,0.9780844295033286,0.1921509802586453,4,1000,COMPLETE
199,29.235099036170862,2026-03-15 12:18:36.245966,2026-03-15 12:18:40.564700,0 days 00:00:04.318734,0.9579961949307894,0.16160898409777405,4,900,COMPLETE
200,29.215133811687203,2026-03-15 12:18:40.566706,2026-03-15 12:18:45.021753,0 days 00:00:04.455047,0.9435996067008706,0.12137097173656398,4,1000,COMPLETE
201,28.977455913951566,2026-03-15 12:18:45.021753,2026-03-15 12:18:49.439010,0 days 00:00:04.417257,0.9483716673934202,0.18640494999631077,4,900,COMPLETE
202,29.185387640481746,2026-03-15 12:18:49.439010,2026-03-15 12:18:53.673342,0 days 00:00:04.234332,0.9678385972308584,0.14460311537289383,4,900,COMPLETE
203,28.95755838498774,2026-03-15 12:18:53.675346,2026-03-15 12:18:58.041898,0 days 00:00:04.366552,0.8596809877683279,0.16845430755752988,4,1000,COMPLETE
204,28.732177575074406,2026-03-15 12:18:58.043903,2026-03-15 12:19:01.963699,0 days 00:00:03.919796,0.8039804467118143,0.1317173667266955,4,900,COMPLETE
205,28.74504145581447,2026-03-15 12:19:01.963699,2026-03-15 12:19:06.048611,0 days 00:00:04.084912,0.9814444570010399,0.1324345846066541,4,900,COMPLETE
206,29.090141550188026,2026-03-15 12:19:06.048611,2026-03-15 12:19:10.116200,0 days 00:00:04.067589,0.978162435363403,0.11240006680759812,4,900,COMPLETE
207,28.843448625150906,2026-03-15 12:19:10.116200,2026-03-15 12:19:14.184093,0 days 00:00:04.067893,0.9969884426573473,0.12819695187440922,4,900,COMPLETE
208,29.218071303145088,2026-03-15 12:19:14.184093,2026-03-15 12:19:18.186583,0 days 00:00:04.002490,0.8126948537043672,0.13534150028052508,4,900,COMPLETE
209,29.624654763718905,2026-03-15 12:19:18.186583,2026-03-15 12:19:22.052407,0 days 00:00:03.865824,0.792593436764528,0.1296275623784357,4,900,COMPLETE
210,28.847402351671217,2026-03-15 12:19:22.052407,2026-03-15 12:19:26.119045,0 days 00:00:04.066638,0.9963081366275084,0.14173753255658011,4,900,COMPLETE
211,28.77331942323844,2026-03-15 12:19:26.119045,2026-03-15 12:19:30.179689,0 days 00:00:04.060644,0.9958278281583673,0.14709031696314379,4,900,COMPLETE
212,28.910590102860816,2026-03-15 12:19:30.181698,2026-03-15 12:19:34.243544,0 days 00:00:04.061846,0.9949748587180431,0.11707198037404881,4,900,COMPLETE
213,29.10603769723041,2026-03-15 12:19:34.245551,2026-03-15 12:19:38.336340,0 days 00:00:04.090789,0.9978819905316327,0.15079982650758114,4,900,COMPLETE
214,29.10903275302609,2026-03-15 12:19:38.336340,2026-03-15 12:19:42.407222,0 days 00:00:04.070882,0.9836925140712596,0.1238126889300164,4,900,COMPLETE
215,29.374869358849093,2026-03-15 12:19:42.407222,2026-03-15 12:19:46.715022,0 days 00:00:04.307800,0.8283420326119207,0.10937465409272362,4,1000,COMPLETE
216,28.62522707540519,2026-03-15 12:19:46.715022,2026-03-15 12:19:50.811951,0 days 00:00:04.096929,0.9843443979615264,0.1426890426600405,4,900,COMPLETE
217,29.51692698251827,2026-03-15 12:19:50.811951,2026-03-15 12:19:55.312172,0 days 00:00:04.500221,0.9821074198332789,0.15529640598014172,4,1000,COMPLETE
218,28.923968204009935,2026-03-15 12:19:55.312172,2026-03-15 12:19:59.369131,0 days 00:00:04.056959,0.959663703681081,0.14322764533708093,4,900,COMPLETE
219,28.81297936242038,2026-03-15 12:19:59.369131,2026-03-15 12:20:03.811735,0 days 00:00:04.442604,0.9160296039425646,0.09547398649269649,4,1000,COMPLETE
220,28.82098374050177,2026-03-15 12:20:03.813741,2026-03-15 12:20:07.755107,0 days 00:00:03.941366,0.892021803562329,0.09051083981130886,4,900,COMPLETE
221,28.617699716275933,2026-03-15 12:20:07.755107,2026-03-15 12:20:11.780295,0 days 00:00:04.025188,0.910050520445102,0.09334152489420565,4,900,COMPLETE
222,28.914011466946512,2026-03-15 12:20:11.782300,2026-03-15 12:20:15.734185,0 days 00:00:03.951885,0.8934310281260759,0.08685623084926357,4,900,COMPLETE
223,29.07246600840633,2026-03-15 12:20:15.736189,2026-03-15 12:20:19.761088,0 days 00:00:04.024899,0.9054850930538094,0.09082637331594864,4,900,COMPLETE
224,28.828716027797064,2026-03-15 12:20:19.761088,2026-03-15 12:20:23.783343,0 days 00:00:04.022255,0.9275451931025999,0.09741374183454649,4,900,COMPLETE
225,29.021330651901188,2026-03-15 12:20:23.783343,2026-03-15 12:20:27.758862,0 days 00:00:03.975519,0.8911198997466272,0.0773164109700383,4,900,COMPLETE
226,28.722631909191524,2026-03-15 12:20:27.758862,2026-03-15 12:20:31.754315,0 days 00:00:03.995453,0.9112797703651238,0.10264776764006531,4,900,COMPLETE
227,29.020328364802936,2026-03-15 12:20:31.756320,2026-03-15 12:20:35.768494,0 days 00:00:04.012174,0.9127416352268539,0.10404879804330465,4,900,COMPLETE
228,29.05199891485978,2026-03-15 12:20:35.768494,2026-03-15 12:20:39.721504,0 days 00:00:03.953010,0.898518714037233,0.08836676552199453,4,900,COMPLETE
229,29.1480928054414,2026-03-15 12:20:39.721504,2026-03-15 12:20:43.744929,0 days 00:00:04.023425,0.9150412774685768,0.07431842454211572,4,900,COMPLETE
230,28.93762582328957,2026-03-15 12:20:43.744929,2026-03-15 12:20:47.755884,0 days 00:00:04.010955,0.9105811289588018,0.10032354618006115,4,900,COMPLETE
231,28.96651509768401,2026-03-15 12:20:47.755884,2026-03-15 12:20:51.780136,0 days 00:00:04.024252,0.9017859454842221,0.09713666921656118,4,900,COMPLETE
232,29.256231930952243,2026-03-15 12:20:51.780136,2026-03-15 12:20:55.796906,0 days 00:00:04.016770,0.9193062450533822,0.08517816773218063,4,900,COMPLETE
233,28.722601968171073,2026-03-15 12:20:55.796906,2026-03-15 12:20:59.802953,0 days 00:00:04.006047,0.9305487392151695,0.10747298436211007,4,900,COMPLETE
234,29.137339657479675,2026-03-15 12:20:59.802953,2026-03-15 12:21:03.811188,0 days 00:00:04.008235,0.8876878080119321,0.11064853890863012,4,900,COMPLETE
235,28.93118880733801,2026-03-15 12:21:03.811188,2026-03-15 12:21:07.822599,0 days 00:00:04.011411,0.9191552685634553,0.10968161513010888,4,900,COMPLETE
236,28.412682634383703,2026-03-15 12:21:07.822599,2026-03-15 12:21:11.829825,0 days 00:00:04.007226,0.9269213283647485,0.09298868700846465,4,900,COMPLETE
237,29.015904097780794,2026-03-15 12:21:11.829825,2026-03-15 12:21:15.859518,0 days 00:00:04.029693,0.924022542200484,0.07828300717736277,4,900,COMPLETE
238,28.7319285429413,2026-03-15 12:21:15.859518,2026-03-15 12:21:19.865584,0 days 00:00:04.006066,0.9376448311315988,0.10213896455102381,4,900,COMPLETE
239,28.803553452363538,2026-03-15 12:21:19.865584,2026-03-15 12:21:23.888692,0 days 00:00:04.023108,0.9345525375037725,0.09871646798781124,4,900,COMPLETE
240,29.092227212781058,2026-03-15 12:21:23.890697,2026-03-15 12:21:27.900065,0 days 00:00:04.009368,0.9370089939521132,0.10631638915430756,4,900,COMPLETE
241,28.668361633543373,2026-03-15 12:21:27.900065,2026-03-15 12:21:31.922021,0 days 00:00:04.021956,0.9338568198986518,0.09310561914326088,4,900,COMPLETE
242,28.743914902420762,2026-03-15 12:21:31.922021,2026-03-15 12:21:35.936808,0 days 00:00:04.014787,0.9335922469879696,0.08206398389394239,4,900,COMPLETE
243,28.8902553655963,2026-03-15 12:21:35.936808,2026-03-15 12:21:39.959323,0 days 00:00:04.022515,0.9293768727654814,0.0719927396982517,4,900,COMPLETE
244,29.465805405646098,2026-03-15 12:21:39.959323,2026-03-15 12:21:43.981507,0 days 00:00:04.022184,0.9404568295517098,0.08350771442564366,4,900,COMPLETE
245,29.263934921850545,2026-03-15 12:21:43.981507,2026-03-15 12:21:47.987992,0 days 00:00:04.006485,0.9389863292307459,0.11598510101431654,4,900,COMPLETE
246,29.03261115834785,2026-03-15 12:21:47.987992,2026-03-15 12:21:52.051343,0 days 00:00:04.063351,0.9634082712197394,0.09106206710078524,4,900,COMPLETE
247,28.78790367593221,2026-03-15 12:21:52.051343,2026-03-15 12:21:56.064890,0 days 00:00:04.013547,0.9467654292172288,0.10679648777454885,4,900,COMPLETE
248,28.78413894563054,2026-03-15 12:21:56.064890,2026-03-15 12:22:00.079317,0 days 00:00:04.014427,0.9496000477950414,0.08177333443303036,4,900,COMPLETE
249,29.15511519503813,2026-03-15 12:22:00.079317,2026-03-15 12:22:04.084325,0 days 00:00:04.005008,0.9448094800802148,0.06882815092302744,4,900,COMPLETE
