"Date","Price","Open","High","Low","Vol.","Change %"
"05/07/2026","43.770","44.005","44.905","41.505","41.39K","-0.11%"
"05/06/2026","43.820","46.865","47.070","40.500","150.16K","-6.62%"
"05/05/2026","46.926","49.000","49.000","46.550","81.52K","-2.53%"
"05/04/2026","48.143","44.900","49.235","44.500","68.08K","6.21%"
"05/03/2026","45.330","44.900","45.945","44.505","1.10K","-0.95%"
"05/01/2026","45.766","46.485","46.900","44.970","72.38K","-0.48%"
"04/30/2026","45.987","47.165","48.955","45.660","102.13K","-1.85%"
"04/29/2026","46.853","43.540","47.500","43.250","31.67K","7.48%"
"04/28/2026","43.594","44.100","45.500","43.010","77.59K","-2.36%"
"04/27/2026","44.646","44.745","45.845","43.550","86.11K","-0.01%"
"04/26/2026","44.650","44.745","44.800","44.575","1.12K","-0.47%"
"04/24/2026","44.861","44.770","45.745","43.250","102.91K","0.82%"
"04/23/2026","44.496","44.110","46.025","43.785","101.44K","2.17%"
"04/22/2026","43.552","43.300","44.620","41.560","93.98K","3.87%"
"04/21/2026","41.931","39.400","44.485","38.715","95.23K","4.07%"
"04/20/2026","40.292","42.250","43.000","39.385","80.49K","-4.06%"
"04/19/2026","41.995","42.250","43.000","41.995","1.75K","8.32%"
"04/17/2026","38.769","42.015","42.650","38.150","118.00K","-8.61%"
"04/16/2026","42.422","41.500","43.100","40.850","73.22K","2.47%"
"04/15/2026","41.399","42.550","43.425","41.200","81.08K","-4.53%"
"04/14/2026","43.365","45.650","45.845","42.265","78.09K","-6.57%"
"04/13/2026","46.413","50.720","51.300","45.455","90.58K","-6.09%"
"04/12/2026","49.425","50.720","51.300","49.200","3.06K","13.26%"
"04/10/2026","43.638","44.600","45.455","42.795","91.17K","-5.49%"
"04/09/2026","46.175","45.950","46.700","44.155","72.34K","1.93%"
"04/08/2026","45.301","45.000","45.955","42.500","132.69K","-14.92%"
"04/07/2026","53.247","51.580","53.545","48.830","109.75K","6.40%"
"04/02/2026","50.044","50.250","51.700","48.620","103.64K","5.33%"
"04/01/2026","47.510","49.765","50.000","46.765","100.29K","-6.40%"
"03/31/2026","50.757","54.000","54.495","49.850","94.46K","-7.40%"
"03/30/2026","54.814","55.400","56.000","53.350","48.57K","1.18%"
"03/27/2026","54.177","55.750","56.900","53.760","109.86K","-1.89%"
"03/26/2026","55.218","53.750","55.660","53.250","99.90K","4.55%"
"03/25/2026","52.816","50.695","53.250","48.745","123.13K","-2.27%"
"03/24/2026","54.041","57.680","57.825","52.270","127.16K","-4.66%"
"03/23/2026","56.683","60.450","63.150","53.600","183.12K","-4.34%"
"03/20/2026","59.255","60.825","62.450","58.535","111.92K","-4.20%"
"03/19/2026","61.852","69.500","74.000","60.545","220.52K","13.15%"
"03/18/2026","54.662","50.500","56.375","49.530","169.15K","6.02%"
"03/17/2026","51.559","52.000","52.800","51.220","83.37K","1.32%"
"03/16/2026","50.887","51.985","52.480","50.565","84.55K","1.54%"
"03/13/2026","50.115","50.670","52.320","48.435","115.99K","-1.48%"
"03/12/2026","50.870","53.750","53.830","49.900","122.52K","1.76%"
"03/11/2026","49.989","46.565","51.235","46.000","148.89K","5.48%"
"03/10/2026","47.393","48.880","50.495","45.435","145.31K","-16.05%"
"03/09/2026","56.453","62.815","69.500","55.750","167.03K","5.75%"
"03/06/2026","53.385","51.500","53.835","48.000","198.09K","5.23%"
"03/05/2026","50.731","54.775","55.105","47.755","225.10K","4.03%"
"03/04/2026","48.767","58.000","61.405","45.550","344.35K","-10.17%"
"03/03/2026","54.290","46.200","65.790","46.050","458.32K","21.98%"
"03/02/2026","44.506","38.050","49.140","37.960","422.02K","39.26%"
"02/27/2026","31.959","31.525","32.990","31.290","129.59K","-0.82%"
"02/26/2026","32.224","30.570","32.380","30.100","47.87K","3.78%"
"02/25/2026","31.050","30.500","31.600","30.405","103.06K","0.51%"
"02/24/2026","30.891","31.645","32.000","30.380","117.82K","-2.96%"
"02/23/2026","31.834","30.600","32.150","30.250","120.62K","-0.61%"
"02/20/2026","32.029","33.000","34.030","31.350","131.30K","-4.46%"
"02/19/2026","33.523","32.200","34.405","32.100","179.11K","6.49%"
"02/18/2026","31.481","29.555","31.980","29.265","144.28K","5.56%"
"02/17/2026","29.822","30.150","30.700","29.520","113.50K","-3.50%"
"02/16/2026","30.903","30.250","31.340","30.250","79.48K","-4.91%"
"02/13/2026","32.500","31.750","32.775","31.575","91.06K","-1.50%"
"02/12/2026","32.994","33.250","33.425","32.220","80.13K","2.57%"
"02/11/2026","32.167","31.695","32.850","31.350","88.85K","1.01%"
"02/10/2026","31.846","33.750","34.075","31.600","114.85K","-4.93%"
"02/09/2026","33.496","33.220","33.645","32.070","108.76K","-6.16%"
"02/06/2026","35.694","34.100","36.360","34.100","120.07K","5.81%"
"02/05/2026","33.735","34.000","35.200","33.490","120.43K","0.70%"
"02/04/2026","33.501","33.200","34.055","32.650","92.10K","1.95%"
"02/03/2026","32.860","32.620","33.110","31.275","143.87K","-3.20%"
"02/02/2026","33.945","37.000","37.000","32.965","171.60K","-13.59%"
"01/30/2026","39.285","38.750","39.800","37.350","134.29K","-2.06%"
"01/29/2026","40.113","38.950","40.495","38.575","57.68K","3.22%"
"01/28/2026","38.861","39.250","39.700","36.815","104.76K","0.26%"
"01/27/2026","38.761","39.450","40.650","37.900","140.05K","-0.90%"
"01/26/2026","39.112","41.550","43.380","38.550","148.20K","-2.32%"
"01/23/2026","40.039","37.000","40.300","36.260","155.40K","5.15%"
"01/22/2026","38.079","38.470","41.915","37.250","207.96K","-2.88%"
"01/21/2026","39.208","34.600","40.030","33.875","209.43K","9.25%"
"01/20/2026","35.887","35.670","37.190","34.500","180.29K","1.39%"
"01/19/2026","35.395","35.465","35.625","33.110","171.34K","-4.02%"
"01/16/2026","36.879","33.950","38.065","33.685","250.84K","11.22%"
"01/15/2026","33.158","32.000","33.805","31.800","179.21K","4.23%"
"01/14/2026","31.813","30.550","32.995","30.395","218.88K","1.08%"
"01/13/2026","31.473","31.100","32.400","30.635","206.22K","4.06%"
"01/12/2026","30.246","28.810","30.600","28.810","220.73K","6.60%"
"01/09/2026","28.374","27.590","28.545","27.355","114.68K","2.44%"
"01/08/2026","27.699","27.500","27.885","27.055","108.71K","-3.75%"
"01/07/2026","28.777","28.305","29.175","28.255","135.89K","2.51%"
"01/06/2026","28.072","27.800","28.180","27.550","100.54K","2.46%"
"01/05/2026","27.399","28.450","28.450","27.120","113.19K","-5.53%"
"01/02/2026","29.004","28.700","29.075","28.330","72.26K","2.99%"
"12/31/2025","28.161","27.720","28.475","27.595","54.65K","1.42%"
"12/30/2025","27.766","28.500","28.500","27.485","63.38K","-2.69%"
"12/29/2025","28.534","28.700","28.900","28.160","65.51K","1.56%"
"12/24/2025","28.095","27.800","28.350","27.605","66.07K","1.31%"
"12/23/2025","27.732","27.625","27.855","27.275","80.29K","0.16%"
"12/22/2025","27.687","28.150","28.250","27.600","79.52K","-1.68%"
"12/19/2025","28.161","28.035","28.500","27.690","117.28K","1.84%"
"12/18/2025","27.652","27.470","27.940","27.150","96.49K","1.08%"
"12/17/2025","27.357","27.005","27.575","26.995","105.79K","2.22%"
"12/16/2025","26.764","26.905","27.205","26.620","98.65K","-2.41%"
"12/15/2025","27.425","28.050","28.050","27.000","106.46K","-0.94%"
"12/12/2025","27.684","27.000","27.750","26.905","104.76K","3.28%"
"12/11/2025","26.805","27.000","27.130","26.530","90.01K","0.76%"
"12/10/2025","26.602","27.395","27.395","26.535","93.80K","-3.23%"
"12/09/2025","27.489","26.900","27.700","26.900","91.10K","2.30%"
"12/08/2025","26.871","27.100","27.800","26.715","98.17K","-1.45%"
"12/05/2025","27.266","27.215","27.455","26.800","94.99K","0.66%"
"12/04/2025","27.088","28.055","28.055","27.000","103.14K","-3.96%"
"12/03/2025","28.206","28.150","28.305","27.700","75.16K","0.56%"
"12/02/2025","28.050","28.000","28.330","27.515","109.14K","-0.63%"
"12/01/2025","28.227","28.440","28.485","27.750","96.47K","-2.05%"
"11/28/2025","28.817","29.400","29.575","28.615","76.23K","-0.70%"
"11/27/2025","29.021","29.150","29.200","28.830","44.80K","-1.18%"
"11/26/2025","29.368","29.500","29.605","29.130","86.51K","-0.06%"
"11/25/2025","29.386","29.850","29.920","28.975","108.20K","-1.21%"
"11/24/2025","29.747","29.985","30.065","29.200","107.68K","-1.49%"
"11/21/2025","30.198","30.400","30.695","30.075","114.22K","-3.08%"
"11/20/2025","31.159","31.050","31.270","30.675","73.22K","0.71%"
"11/19/2025","30.940","31.400","31.445","30.650","97.23K","-2.38%"
"11/18/2025","31.694","31.650","31.990","31.335","86.84K","0.88%"
"11/17/2025","31.418","31.510","31.665","31.170","79.22K","0.54%"
"11/14/2025","31.250","30.670","31.290","30.515","100.48K","2.60%"
"11/13/2025","30.458","30.940","31.085","30.285","78.34K","-1.54%"
"11/12/2025","30.933","31.300","31.580","30.765","80.24K","-0.54%"
"11/11/2025","31.102","31.080","31.180","30.830","64.22K","0.10%"
"11/10/2025","31.071","31.200","31.440","30.765","77.04K","-0.42%"
"11/07/2025","31.201","31.700","31.700","31.095","79.38K","-1.10%"
"11/06/2025","31.548","31.300","31.795","31.285","75.02K","-0.85%"
"11/05/2025","31.819","32.250","32.250","31.660","83.35K","-2.25%"
"11/04/2025","32.551","31.920","32.575","31.750","78.91K","2.55%"
"11/03/2025","31.741","31.600","31.885","31.485","85.69K","1.99%"
"10/31/2025","31.122","31.350","31.630","31.050","78.65K","0.24%"
"10/30/2025","31.048","31.810","31.900","30.975","36.18K","-2.58%"
"10/29/2025","31.869","31.620","31.900","31.470","61.99K","1.19%"
"10/28/2025","31.494","31.350","31.825","31.120","69.69K","0.30%"
"10/27/2025","31.400","31.825","31.895","31.170","78.00K","-1.92%"
"10/24/2025","32.016","32.000","32.320","31.830","76.07K","-1.35%"
"10/23/2025","32.454","32.250","32.885","32.130","89.77K","2.16%"
"10/22/2025","31.768","32.250","32.325","31.640","82.25K","-1.34%"
"10/21/2025","32.200","31.600","32.260","31.365","87.27K","1.45%"
"10/20/2025","31.739","31.850","32.060","31.540","62.84K","-0.24%"
"10/17/2025","31.816","32.050","32.370","31.775","87.90K","-1.74%"
"10/16/2025","32.378","32.250","32.730","32.075","105.49K","1.73%"
"10/15/2025","31.826","31.675","32.080","31.385","84.26K","0.08%"
"10/14/2025","31.801","31.245","31.880","31.110","70.00K","1.04%"
"10/13/2025","31.475","32.150","32.150","31.350","80.48K","-2.16%"
"10/10/2025","32.170","32.350","32.450","31.760","70.95K","-0.60%"
"10/09/2025","32.363","32.350","32.580","31.860","68.69K","-1.03%"
"10/08/2025","32.700","33.300","33.590","32.510","86.09K","-1.64%"
"10/07/2025","33.246","32.890","33.635","32.890","114.88K","0.39%"
"10/06/2025","33.116","32.000","33.270","31.945","128.85K","5.34%"
"10/03/2025","31.438","31.200","31.715","30.950","70.78K","-0.05%"
"10/02/2025","31.455","31.405","31.705","31.035","66.36K","0.38%"
"10/01/2025","31.335","31.450","31.580","30.735","87.19K","-0.24%"
"09/30/2025","31.411","32.440","32.695","31.350","95.37K","-2.02%"
"09/29/2025","32.060","32.420","32.430","31.945","47.32K","-1.95%"
"09/26/2025","32.697","32.500","32.975","32.375","86.03K","0.74%"
"09/25/2025","32.456","32.105","32.670","32.105","76.17K","1.73%"
"09/24/2025","31.903","32.275","32.425","31.850","90.81K","-1.12%"
"09/23/2025","32.265","31.900","32.490","31.775","71.92K","1.32%"
"09/22/2025","31.844","32.150","32.470","31.755","79.31K","-1.44%"
"09/19/2025","32.308","32.890","33.010","32.150","89.78K","-1.95%"
"09/18/2025","32.952","32.360","33.110","32.300","99.98K","1.70%"
"09/17/2025","32.401","32.455","32.790","32.315","74.60K","0.22%"
"09/16/2025","32.329","32.000","32.485","31.620","78.25K","0.54%"
"09/15/2025","32.154","32.650","32.740","31.930","83.39K","-1.56%"
"09/12/2025","32.662","32.350","32.900","32.005","87.65K","1.05%"
"09/11/2025","32.323","33.300","33.380","32.265","90.45K","-2.41%"
"09/10/2025","33.122","32.950","33.440","32.705","82.77K","0.58%"
"09/09/2025","32.931","33.350","33.350","32.110","115.94K","-0.40%"
"09/08/2025","33.064","32.100","33.195","32.060","85.30K","3.43%"
"09/05/2025","31.969","32.500","32.750","31.830","77.28K","-1.37%"
"09/04/2025","32.412","32.110","32.650","31.700","83.09K","0.93%"
"09/03/2025","32.112","31.920","32.425","31.400","91.24K","1.07%"
"09/02/2025","31.772","32.375","32.735","31.610","91.61K","-0.90%"
"09/01/2025","32.061","31.625","32.380","31.355","68.17K","1.39%"
"08/29/2025","31.622","31.890","32.000","31.350","87.42K","0.20%"
"08/28/2025","31.559","32.260","32.350","31.035","56.50K","-3.05%"
"08/27/2025","32.551","33.165","33.360","32.235","104.56K","-2.72%"
"08/26/2025","33.460","33.795","33.795","33.240","80.18K","-0.93%"
"08/25/2025","33.774","33.280","33.905","32.860","39.28K","0.60%"
"08/22/2025","33.573","33.065","33.685","33.050","94.97K","1.20%"
"08/21/2025","33.175","32.080","33.400","31.605","88.12K","3.98%"
"08/20/2025","31.906","31.300","32.300","31.015","74.47K","2.17%"
"08/19/2025","31.227","30.820","31.430","30.590","62.69K","-0.14%"
"08/18/2025","31.272","31.000","31.460","30.300","81.75K","0.78%"
"08/15/2025","31.031","32.095","32.380","30.760","81.67K","-3.45%"
"08/14/2025","32.141","32.875","32.880","31.850","74.94K","-1.41%"
"08/13/2025","32.600","32.350","32.850","32.350","56.48K","0.59%"
"08/12/2025","32.409","33.200","33.375","32.245","61.59K","-1.79%"
"08/11/2025","32.999","32.200","33.155","32.140","63.04K","1.70%"
"08/08/2025","32.446","32.865","33.435","32.110","95.32K","-1.53%"
"08/07/2025","32.951","33.010","33.255","32.775","59.08K","-0.92%"
"08/06/2025","33.257","34.245","34.295","33.110","79.46K","-3.34%"
"08/05/2025","34.406","34.140","34.485","33.765","61.01K","0.36%"
"08/04/2025","34.283","33.610","34.380","33.430","66.95K","0.92%"
"08/01/2025","33.972","35.350","35.400","33.740","76.89K","-3.70%"
"07/31/2025","35.279","35.095","35.490","34.560","69.95K","2.15%"
"07/30/2025","34.537","34.500","35.000","33.500","42.79K","1.27%"
"07/29/2025","34.103","33.010","34.300","33.005","70.77K","3.66%"
"07/28/2025","32.899","32.550","33.120","31.985","77.51K","1.23%"
"07/25/2025","32.499","32.490","32.785","31.905","75.56K","0.44%"
"07/24/2025","32.358","32.820","33.200","32.095","79.50K","-1.02%"
"07/23/2025","32.690","33.350","33.730","32.555","77.51K","-1.27%"
"07/22/2025","33.111","33.295","33.495","32.900","75.59K","-0.14%"
"07/21/2025","33.159","33.500","34.000","33.110","72.53K","-1.30%"
"07/18/2025","33.595","34.350","34.770","33.410","77.21K","-2.36%"
"07/17/2025","34.407","34.910","35.300","34.300","75.32K","-1.15%"
"07/16/2025","34.809","34.500","35.155","34.375","70.17K","1.06%"
"07/15/2025","34.445","35.200","35.350","34.195","75.96K","-2.85%"
"07/14/2025","35.454","35.600","36.320","35.020","85.21K","-0.30%"
"07/11/2025","35.561","35.000","35.700","34.735","67.32K","1.11%"
"07/10/2025","35.170","34.695","35.390","34.465","65.57K","2.52%"
"07/09/2025","34.304","34.570","34.945","34.240","63.99K","0.25%"
"07/08/2025","34.219","34.175","34.635","33.755","83.25K","1.78%"
"07/07/2025","33.621","33.400","34.150","32.900","58.69K","0.45%"
"07/04/2025","33.469","33.750","34.025","33.225","57.53K","-0.45%"
"07/03/2025","33.621","33.460","34.255","33.305","67.09K","0.09%"
"07/02/2025","33.591","33.900","34.500","33.160","69.40K","-0.30%"
"07/01/2025","33.693","33.250","33.965","32.725","78.95K","2.42%"
"06/30/2025","32.898","33.415","33.535","32.640","72.69K","-0.57%"
"06/27/2025","33.087","33.610","33.900","32.760","72.32K","-2.75%"
"06/26/2025","34.024","35.255","35.650","33.410","97.36K","-3.89%"
"06/25/2025","35.401","35.155","35.975","35.100","91.44K","-0.60%"
"06/24/2025","35.615","37.000","37.100","35.030","185.69K","-12.11%"
"06/23/2025","40.522","42.100","42.440","40.200","132.36K","-0.99%"
"06/20/2025","40.929","40.715","41.225","39.700","112.46K","-1.68%"
"06/19/2025","41.628","39.200","41.900","39.200","112.61K","7.59%"
"06/18/2025","38.693","39.320","40.420","38.530","136.44K","-1.57%"
"06/17/2025","39.309","38.175","39.735","38.055","109.77K","3.70%"
"06/16/2025","37.906","38.100","39.610","37.340","127.92K","0.03%"
"06/13/2025","37.894","38.000","38.575","36.900","164.66K","4.75%"
"06/12/2025","36.177","36.150","36.650","35.665","87.32K","0.74%"
"06/11/2025","35.913","34.845","36.000","34.845","105.89K","3.68%"
"06/10/2025","34.638","35.550","35.625","34.440","83.95K","-2.72%"
"06/09/2025","35.605","36.485","36.505","35.415","64.20K","-1.78%"
"06/06/2025","36.251","36.395","36.850","35.870","74.47K","-0.39%"
"06/05/2025","36.393","35.865","36.670","35.675","75.29K","2.08%"
"06/04/2025","35.650","36.195","36.485","35.350","92.70K","-0.55%"
"06/03/2025","35.848","34.895","36.115","34.890","68.60K","2.38%"
"06/02/2025","35.015","34.050","35.490","33.705","80.88K","2.30%"
"05/30/2025","34.228","35.155","35.440","33.825","92.87K","-2.65%"
"05/29/2025","35.158","36.990","37.005","34.800","33.02K","-4.17%"
"05/28/2025","36.687","36.665","37.125","36.350","73.04K","-0.86%"
"05/27/2025","37.006","36.960","37.935","36.435","102.00K","-0.66%"
"05/26/2025","37.253","36.890","37.355","36.595","31.77K","2.20%"
"05/23/2025","36.450","36.645","36.865","35.420","94.70K","0.26%"
"05/22/2025","36.356","36.455","37.185","36.105","61.85K","-0.72%"
"05/21/2025","36.621","37.050","37.815","36.415","78.03K","-0.97%"
"05/20/2025","36.979","35.000","37.205","34.985","96.32K","4.98%"
"05/19/2025","35.225","35.300","35.495","34.800","58.98K","0.20%"
"05/16/2025","35.156","35.705","35.930","34.730","83.16K","-0.39%"
"05/15/2025","35.294","34.830","35.610","34.455","87.71K","0.70%"
"05/14/2025","35.048","35.600","35.900","34.425","69.38K","-1.95%"
"05/13/2025","35.744","35.275","36.150","34.930","66.72K","1.00%"
"05/12/2025","35.390","34.550","36.325","34.450","98.38K","2.23%"
"05/09/2025","34.618","35.700","36.050","34.300","79.85K","-2.05%"
"05/08/2025","35.341","34.020","35.745","34.020","79.23K","2.35%"
"05/07/2025","34.531","35.000","35.500","34.075","86.08K","-0.61%"
"05/06/2025","34.743","32.930","35.140","32.930","73.13K","5.51%"
"05/05/2025","32.930","32.600","33.150","32.400","26.31K","-0.45%"
"05/02/2025","33.078","31.990","33.675","31.815","80.98K","2.89%"
"05/01/2025","32.149","32.175","32.465","31.585","51.32K","-0.52%"
"04/30/2025","32.317","31.450","32.900","31.440","73.56K","1.45%"
"04/29/2025","31.856","31.805","32.170","31.195","59.36K","-1.67%"
"04/28/2025","32.398","32.055","32.790","31.635","74.06K","-0.10%"
"04/25/2025","32.432","33.700","33.800","31.945","89.61K","-3.40%"
"04/24/2025","33.574","33.995","34.355","32.990","95.06K","-1.72%"
"04/23/2025","34.160","34.655","35.070","33.800","91.69K","-0.25%"
"04/22/2025","34.244","34.790","35.790","33.930","73.82K","-3.96%"
"04/17/2025","35.657","35.310","35.930","35.290","73.96K","0.98%"
"04/16/2025","35.312","34.020","35.655","33.780","80.69K","2.63%"
"04/15/2025","34.407","35.000","35.535","34.080","82.60K","-0.27%"
"04/14/2025","34.499","33.785","34.835","33.690","70.10K","3.10%"
"04/11/2025","33.463","32.700","34.075","32.545","84.70K","0.51%"
"04/10/2025","33.293","36.250","36.420","33.065","106.60K","-1.11%"
"04/09/2025","33.666","33.935","35.450","33.245","150.91K","-7.08%"
"04/08/2025","36.231","36.335","36.980","35.490","82.72K","-2.08%"
"04/07/2025","37.000","35.490","38.620","33.505","127.51K","1.65%"
"04/04/2025","36.401","39.005","39.520","35.150","124.69K","-7.15%"
"04/03/2025","39.203","40.500","40.500","38.400","104.79K","-4.99%"
"04/02/2025","41.263","42.400","43.095","40.840","75.56K","-2.80%"
"04/01/2025","42.450","40.745","42.700","40.350","80.57K","4.38%"
"03/31/2025","40.667","40.600","41.420","39.850","75.31K","0.20%"
"03/28/2025","40.587","41.300","41.350","40.250","72.98K","-1.49%"
"03/27/2025","41.202","40.750","41.640","40.350","95.01K","0.81%"
"03/26/2025","40.870","40.820","41.420","40.420","88.19K","-1.65%"
"03/25/2025","41.555","42.245","42.950","41.050","96.50K","-2.79%"
"03/24/2025","42.748","42.625","43.000","41.190","92.05K","0.34%"
"03/21/2025","42.605","44.440","45.495","42.000","118.44K","-0.58%"
"03/20/2025","42.855","43.900","44.330","42.650","105.23K","-1.15%"
"03/19/2025","43.355","41.290","43.985","41.290","125.83K","6.38%"
"03/18/2025","40.755","41.000","41.990","39.740","89.79K","-1.20%"
"03/17/2025","41.248","41.625","42.105","40.275","83.89K","-2.46%"
"03/14/2025","42.290","40.925","42.920","40.750","111.03K","0.51%"
"03/13/2025","42.076","41.900","43.650","40.145","129.06K","-0.42%"
"03/12/2025","42.254","41.550","43.445","41.210","110.62K","-1.07%"
"03/11/2025","42.710","41.225","43.735","40.775","103.58K","3.58%"
"03/10/2025","41.232","39.000","41.400","38.500","96.58K","3.15%"
"03/07/2025","39.971","37.720","41.580","36.400","175.88K","4.53%"
"03/06/2025","38.240","41.250","42.205","37.535","135.03K","-7.87%"
"03/05/2025","41.508","42.500","44.000","40.825","125.45K","-4.50%"
"03/04/2025","43.464","45.220","45.900","42.430","114.63K","-3.87%"
"03/03/2025","45.213","45.250","47.300","44.500","89.16K","2.01%"
"02/28/2025","44.320","45.650","46.645","44.000","90.23K","-1.36%"
"02/27/2025","44.930","41.050","45.450","41.000","60.60K","8.69%"
"02/26/2025","41.336","43.850","44.210","40.820","97.25K","-6.67%"
"02/25/2025","44.291","47.000","47.235","43.485","96.63K","-6.05%"
"02/24/2025","47.144","46.520","47.450","44.930","112.16K","-0.11%"
"02/21/2025","47.195","47.605","48.300","45.905","106.56K","-0.63%"
"02/20/2025","47.494","47.175","48.715","46.000","97.38K","-1.60%"
"02/19/2025","48.264","49.750","50.445","46.960","108.93K","-1.93%"
"02/18/2025","49.215","47.550","49.930","46.820","133.17K","2.24%"
"02/17/2025","48.136","49.880","50.985","47.560","86.40K","-5.03%"
"02/14/2025","50.685","50.450","51.650","48.390","133.79K","-1.36%"
"02/13/2025","51.383","54.500","54.560","50.500","148.47K","-7.69%"
"02/12/2025","55.661","56.300","57.050","54.140","123.74K","-3.64%"
"02/11/2025","57.766","57.770","59.390","56.205","113.36K","-0.47%"
"02/10/2025","58.039","57.000","58.750","56.675","104.12K","4.16%"
"02/07/2025","55.723","54.190","56.095","53.600","105.42K","2.24%"
"02/06/2025","54.502","53.750","55.455","53.450","116.16K","1.99%"
"02/05/2025","53.438","52.150","53.950","51.715","95.43K","2.67%"
"02/04/2025","52.048","53.400","53.445","51.290","107.49K","-3.25%"
"02/03/2025","53.794","54.395","54.805","52.790","101.90K","1.05%"
"01/31/2025","53.237","51.510","53.840","51.510","118.34K","2.92%"
"01/30/2025","51.726","51.100","52.650","50.435","62.12K","1.11%"
"01/29/2025","51.156","48.940","51.500","48.925","84.29K","6.08%"
"01/28/2025","48.224","48.370","48.830","47.785","72.11K","0.76%"
"01/27/2025","47.862","48.695","49.300","47.600","114.64K","-3.70%"
"01/24/2025","49.702","49.550","50.160","48.150","95.12K","1.18%"
"01/23/2025","49.123","49.420","50.475","48.525","96.35K","0.84%"
"01/22/2025","48.716","50.000","50.790","48.505","93.58K","-2.62%"
"01/21/2025","50.027","47.895","50.245","47.430","104.88K","4.54%"
"01/20/2025","47.853","46.795","48.075","46.065","88.83K","2.06%"
"01/17/2025","46.887","46.375","47.410","45.700","84.44K","1.40%"
"01/16/2025","46.241","46.700","46.700","45.645","74.91K","-1.63%"
"01/15/2025","47.006","47.400","47.955","46.415","94.66K","0.13%"
"01/14/2025","46.947","48.280","48.720","46.340","108.82K","-2.72%"
"01/13/2025","48.261","46.400","48.600","46.400","112.76K","7.23%"
"01/10/2025","45.008","45.005","45.880","43.175","119.22K","0.05%"
"01/09/2025","44.987","44.950","45.500","43.870","101.52K","-1.26%"
"01/08/2025","45.559","47.975","48.280","45.075","98.59K","-4.03%"
"01/07/2025","47.474","47.000","47.920","45.950","79.23K","0.31%"
"01/06/2025","47.326","49.395","49.395","46.925","89.34K","-4.63%"
"01/03/2025","49.622","49.975","50.400","49.355","62.45K","-1.29%"
"01/02/2025","50.273","50.555","51.000","48.550","85.75K","2.83%"
"12/31/2024","48.889","48.240","50.570","48.075","45.25K","2.64%"
"12/30/2024","47.633","48.935","48.935","47.060","42.14K","-0.21%"
"12/27/2024","47.731","47.000","48.020","46.650","62.52K","4.37%"
"12/24/2024","45.731","45.875","46.625","45.040","44.03K","0.41%"
"12/23/2024","45.545","43.950","45.850","43.790","60.71K","3.21%"
"12/20/2024","44.130","43.715","44.710","42.730","88.17K","2.44%"
"12/19/2024","43.078","41.500","43.745","39.790","113.49K","5.05%"
"12/18/2024","41.007","42.110","42.500","40.585","90.33K","-2.52%"
"12/17/2024","42.065","39.800","42.205","39.800","114.43K","4.44%"
"12/16/2024","40.277","40.180","40.635","38.885","109.62K","-2.28%"
"12/13/2024","41.215","42.700","43.275","40.995","107.19K","-3.71%"
"12/12/2024","42.804","44.715","44.900","42.465","106.73K","-4.23%"
"12/11/2024","44.694","45.535","46.000","44.400","75.12K","-1.88%"
"12/10/2024","45.552","44.840","45.865","44.430","71.21K","1.55%"
"12/09/2024","44.855","46.350","46.380","44.730","89.52K","-3.50%"
"12/06/2024","46.480","46.205","46.725","45.900","71.65K","-0.15%"
"12/05/2024","46.551","47.750","48.050","45.970","75.53K","-1.05%"
"12/04/2024","47.046","48.000","48.220","46.655","84.69K","-3.11%"
"12/03/2024","48.557","48.650","49.095","48.200","61.82K","-0.20%"
"12/02/2024","48.655","48.300","49.320","48.300","81.39K","1.77%"
"11/29/2024","47.811","46.750","48.000","46.195","91.11K","3.35%"
"11/28/2024","46.260","46.800","47.150","46.005","33.38K","-1.07%"
"11/27/2024","46.762","46.480","46.915","45.860","61.09K","-0.96%"
"11/26/2024","47.216","47.500","48.440","45.950","107.23K","-1.08%"
"11/25/2024","47.733","47.050","48.905","46.585","91.21K","1.52%"
"11/22/2024","47.018","48.800","49.550","46.650","112.62K","-2.66%"
"11/21/2024","48.303","46.950","48.860","46.940","91.03K","3.22%"
"11/20/2024","46.796","45.595","47.230","45.140","88.88K","2.47%"
"11/19/2024","45.668","47.000","47.400","45.460","101.75K","-2.63%"
"11/18/2024","46.900","45.350","47.150","44.800","87.47K","0.75%"
"11/15/2024","46.551","46.000","47.490","45.410","125.36K","0.71%"
"11/14/2024","46.224","45.500","46.490","44.980","106.28K","5.86%"
"11/13/2024","43.666","43.225","43.990","42.200","106.50K","-1.33%"
"11/12/2024","44.255","43.930","44.465","42.990","90.49K","1.21%"
"11/11/2024","43.728","41.630","44.110","41.205","108.69K","3.11%"
"11/08/2024","42.409","41.600","43.075","41.595","91.05K","2.74%"
"11/07/2024","41.276","40.600","41.600","40.340","79.21K","2.20%"
"11/06/2024","40.388","40.055","40.715","39.035","91.18K","-0.26%"
"11/05/2024","40.492","40.510","41.250","40.270","80.79K","0.47%"
"11/04/2024","40.301","39.200","40.525","39.100","78.86K","2.87%"
"11/01/2024","39.175","38.850","40.425","38.350","114.77K","-3.48%"
"10/31/2024","40.588","41.500","41.510","38.025","115.79K","-0.77%"
"10/30/2024","40.903","42.150","42.450","40.835","47.78K","-4.59%"
"10/29/2024","42.869","42.600","43.750","42.205","78.87K","0.82%"
"10/28/2024","42.519","42.350","42.870","41.650","85.47K","-2.28%"
"10/25/2024","43.513","42.370","43.680","42.050","81.09K","3.22%"
"10/24/2024","42.154","41.720","42.650","41.585","88.70K","1.87%"
"10/23/2024","41.380","40.990","41.875","40.640","78.59K","1.66%"
"10/22/2024","40.704","39.800","41.100","39.715","84.08K","1.70%"
"10/21/2024","40.024","39.295","40.260","39.270","73.40K","2.09%"
"10/18/2024","39.204","39.515","39.750","39.090","67.25K","-1.12%"
"10/17/2024","39.650","39.485","40.040","39.300","62.20K","1.04%"
"10/16/2024","39.241","40.000","40.465","39.145","74.76K","-1.83%"
"10/15/2024","39.973","39.700","40.135","38.845","85.59K","-1.44%"
"10/14/2024","40.559","39.600","40.795","39.150","66.05K","1.71%"
"10/11/2024","39.879","40.205","40.625","39.500","75.89K","-1.03%"
"10/10/2024","40.293","38.600","40.400","38.075","81.02K","5.09%"
"10/09/2024","38.341","39.000","39.200","38.075","84.54K","-1.49%"
"10/08/2024","38.919","40.250","40.305","38.550","94.55K","-3.29%"
"10/07/2024","40.244","40.490","41.000","39.450","99.50K","-1.80%"
"10/04/2024","40.980","39.750","41.180","39.345","83.56K","2.68%"
"10/03/2024","39.912","38.800","40.030","38.005","92.11K","3.35%"
"10/02/2024","38.617","40.250","40.545","38.425","101.53K","-1.67%"
"10/01/2024","39.273","38.600","39.755","37.400","120.14K","0.59%"
"09/30/2024","39.044","38.985","39.500","38.620","81.54K","2.44%"
"09/27/2024","38.114","37.750","38.195","37.050","50.59K","0.59%"
"09/26/2024","37.890","37.525","37.965","36.400","98.46K","1.53%"
"09/25/2024","37.319","36.240","37.610","35.950","92.57K","5.38%"
"09/24/2024","35.413","36.295","36.665","35.265","103.00K","-2.20%"
"09/23/2024","36.211","35.000","36.340","34.450","116.88K","5.13%"
"09/20/2024","34.444","34.000","35.150","33.750","101.02K","4.11%"
"09/19/2024","33.083","35.510","36.770","32.040","174.74K","-6.13%"
"09/18/2024","35.245","35.825","35.825","34.670","73.96K","-0.85%"
"09/17/2024","35.547","34.100","35.750","33.805","78.03K","4.30%"
"09/16/2024","34.081","35.230","35.300","33.960","75.90K","-4.40%"
"09/13/2024","35.648","35.245","36.185","35.065","77.44K","1.30%"
"09/12/2024","35.191","35.850","35.885","34.830","75.49K","-2.63%"
"09/11/2024","36.142","35.310","36.340","34.670","106.45K","2.44%"
"09/10/2024","35.282","37.340","37.900","34.865","130.42K","-5.49%"
"09/09/2024","37.333","36.800","37.500","36.375","68.54K","2.34%"
"09/06/2024","36.479","36.400","37.630","36.300","78.43K","0.78%"
"09/05/2024","36.195","35.830","36.775","35.550","93.81K","1.11%"
"09/04/2024","35.798","36.900","37.060","35.590","98.22K","-3.75%"
"09/03/2024","37.193","38.480","38.535","36.920","86.08K","-3.60%"
"09/02/2024","38.580","39.500","39.960","38.465","69.88K","-3.12%"
"08/30/2024","39.823","39.170","40.325","38.750","80.08K","3.17%"
"08/29/2024","38.601","38.420","39.040","37.915","46.40K","0.21%"
"08/28/2024","38.520","38.555","39.580","38.300","81.00K","-0.44%"
"08/27/2024","38.689","37.995","39.045","37.285","81.75K","2.74%"
"08/26/2024","37.656","36.845","37.920","36.135","31.85K","2.15%"
"08/23/2024","36.863","36.995","37.400","36.095","69.00K","0.75%"
"08/22/2024","36.587","37.015","37.655","36.170","67.69K","-1.14%"
"08/21/2024","37.010","38.010","38.530","36.830","67.28K","-2.49%"
"08/20/2024","37.957","39.495","40.125","37.575","94.13K","-4.74%"
"08/19/2024","39.845","39.400","40.450","39.060","65.47K","0.51%"
"08/16/2024","39.644","39.575","40.095","39.120","62.84K","0.11%"
"08/15/2024","39.601","38.830","39.930","38.505","62.38K","1.63%"
"08/14/2024","38.967","39.205","40.295","38.715","76.43K","-1.30%"
"08/13/2024","39.480","39.550","40.430","38.700","78.95K","-0.45%"
"08/12/2024","39.658","39.830","42.900","39.220","94.01K","-1.83%"
"08/09/2024","40.396","40.385","40.750","39.420","66.51K","0.75%"
"08/08/2024","40.095","38.650","40.475","38.175","97.16K","4.28%"
"08/07/2024","38.451","36.940","38.785","35.860","93.13K","4.84%"
"08/06/2024","36.676","36.000","37.060","35.650","73.69K","3.32%"
"08/05/2024","35.498","36.895","36.900","34.745","76.77K","-3.14%"
"08/02/2024","36.649","36.900","37.150","36.065","71.05K","-0.87%"
"08/01/2024","36.969","35.895","37.075","35.755","65.99K","3.07%"
"07/31/2024","35.868","35.250","36.000","35.060","74.40K","4.39%"
"07/30/2024","34.361","33.900","34.540","33.285","55.98K","1.44%"
"07/29/2024","33.873","32.200","33.960","32.065","77.00K","4.30%"
"07/26/2024","32.475","32.045","32.900","31.895","61.30K","2.19%"
"07/25/2024","31.779","32.495","32.500","31.650","66.85K","-2.58%"
"07/24/2024","32.621","31.545","32.980","31.360","71.40K","3.16%"
"07/23/2024","31.622","31.705","31.885","31.220","56.37K","-0.68%"
"07/22/2024","31.839","31.705","31.975","31.100","66.06K","-1.03%"
"07/19/2024","32.170","32.600","32.775","31.685","66.64K","-1.54%"
"07/18/2024","32.674","31.745","32.785","31.605","67.93K","2.45%"
"07/17/2024","31.893","33.095","33.285","31.555","75.99K","-2.76%"
"07/16/2024","32.797","32.080","33.050","31.730","80.55K","4.55%"
"07/15/2024","31.371","31.690","32.145","31.070","68.29K","-1.10%"
"07/12/2024","31.719","31.295","32.250","30.870","65.97K","1.95%"
"07/11/2024","31.112","30.850","31.490","30.325","62.91K","1.07%"
"07/10/2024","30.784","31.245","31.710","30.650","56.12K","-1.76%"
"07/09/2024","31.335","32.445","32.445","30.905","65.60K","-2.95%"
"07/08/2024","32.286","32.990","33.770","32.030","72.08K","-2.36%"
"07/05/2024","33.067","33.555","33.975","32.875","55.06K","-0.54%"
"07/04/2024","33.246","32.845","33.800","32.285","69.88K","1.70%"
"07/03/2024","32.691","33.500","33.745","32.620","96.04K","-2.95%"
"07/02/2024","33.685","33.435","33.900","33.115","69.29K","0.60%"
"07/01/2024","33.485","34.455","35.110","33.400","68.96K","-2.89%"
"06/28/2024","34.480","34.500","34.800","34.000","63.07K","-0.25%"
"06/27/2024","34.565","34.100","34.745","33.770","54.80K","2.19%"
"06/26/2024","33.824","34.700","35.400","33.700","91.24K","-2.95%"
"06/25/2024","34.853","34.420","35.055","34.215","65.18K","2.27%"
"06/24/2024","34.080","33.850","34.620","33.640","64.16K","0.42%"
"06/21/2024","33.936","34.450","34.700","33.840","58.29K","-1.53%"
"06/20/2024","34.464","35.295","35.730","34.225","79.05K","-2.47%"
"06/19/2024","35.338","34.650","35.625","34.300","80.32K","1.84%"
"06/18/2024","34.700","34.185","35.095","33.910","76.01K","1.43%"
"06/17/2024","34.210","35.305","35.870","34.140","72.12K","-3.25%"
"06/14/2024","35.360","35.585","36.095","34.750","85.60K","-1.02%"
"06/13/2024","35.724","35.200","36.885","35.155","81.91K","1.22%"
"06/12/2024","35.294","34.155","36.040","33.850","80.15K","2.94%"
"06/11/2024","34.285","34.200","35.395","33.500","89.80K","0.08%"
"06/10/2024","34.258","33.110","34.700","32.300","78.79K","3.47%"
"06/07/2024","33.109","32.900","33.575","32.700","61.81K","-1.71%"
"06/06/2024","33.686","33.385","34.295","32.850","73.72K","0.99%"
"06/05/2024","33.355","33.900","34.500","33.150","74.00K","-1.31%"
"06/04/2024","33.797","36.200","36.550","33.670","120.19K","-6.16%"
"06/03/2024","36.014","35.090","38.700","35.090","136.88K","5.23%"
"05/31/2024","34.223","35.000","35.715","34.100","74.65K","-2.75%"
"05/30/2024","35.192","33.800","35.490","33.350","34.83K","3.88%"
"05/29/2024","33.879","33.605","34.400","33.050","69.03K","1.03%"
"05/28/2024","33.534","35.000","35.180","33.155","75.78K","-4.85%"
"05/27/2024","35.243","33.900","35.510","33.880","26.70K","3.31%"
"05/24/2024","34.115","35.390","35.700","33.485","76.80K","-3.16%"
"05/23/2024","35.228","34.770","36.235","33.775","98.18K","2.44%"
"05/22/2024","34.389","32.825","34.830","32.660","90.78K","4.20%"
"05/21/2024","33.004","31.725","33.235","31.300","99.52K","3.89%"
"05/20/2024","31.768","31.150","32.190","30.995","69.57K","3.25%"
"05/17/2024","30.769","30.550","31.070","30.150","61.02K","1.72%"
"05/16/2024","30.248","29.500","30.765","29.355","75.57K","1.73%"
"05/15/2024","29.734","29.535","30.570","29.465","70.46K","0.22%"
"05/14/2024","29.669","29.895","30.215","29.285","66.61K","0.31%"
"05/13/2024","29.578","30.000","30.000","29.150","62.74K","-1.50%"
"05/10/2024","30.029","30.805","31.590","29.670","73.14K","-2.71%"
"05/09/2024","30.865","30.590","31.530","30.400","59.21K","0.84%"
"05/08/2024","30.609","30.840","31.050","30.000","67.31K","-1.47%"
"05/07/2024","31.067","31.525","32.130","30.550","74.29K","-2.31%"
"05/06/2024","31.801","30.450","32.210","30.005","37.40K","4.17%"
"05/03/2024","30.528","30.900","31.840","30.020","83.33K","-1.25%"
"05/02/2024","30.913","29.045","31.190","28.510","92.40K","7.60%"
"05/01/2024","28.730","29.250","29.550","28.455","48.57K","-1.33%"
"04/30/2024","29.118","28.000","29.540","27.900","75.03K","4.02%"
"04/29/2024","27.994","28.845","28.850","27.850","49.53K","-3.09%"
"04/26/2024","28.886","29.975","30.325","28.825","71.74K","-2.97%"
"04/25/2024","29.771","29.470","30.800","29.190","82.64K","2.59%"
"04/24/2024","29.018","28.505","29.425","28.050","66.69K","2.11%"
"04/23/2024","28.417","29.315","29.965","28.360","79.96K","-3.05%"
"04/22/2024","29.310","30.250","30.460","29.065","72.29K","-4.71%"
"04/19/2024","30.758","32.905","33.835","30.560","88.55K","-4.80%"
"04/18/2024","32.309","31.500","32.650","30.335","85.60K","3.26%"
"04/17/2024","31.289","33.245","33.950","31.110","96.83K","-5.58%"
"04/16/2024","33.139","31.450","33.745","31.400","107.90K","6.41%"
"04/15/2024","31.143","30.745","31.585","29.755","86.73K","1.34%"
"04/12/2024","30.732","29.375","30.995","28.875","95.05K","4.61%"
"04/11/2024","29.377","27.615","29.700","27.600","88.03K","8.40%"
"04/10/2024","27.100","27.025","28.000","26.810","75.86K","-0.92%"
"04/09/2024","27.351","27.745","28.620","27.165","88.90K","-2.00%"
"04/08/2024","27.908","26.450","28.500","26.060","85.32K","4.89%"
"04/05/2024","26.606","26.265","27.040","26.010","74.15K","1.53%"
"04/04/2024","26.206","25.785","26.580","25.480","80.27K","2.52%"
"04/03/2024","25.563","26.170","26.170","25.180","87.54K","-2.44%"
"04/02/2024","26.203","27.250","27.800","26.045","81.70K","-4.16%"
"03/28/2024","27.340","27.435","28.150","27.120","64.74K","-1.25%"
"03/27/2024","27.687","27.100","27.825","26.800","56.50K","2.05%"
"03/26/2024","27.132","28.000","28.250","26.960","85.78K","-4.76%"
"03/25/2024","28.489","27.525","29.085","27.525","90.68K","4.13%"
"03/22/2024","27.360","26.450","27.925","26.100","76.73K","2.57%"
"03/21/2024","26.675","27.300","27.500","26.285","76.89K","-3.85%"
"03/20/2024","27.742","28.780","28.900","27.260","108.11K","-3.89%"
"03/19/2024","28.866","29.010","29.745","27.750","115.82K","0.15%"
"03/18/2024","28.822","27.300","29.225","27.285","126.27K","6.65%"
"03/15/2024","27.026","26.400","27.325","25.975","100.68K","3.75%"
"03/14/2024","26.049","24.600","26.695","24.450","88.15K","4.60%"
"03/13/2024","24.903","24.805","25.475","24.555","69.30K","0.52%"
"03/12/2024","24.775","24.900","25.110","24.250","79.80K","-0.62%"
"03/11/2024","24.930","26.150","26.580","24.710","93.70K","-5.54%"
"03/08/2024","26.392","25.850","26.800","25.620","80.47K","1.54%"
"03/07/2024","25.992","26.260","26.970","25.735","83.53K","-2.18%"
"03/06/2024","26.572","27.450","28.610","26.120","108.09K","-3.26%"
"03/05/2024","27.468","26.835","28.725","26.505","115.91K","2.17%"
"03/04/2024","26.885","25.770","27.350","24.800","95.04K","4.17%"
"03/01/2024","25.809","25.480","25.970","24.970","79.23K","3.80%"
"02/29/2024","24.865","26.000","26.110","24.650","80.40K","-2.94%"
"02/28/2024","25.619","24.705","26.165","24.530","45.17K","5.03%"
"02/27/2024","24.392","24.050","24.800","23.170","75.53K","1.60%"
"02/26/2024","24.009","23.035","24.315","22.850","70.32K","4.69%"
"02/23/2024","22.934","22.860","23.505","22.315","73.81K","-1.12%"
"02/22/2024","23.193","23.865","24.150","22.715","64.96K","-3.27%"
"02/21/2024","23.977","23.950","24.325","23.500","53.60K","-0.79%"
"02/20/2024","24.168","23.625","24.580","23.295","76.73K","1.96%"
"02/19/2024","23.704","24.880","24.880","23.550","59.14K","-4.50%"
"02/16/2024","24.822","24.890","25.375","24.375","66.88K","-0.58%"
"02/15/2024","24.966","24.760","25.740","24.500","67.73K","0.44%"
"02/14/2024","24.857","25.185","25.450","24.530","69.52K","-2.28%"
"02/13/2024","25.436","25.745","26.520","25.245","59.50K","-1.14%"
"02/12/2024","25.729","26.450","26.450","25.625","69.38K","-5.12%"
"02/09/2024","27.117","27.240","27.455","26.600","66.55K","-2.50%"
"02/08/2024","27.812","28.000","28.550","27.620","56.74K","-1.33%"
"02/07/2024","28.186","28.000","28.930","27.860","53.05K","-1.47%"
"02/06/2024","28.607","28.550","29.200","27.600","64.06K","0.94%"
"02/05/2024","28.341","30.325","30.710","28.050","73.86K","-3.29%"
"02/02/2024","29.304","28.450","29.555","28.005","65.65K","1.08%"
"02/01/2024","28.991","29.955","30.890","28.770","64.90K","-4.11%"
"01/31/2024","30.235","29.695","31.220","29.100","72.17K","2.87%"
"01/30/2024","29.391","28.000","29.610","27.475","41.46K","4.32%"
"01/29/2024","28.174","28.430","29.150","27.850","54.86K","0.34%"
"01/26/2024","28.079","27.435","28.945","26.495","87.06K","1.06%"
"01/25/2024","27.784","28.695","29.415","27.435","74.75K","-3.96%"
"01/24/2024","28.929","27.250","29.170","27.000","80.06K","6.25%"
"01/23/2024","27.227","27.200","27.980","26.630","71.81K","-0.14%"
"01/22/2024","27.264","27.620","27.870","26.600","83.96K","-4.10%"
"01/19/2024","28.429","28.485","29.305","28.100","68.16K","1.92%"
"01/18/2024","27.893","27.800","28.730","27.490","61.50K","0.67%"
"01/17/2024","27.708","29.320","29.635","27.340","75.87K","-6.57%"
"01/16/2024","29.656","29.905","30.720","29.210","67.13K","-0.89%"
"01/15/2024","29.923","31.000","31.650","29.285","73.08K","-6.46%"
"01/12/2024","31.991","31.000","32.225","30.915","72.61K","3.81%"
"01/11/2024","30.817","30.600","31.190","30.100","53.30K","-0.40%"
"01/10/2024","30.942","31.250","31.580","30.185","65.85K","0.98%"
"01/09/2024","30.641","30.950","31.820","30.195","70.18K","-2.97%"
"01/08/2024","31.580","34.000","34.055","31.265","80.48K","-8.60%"
"01/05/2024","34.551","32.825","35.055","32.400","70.15K","3.42%"
"01/04/2024","33.410","33.505","34.500","32.090","74.79K","1.88%"
"01/03/2024","32.795","30.750","33.250","30.500","68.76K","7.27%"
"01/02/2024","30.572","33.000","33.600","30.025","53.30K","-5.50%"
"12/29/2023","32.350","33.395","34.400","31.600","39.62K","-2.28%"
"12/28/2023","33.105","34.840","34.905","32.705","46.60K","-6.78%"
"12/27/2023","35.513","35.015","37.350","35.005","50.20K","3.92%"
"12/22/2023","34.174","34.370","34.775","33.430","57.52K","-0.08%"
"12/21/2023","34.203","33.975","36.290","33.755","78.00K","2.03%"
"12/20/2023","33.521","33.005","34.670","32.790","62.06K","2.93%"
"12/19/2023","32.568","36.000","36.000","32.100","76.93K","-8.32%"
"12/18/2023","35.522","33.895","37.590","32.325","104.94K","7.03%"
"12/15/2023","33.189","34.395","34.760","32.880","66.90K","-4.77%"
"12/14/2023","34.850","36.500","36.695","34.520","69.50K","-2.69%"
"12/13/2023","35.812","34.500","36.310","34.050","68.10K","3.20%"
"12/12/2023","34.703","36.000","36.685","34.505","75.22K","-3.92%"
"12/11/2023","36.118","38.105","38.105","35.915","79.23K","-6.43%"
"12/08/2023","38.598","40.500","41.750","38.540","74.05K","-3.43%"
"12/07/2023","39.968","39.200","41.025","38.800","71.65K","1.67%"
"12/06/2023","39.313","38.165","39.825","37.750","70.84K","3.09%"
"12/05/2023","38.133","40.505","40.665","37.915","82.88K","-4.91%"
"12/04/2023","40.104","42.750","42.755","39.870","73.54K","-7.80%"
"12/01/2023","43.496","42.500","44.150","41.700","69.15K","3.34%"
"11/30/2023","42.091","40.465","43.050","40.200","63.61K","4.29%"
"11/29/2023","40.360","42.150","43.100","39.750","60.64K","-5.64%"
"11/28/2023","42.774","44.595","44.750","41.900","65.99K","-2.75%"
"11/27/2023","43.984","46.500","46.745","43.500","60.87K","-5.73%"
"11/24/2023","46.657","45.970","47.585","45.650","68.54K","-0.38%"
"11/23/2023","46.834","46.000","47.215","44.800","91.49K","4.97%"
"11/22/2023","44.616","44.550","45.500","43.250","73.02K","1.25%"
"11/21/2023","44.065","46.495","46.545","43.150","71.44K","-3.83%"
"11/20/2023","45.821","48.165","48.165","45.120","70.60K","1.68%"
"11/17/2023","45.064","46.200","46.850","44.745","55.78K","-1.71%"
"11/16/2023","45.849","47.200","47.880","45.420","65.58K","-2.53%"
"11/15/2023","47.037","47.985","49.400","46.235","75.54K","-1.20%"
"11/14/2023","47.608","47.500","48.010","45.995","72.74K","-0.55%"
"11/13/2023","47.873","46.000","48.225","44.500","69.90K","2.66%"
"11/10/2023","46.632","48.690","48.690","45.530","78.09K","-3.11%"
"11/09/2023","48.129","45.500","49.185","45.050","70.71K","5.14%"
"11/08/2023","45.777","46.800","46.800","44.820","67.46K","-0.61%"
"11/07/2023","46.057","44.750","47.100","44.570","77.48K","2.73%"
"11/06/2023","44.832","47.340","47.340","44.600","74.91K","-6.71%"
"11/03/2023","48.057","49.400","50.400","46.900","81.57K","-1.04%"
"11/02/2023","48.564","48.150","49.340","46.150","86.39K","1.69%"
"11/01/2023","47.757","46.800","48.955","46.115","81.61K","-0.52%"
"10/31/2023","48.006","52.000","52.500","47.255","87.07K","-5.03%"
"10/30/2023","50.547","52.300","54.300","49.400","49.50K","0.03%"
"10/27/2023","50.532","50.900","51.750","49.700","62.97K","-0.55%"
"10/26/2023","50.809","51.450","52.555","49.400","64.49K","1.77%"
"10/25/2023","49.924","49.000","51.200","48.650","77.32K","1.34%"
"10/24/2023","49.264","51.000","53.200","48.385","82.84K","-3.92%"
"10/23/2023","51.276","48.000","51.900","47.850","64.69K","0.32%"
"10/20/2023","51.112","51.000","53.250","49.270","77.18K","1.87%"
"10/19/2023","50.172","49.050","50.945","46.665","80.36K","-1.30%"
"10/18/2023","50.833","49.000","51.750","47.320","71.26K","3.96%"
"10/17/2023","48.896","48.500","49.955","46.200","90.33K","0.89%"
"10/16/2023","48.467","53.000","53.335","48.145","97.23K","-10.22%"
"10/13/2023","53.982","52.025","56.100","50.750","102.69K","1.85%"
"10/12/2023","53.002","45.500","53.300","45.100","106.27K","15.05%"
"10/11/2023","46.068","48.900","50.000","45.400","82.02K","-6.85%"
"10/10/2023","49.455","44.490","49.820","44.100","116.24K","12.52%"
"10/09/2023","43.953","39.950","44.615","39.500","101.20K","14.97%"
"10/06/2023","38.231","36.000","38.625","35.605","69.65K","5.59%"
"10/05/2023","36.207","37.255","38.850","35.985","79.93K","-5.81%"
"10/04/2023","38.441","37.500","38.700","36.870","62.73K","3.93%"
"10/03/2023","36.987","38.000","38.600","35.790","89.18K","-5.97%"
"10/02/2023","39.335","42.000","42.665","38.400","76.90K","-6.03%"
"09/29/2023","41.859","42.750","43.205","41.150","59.44K","5.34%"
"09/28/2023","39.736","39.000","41.665","39.000","54.78K","1.12%"
"09/27/2023","39.296","39.500","40.000","38.260","66.41K","-2.54%"
"09/26/2023","40.322","43.600","43.675","39.300","82.76K","-9.27%"
"09/25/2023","44.442","40.000","45.000","39.250","98.49K","11.69%"
"09/22/2023","39.791","37.000","41.940","36.720","101.99K","1.75%"
"09/21/2023","39.105","36.550","39.450","35.000","94.22K","4.88%"
"09/20/2023","37.284","37.300","39.580","35.395","95.17K","1.36%"
"09/19/2023","36.782","34.000","37.600","33.755","77.89K","6.69%"
"09/18/2023","34.475","35.005","35.850","33.895","55.07K","-5.50%"
"09/15/2023","36.483","35.000","36.775","34.200","66.70K","2.71%"
"09/14/2023","35.521","37.750","38.000","35.125","73.48K","-3.52%"
"09/13/2023","36.817","34.700","38.060","34.105","69.72K","6.10%"
"09/12/2023","34.701","36.000","36.700","34.305","74.15K","-3.20%"
"09/11/2023","35.848","35.250","37.950","35.185","80.18K","3.88%"
"09/08/2023","34.508","34.505","36.900","33.920","90.04K","5.35%"
"09/07/2023","32.755","31.075","33.480","30.500","87.60K","5.41%"
"09/06/2023","31.075","34.800","34.900","30.625","82.71K","-9.79%"
"09/05/2023","34.449","34.800","35.000","31.995","63.83K","2.62%"
"09/04/2023","33.571","37.000","37.500","32.925","62.31K","-5.74%"
"09/01/2023","35.617","36.200","37.250","34.190","71.39K","1.68%"
"08/31/2023","35.029","38.005","38.655","34.785","62.85K","-2.68%"
"08/30/2023","35.992","34.175","36.175","33.550","35.03K","2.26%"
"08/29/2023","35.195","37.880","38.750","34.350","58.84K","-8.38%"
"08/28/2023","38.414","34.835","38.645","34.750","25.05K","10.46%"
"08/25/2023","34.777","32.005","35.800","31.505","74.57K","8.89%"
"08/24/2023","31.938","32.800","34.000","28.985","100.40K","-13.18%"
"08/23/2023","36.786","42.000","42.910","35.025","93.39K","-14.27%"
"08/22/2023","42.908","40.700","44.800","39.095","96.93K","5.21%"
"08/21/2023","40.782","40.000","42.900","37.980","88.94K","12.01%"
"08/18/2023","36.410","37.000","38.405","35.640","60.12K","-1.13%"
"08/17/2023","36.825","37.290","39.520","36.155","71.07K","-2.54%"
"08/16/2023","37.784","39.995","42.660","37.090","68.41K","-2.65%"
"08/15/2023","38.813","35.750","40.705","35.405","90.81K","12.72%"
"08/14/2023","34.434","35.800","37.260","33.680","59.81K","-2.45%"
"08/11/2023","35.300","37.750","38.090","35.075","65.70K","-4.74%"
"08/10/2023","37.056","40.000","42.450","36.500","87.87K","-6.95%"
"08/09/2023","39.823","31.500","43.545","31.040","155.34K","28.19%"
"08/08/2023","31.066","30.785","31.810","29.500","51.41K","1.90%"
"08/07/2023","30.487","29.250","31.200","28.625","41.34K","5.66%"
"08/04/2023","28.853","31.220","31.470","28.500","59.85K","-5.32%"
"08/03/2023","30.473","28.765","31.390","28.765","60.23K","6.02%"
"08/02/2023","28.742","27.420","29.180","27.150","51.35K","5.97%"
"08/01/2023","27.123","29.170","30.500","26.920","67.18K","-4.38%"
"07/31/2023","28.366","26.875","29.050","26.340","58.77K","9.77%"
"07/28/2023","25.841","28.240","28.500","25.370","36.01K","-9.12%"
"07/27/2023","28.434","28.935","29.550","28.025","74.34K","-2.87%"
"07/26/2023","29.275","33.000","34.350","28.725","77.68K","-10.33%"
"07/25/2023","32.648","30.350","33.125","29.750","74.94K","6.84%"
"07/24/2023","30.557","27.250","30.725","27.005","58.96K","8.50%"
"07/21/2023","28.164","28.500","30.890","27.160","79.63K","0.52%"
"07/20/2023","28.018","25.400","28.890","25.280","68.15K","3.91%"
"07/19/2023","26.963","27.285","28.215","25.555","75.19K","-0.39%"
"07/18/2023","27.069","25.975","27.650","25.120","65.57K","7.84%"
"07/17/2023","25.101","24.900","25.855","24.000","61.29K","-3.30%"
"07/14/2023","25.957","27.100","28.755","25.070","70.83K","-2.44%"
"07/13/2023","26.607","27.050","27.615","25.540","54.95K","-0.12%"
"07/12/2023","26.639","29.650","29.650","26.215","82.16K","-8.33%"
"07/11/2023","29.061","29.000","30.400","28.820","56.79K","-3.86%"
"07/10/2023","30.227","32.995","33.755","29.355","73.35K","-9.71%"
"07/07/2023","33.478","32.725","33.900","32.360","55.09K","3.49%"
"07/06/2023","32.348","33.745","34.030","32.225","54.61K","-5.89%"
"07/05/2023","34.373","34.505","36.300","33.855","57.95K","-2.93%"
"07/04/2023","35.410","34.000","35.600","33.155","52.54K","4.36%"
"07/03/2023","33.929","37.500","39.805","33.740","70.74K","-8.55%"
"06/30/2023","37.103","35.600","38.120","33.855","64.78K","5.47%"
"06/29/2023","35.180","34.000","35.600","31.900","43.78K","3.09%"
"06/28/2023","34.125","35.200","35.600","33.250","50.62K","-1.10%"
"06/27/2023","34.506","32.000","35.150","31.555","69.69K","7.92%"
"06/26/2023","31.975","34.065","37.000","31.600","83.14K","-1.64%"
"06/23/2023","32.507","33.750","34.145","31.200","61.86K","-4.66%"
"06/22/2023","34.097","37.500","38.000","33.710","75.68K","-7.20%"
"06/21/2023","36.743","37.800","40.000","36.170","89.06K","-5.08%"
"06/20/2023","38.708","35.500","40.700","35.500","88.89K","10.92%"
"06/19/2023","34.898","32.895","36.000","30.170","77.99K","-0.31%"
"06/16/2023","35.008","39.000","39.300","32.500","90.21K","-14.92%"
"06/15/2023","41.145","38.065","49.950","36.900","130.98K","7.39%"
"06/14/2023","38.312","35.000","40.285","33.010","116.74K","6.27%"
"06/13/2023","36.051","30.400","36.675","28.100","135.35K","16.16%"
"06/12/2023","31.036","33.000","33.275","29.075","79.69K","-3.16%"
"06/09/2023","32.049","26.600","33.475","26.600","104.19K","18.94%"
"06/08/2023","26.945","26.530","29.700","25.575","73.32K","2.33%"
"06/07/2023","26.331","25.100","27.255","24.050","73.07K","5.92%"
"06/06/2023","24.860","28.600","30.570","24.750","85.25K","-12.70%"
"06/05/2023","28.478","23.950","29.365","23.950","87.29K","20.22%"
"06/02/2023","23.689","22.890","24.120","22.855","46.89K","2.54%"
"06/01/2023","23.103","25.750","25.805","22.935","66.81K","-13.96%"
"05/31/2023","26.852","25.500","28.740","24.565","83.48K","8.80%"
"05/30/2023","24.681","24.350","25.500","23.500","24.97K","0.48%"
"05/29/2023","24.562","25.255","26.015","24.295","8.02K","0.17%"
"05/26/2023","24.520","24.275","25.800","23.700","72.79K","-3.66%"
"05/25/2023","25.452","27.975","28.500","24.940","53.89K","-8.40%"
"05/24/2023","27.785","29.650","29.850","27.350","49.26K","-4.61%"
"05/23/2023","29.127","29.090","30.010","28.775","51.50K","-1.97%"
"05/22/2023","29.711","29.500","30.500","28.795","53.20K","-1.54%"
"05/19/2023","30.176","29.880","30.800","29.800","35.32K","1.31%"
"05/18/2023","29.785","31.750","31.750","29.690","46.88K","-6.78%"
"05/17/2023","31.953","32.000","33.050","31.555","48.15K","0.41%"
"05/16/2023","31.821","32.500","33.200","31.505","49.99K","-1.53%"
"05/15/2023","32.314","33.200","33.795","31.650","49.89K","-1.38%"
"05/12/2023","32.767","34.995","35.055","32.180","53.92K","-6.36%"
"05/11/2023","34.993","34.760","35.250","34.350","38.94K","0.00%"
"05/10/2023","34.993","36.000","36.200","34.500","43.49K","-2.66%"
"05/09/2023","35.950","37.475","37.475","35.730","50.66K","-2.51%"
"05/08/2023","36.874","35.705","37.500","35.425","12.33K","0.82%"
"05/05/2023","36.574","35.695","36.835","35.125","52.98K","2.58%"
"05/04/2023","35.653","37.000","37.200","35.420","39.25K","-3.07%"
"05/03/2023","36.782","37.150","37.750","36.350","37.58K","-1.99%"
"05/02/2023","37.529","39.000","39.400","37.250","47.03K","-3.36%"
"05/01/2023","38.834","38.000","39.825","38.000","12.03K","0.77%"
"04/28/2023","38.538","39.025","40.460","38.260","54.08K","-1.28%"
"04/27/2023","39.039","38.500","39.300","38.050","27.95K","1.27%"
"04/26/2023","38.551","39.800","39.960","37.845","57.91K","-3.22%"
"04/25/2023","39.833","39.600","40.210","39.200","51.69K","-0.23%"
"04/24/2023","39.925","40.460","40.460","39.100","55.01K","-0.60%"
"04/21/2023","40.164","40.460","41.305","39.785","49.61K","-0.99%"
"04/20/2023","40.565","39.995","41.200","39.500","45.62K","0.66%"
"04/19/2023","40.298","42.550","43.200","39.685","52.63K","-5.67%"
"04/18/2023","42.722","41.500","43.350","41.155","48.10K","3.88%"
"04/17/2023","41.127","41.500","42.505","41.000","44.70K","-0.05%"
"04/14/2023","41.149","42.460","42.460","40.680","38.29K","-2.24%"
"04/13/2023","42.093","42.505","43.600","41.630","47.23K","-1.84%"
"04/12/2023","42.880","44.145","44.250","42.555","46.18K","-1.86%"
"04/11/2023","43.692","42.000","45.000","40.755","54.12K","1.31%"
"04/10/2023","43.125","43.125","43.125","43.125","","0.00%"
"04/06/2023","43.125","45.000","45.810","42.850","58.44K","-3.25%"
"04/05/2023","44.575","45.105","47.895","44.300","74.90K","-4.28%"
"04/04/2023","46.568","50.750","51.500","45.225","69.19K","-9.34%"
"04/03/2023","51.367","47.000","51.990","46.780","57.54K","7.37%"
"03/31/2023","47.843","43.005","48.370","42.750","53.23K","9.71%"
"03/30/2023","43.609","42.460","44.250","42.250","30.66K","1.88%"
"03/29/2023","42.803","43.280","45.425","41.950","68.50K","0.12%"
"03/28/2023","42.752","41.990","43.690","40.760","68.18K","0.53%"
"03/27/2023","42.528","40.900","43.365","40.900","58.47K","3.49%"
"03/24/2023","41.094","42.995","43.455","40.705","63.82K","-4.84%"
"03/23/2023","43.186","40.000","44.100","40.000","63.78K","8.04%"
"03/22/2023","39.974","41.000","42.965","39.650","60.90K","-5.72%"
"03/21/2023","42.400","39.000","43.255","37.700","64.76K","7.82%"
"03/20/2023","39.325","42.000","42.000","38.750","67.89K","-8.24%"
"03/17/2023","42.857","44.300","46.460","41.900","59.45K","-3.35%"
"03/16/2023","44.341","43.250","45.230","41.800","59.48K","3.35%"
"03/15/2023","42.905","45.000","45.400","42.290","52.52K","-2.90%"
"03/14/2023","44.185","48.205","48.205","43.910","63.20K","-10.89%"
"03/13/2023","49.584","52.000","53.460","48.000","84.32K","-6.19%"
"03/10/2023","52.857","47.000","54.450","45.250","92.19K","21.23%"
"03/09/2023","43.599","41.390","47.775","40.500","68.41K","2.98%"
"03/08/2023","42.339","43.900","45.250","41.555","49.59K","-2.38%"
"03/07/2023","43.370","43.250","43.915","41.675","42.21K","2.90%"
"03/06/2023","42.149","44.550","45.000","41.390","64.84K","-6.29%"
"03/03/2023","44.980","46.000","46.600","44.550","54.54K","-3.92%"
"03/02/2023","46.815","47.975","48.695","46.500","52.27K","-0.57%"
"03/01/2023","47.084","47.400","48.370","46.650","51.49K","0.90%"
"02/28/2023","46.665","47.700","48.650","46.145","47.97K","-1.34%"
"02/27/2023","47.299","51.000","51.000","46.855","41.73K","-7.28%"
"02/24/2023","51.013","50.900","52.950","50.580","45.18K","0.46%"
"02/23/2023","50.780","49.740","51.500","49.280","42.75K","0.42%"
"02/22/2023","50.568","49.625","51.000","49.000","44.17K","4.17%"
"02/21/2023","48.542","49.900","50.250","47.700","46.16K","-2.67%"
"02/20/2023","49.874","50.555","51.850","48.785","40.12K","1.69%"
"02/17/2023","49.047","51.555","51.555","48.100","51.89K","-5.70%"
"02/16/2023","52.011","54.000","54.600","51.500","44.55K","-4.94%"
"02/15/2023","54.716","52.900","55.100","52.500","38.09K","4.45%"
"02/14/2023","52.386","52.190","53.695","51.500","50.16K","1.31%"
"02/13/2023","51.707","53.100","53.100","51.360","38.44K","-4.15%"
"02/10/2023","53.947","53.450","54.920","52.615","43.18K","2.30%"
"02/09/2023","52.734","54.000","55.450","52.510","39.60K","-1.78%"
"02/08/2023","53.687","54.000","56.100","52.810","49.08K","-3.10%"
"02/07/2023","55.403","57.755","58.730","54.350","48.21K","-4.66%"
"02/06/2023","58.109","57.000","58.650","56.050","39.36K","0.38%"
"02/03/2023","57.889","56.350","59.750","55.550","39.35K","1.49%"
"02/02/2023","57.040","57.500","59.885","55.505","44.95K","-4.18%"
"02/01/2023","59.527","60.755","60.800","54.995","44.52K","3.79%"
"01/31/2023","57.352","57.275","61.270","56.250","53.40K","3.98%"
"01/30/2023","55.156","55.500","58.500","53.500","27.50K","-0.49%"
"01/27/2023","55.425","52.355","56.720","52.105","52.11K","1.11%"
"01/26/2023","54.815","57.760","59.700","53.785","54.40K","-3.26%"
"01/25/2023","56.660","58.000","58.200","54.725","48.80K","-2.76%"
"01/24/2023","58.269","60.335","61.350","57.700","44.91K","-11.71%"
"01/23/2023","65.999","68.000","69.000","61.330","48.26K","-1.34%"
"01/20/2023","66.898","60.350","68.000","58.000","49.29K","10.18%"
"01/19/2023","60.717","64.000","65.565","58.000","48.25K","-1.61%"
"01/18/2023","61.709","60.000","63.800","56.390","54.97K","2.74%"
"01/17/2023","60.061","57.000","60.595","51.405","48.29K","8.31%"
"01/16/2023","55.454","65.000","65.250","54.400","38.29K","-14.44%"
"01/13/2023","64.812","69.250","70.250","62.500","50.10K","-2.99%"
"01/12/2023","66.809","66.500","70.610","65.105","42.69K","2.24%"
"01/11/2023","65.346","72.000","73.000","64.300","40.24K","-6.74%"
"01/10/2023","70.071","72.000","76.900","68.250","44.00K","-5.69%"
"01/09/2023","74.302","69.990","76.200","67.820","36.37K","6.86%"
"01/06/2023","69.534","69.000","78.075","67.495","49.01K","-3.99%"
"01/05/2023","72.422","63.130","73.515","63.130","47.12K","11.38%"
"01/04/2023","65.022","70.000","72.000","64.000","42.89K","-10.08%"
"01/03/2023","72.314","79.000","79.000","70.730","39.75K","-6.11%"
"01/02/2023","77.017","70.300","81.150","70.300","6.41K","0.92%"
"12/30/2022","76.315","84.100","84.100","71.500","36.11K","-8.96%"
"12/29/2022","83.830","81.400","86.200","80.125","19.90K","3.05%"
"12/28/2022","81.351","80.000","84.635","76.180","32.53K","1.63%"
"12/27/2022","80.043","80.000","84.245","76.850","11.42K","-3.54%"
"12/23/2022","82.977","88.000","88.600","81.000","45.33K","-9.75%"
"12/22/2022","91.938","95.750","95.995","90.420","38.88K","-5.95%"
"12/21/2022","97.752","103.000","103.000","96.160","38.97K","-7.51%"
"12/20/2022","105.688","105.000","115.740","100.200","45.14K","-2.63%"
"12/19/2022","108.543","115.000","117.000","106.290","38.36K","-5.98%"
"12/16/2022","115.451","132.500","132.500","114.250","49.46K","-14.33%"
"12/15/2022","134.767","130.000","136.200","130.000","39.94K","2.48%"
"12/14/2022","131.511","133.000","135.500","126.550","42.65K","-4.38%"
"12/13/2022","137.529","136.415","141.900","134.000","32.22K","0.69%"
"12/12/2022","136.590","137.750","138.800","126.625","40.09K","-1.81%"
"12/09/2022","139.113","140.000","147.000","134.005","39.17K","0.16%"
"12/08/2022","138.893","154.750","159.005","134.000","45.43K","-6.94%"
"12/07/2022","149.245","137.000","150.335","137.000","41.15K","7.77%"
"12/06/2022","138.488","138.000","141.250","133.700","35.67K","2.81%"
"12/05/2022","134.699","142.950","148.000","132.350","36.87K","-0.64%"
"12/02/2022","135.562","140.000","143.000","125.385","42.81K","-2.65%"
"12/01/2022","139.258","147.500","164.965","136.225","46.87K","-4.88%"
"11/30/2022","146.397","137.000","149.750","132.500","41.02K","10.67%"
"11/29/2022","132.286","124.000","133.090","123.000","36.71K","7.30%"
"11/28/2022","123.282","126.000","126.200","115.980","51.17K","-0.87%"
"11/25/2022","124.370","124.500","126.500","120.345","33.44K","0.47%"
"11/24/2022","123.785","130.000","133.000","119.695","35.53K","-4.50%"
"11/23/2022","129.620","127.750","133.900","122.000","45.49K","8.34%"
"11/22/2022","119.639","117.375","124.950","114.370","47.37K","3.02%"
"11/21/2022","116.128","110.000","121.000","110.000","36.02K","0.54%"
"11/18/2022","115.509","115.000","116.860","107.155","40.87K","2.62%"
"11/17/2022","112.556","105.000","116.500","102.250","35.89K","-1.18%"
"11/16/2022","113.900","118.880","122.000","106.650","33.46K","-8.22%"
"11/15/2022","124.104","117.500","128.095","117.500","38.79K","9.15%"
"11/14/2022","113.704","99.750","117.775","99.500","39.28K","16.20%"
"11/11/2022","97.853","110.000","110.000","96.670","38.37K","-13.75%"
"11/10/2022","113.452","113.000","116.500","108.475","28.97K","0.27%"
"11/09/2022","113.144","115.000","119.615","110.245","32.07K","-4.23%"
"11/08/2022","118.147","113.000","120.800","109.685","31.72K","7.72%"
"11/07/2022","109.683","112.000","113.745","105.500","32.64K","-4.45%"
"11/04/2022","114.786","134.750","134.750","112.600","40.06K","-8.50%"
"11/03/2022","125.445","132.120","139.000","123.070","35.25K","-0.33%"
"11/02/2022","125.863","116.000","135.955","116.000","34.90K","8.32%"
"11/01/2022","116.193","120.000","123.500","114.685","31.56K","-5.80%"
"10/31/2022","123.352","137.500","137.750","120.500","32.36K","9.90%"
"10/28/2022","112.244","110.000","115.000","107.550","29.97K","4.53%"
"10/27/2022","107.384","98.000","110.000","96.135","32.42K","2.94%"
"10/26/2022","104.320","102.000","106.490","98.420","29.35K","4.54%"
"10/25/2022","99.794","95.000","102.000","92.400","32.96K","0.63%"
"10/24/2022","99.170","110.200","110.200","93.330","31.62K","-12.68%"
"10/21/2022","113.576","124.100","127.000","110.250","40.37K","-10.67%"
"10/20/2022","127.147","113.005","131.000","113.000","36.85K","13.01%"
"10/19/2022","112.510","110.000","120.995","107.500","37.88K","-0.63%"
"10/18/2022","113.222","123.000","123.745","107.295","40.76K","-11.53%"
"10/17/2022","127.978","134.650","138.900","123.000","35.43K","-9.87%"
"10/14/2022","141.997","150.000","151.105","139.100","32.44K","-7.68%"
"10/13/2022","153.809","157.505","174.975","151.000","37.23K","-3.98%"
"10/12/2022","160.190","153.500","162.000","153.500","31.18K","2.17%"
"10/11/2022","156.781","155.000","165.900","150.000","36.76K","1.73%"
"10/10/2022","154.118","148.330","187.995","144.000","38.22K","-1.34%"
"10/07/2022","156.207","166.000","166.000","152.950","34.91K","-11.10%"