number,value,datetime_start,datetime_complete,duration,params_fair_c,params_feature_fraction,params_learning_rate,params_max_depth,params_min_child_samples,params_n_estimators,params_num_leaves,state
0,200.6869251096659,2026-04-29 12:12:44.180158,2026-04-29 12:12:46.485041,0 days 00:00:02.304883,5.05954994748709,0.8206894676340437,0.1536665701620294,7,29,861,86,COMPLETE
1,38.679261017750676,2026-04-29 12:12:46.485041,2026-04-29 12:12:48.885036,0 days 00:00:02.399995,8.01205662187335,0.4264896482643801,0.0021694443806620283,10,36,766,40,COMPLETE
2,36.26188388718691,2026-04-29 12:12:48.885036,2026-04-29 12:12:49.478584,0 days 00:00:00.593548,2.7241627728863236,0.9067702243072114,0.010040945026790017,3,39,580,100,COMPLETE
3,37.783593785158715,2026-04-29 12:12:49.478584,2026-04-29 12:12:50.840656,0 days 00:00:01.362072,16.274513065690197,0.4843001333200578,0.0031138624812202405,6,16,687,19,COMPLETE
4,36.54685876043232,2026-04-29 12:12:50.840656,2026-04-29 12:12:51.533638,0 days 00:00:00.692982,13.725493600078648,0.7564663030051142,0.09478530751109676,6,99,457,83,COMPLETE
5,45.23573198642521,2026-04-29 12:12:51.533638,2026-04-29 12:12:52.126997,0 days 00:00:00.593359,57.97950807093008,0.5564569233137396,0.0015218435785148575,3,8,587,70,COMPLETE
6,36.15959800188101,2026-04-29 12:12:52.126997,2026-04-29 12:12:52.928319,0 days 00:00:00.801322,42.814764184045806,0.7665351517896825,0.07759687173092651,10,99,317,103,COMPLETE
7,599595.8124998746,2026-04-29 12:12:52.928319,2026-04-29 12:12:55.165867,0 days 00:00:02.237548,3.5550411650411555,0.6665076907929984,0.18577994240374712,8,13,839,61,COMPLETE
8,19266.038066746536,2026-04-29 12:12:55.165867,2026-04-29 12:12:57.506782,0 days 00:00:02.340915,3.6362591481486595,0.8020769000148182,0.13642989769291378,9,29,898,85,COMPLETE
9,36.953540440944494,2026-04-29 12:12:57.522406,2026-04-29 12:12:57.962678,0 days 00:00:00.440272,6.7928676486546635,0.4529257782624615,0.13254635316077615,3,60,570,73,COMPLETE
10,35.92391014078038,2026-04-29 12:12:57.962678,2026-04-29 12:12:58.613708,0 days 00:00:00.651030,59.07813974186477,0.9867957920046826,0.03063024688942504,10,93,125,110,COMPLETE
11,35.790885524507146,2026-04-29 12:12:58.613708,2026-04-29 12:12:59.284780,0 days 00:00:00.671072,54.78357135774209,0.9974968911293237,0.03322425386247568,10,100,146,110,COMPLETE
12,36.2501579221179,2026-04-29 12:12:59.284780,2026-04-29 12:12:59.895891,0 days 00:00:00.611111,27.945191720987243,0.9775189893363581,0.026517672524721956,9,74,102,110,COMPLETE
13,36.30499047647211,2026-04-29 12:12:59.895891,2026-04-29 12:13:00.438013,0 days 00:00:00.542122,27.65823848279785,0.9920180741484212,0.02739813135925682,8,84,110,94,COMPLETE
14,36.33834680154238,2026-04-29 12:13:00.438013,2026-04-29 12:13:01.538981,0 days 00:00:01.100968,26.925940511536048,0.8995424747750718,0.01011064354456615,10,80,265,52,COMPLETE
15,35.77416427286296,2026-04-29 12:13:01.538981,2026-04-29 12:13:02.051990,0 days 00:00:00.513009,56.563998041195,0.8914391040847839,0.03517612821071973,5,64,306,110,COMPLETE
16,35.814209534933674,2026-04-29 12:13:02.051990,2026-04-29 12:13:02.487048,0 days 00:00:00.435058,38.580812520385415,0.8990076490559026,0.05552369258399506,5,62,285,92,COMPLETE
17,36.699769998494865,2026-04-29 12:13:02.487048,2026-04-29 12:13:03.419510,0 days 00:00:00.932462,19.1173625786204,0.6823603068546348,0.006277580260078912,5,48,405,37,COMPLETE
18,35.83919542387555,2026-04-29 12:13:03.419510,2026-04-29 12:13:03.776337,0 days 00:00:00.356827,40.64207030371655,0.8665268856530186,0.04612399003540455,5,71,203,75,COMPLETE
19,36.19667884729985,2026-04-29 12:13:03.776337,2026-04-29 12:13:04.382302,0 days 00:00:00.605965,11.80329009200444,0.9429798072594259,0.013100169652911836,4,86,402,100,COMPLETE
20,39.8964793539426,2026-04-29 12:13:04.382302,2026-04-29 12:13:04.795834,0 days 00:00:00.413532,18.73421906271534,0.6145535390269147,0.27417170278619185,7,52,219,59,COMPLETE
21,35.96276263041254,2026-04-29 12:13:04.795834,2026-04-29 12:13:05.274411,0 days 00:00:00.478577,39.09706587644616,0.8480830744672655,0.05332194021791957,5,64,325,95,COMPLETE
22,36.11184032816557,2026-04-29 12:13:05.274411,2026-04-29 12:13:05.644728,0 days 00:00:00.370317,45.96145946382,0.9212833333427263,0.019542622501793193,4,63,212,110,COMPLETE
23,36.10909771493816,2026-04-29 12:13:05.644728,2026-04-29 12:13:06.202258,0 days 00:00:00.557530,30.813747011682896,0.8749628052056129,0.053374505211358524,4,48,474,91,COMPLETE
24,35.78656391038517,2026-04-29 12:13:06.202258,2026-04-29 12:13:06.828849,0 days 00:00:00.626591,57.32140322413935,0.9484513953255129,0.04034179187766163,6,72,326,102,COMPLETE
25,35.726429097376176,2026-04-29 12:13:06.828849,2026-04-29 12:13:09.826518,0 days 00:00:02.997669,54.41523183603107,0.9572765300777413,0.006043231809509008,7,73,981,102,COMPLETE
26,36.158950698076055,2026-04-29 12:13:09.826518,2026-04-29 12:13:11.849555,0 days 00:00:02.023037,20.85700212823346,0.7466580284277828,0.005191081504052678,6,74,707,102,COMPLETE
27,35.79046197940191,2026-04-29 12:13:11.849555,2026-04-29 12:13:15.015220,0 days 00:00:03.165665,31.31362744153825,0.9523038957571773,0.005418349434195754,7,70,988,81,COMPLETE
28,35.706373775191224,2026-04-29 12:13:15.015220,2026-04-29 12:13:16.410556,0 days 00:00:01.395336,48.163796084177584,0.8261290325513402,0.014230734214986232,8,80,387,101,COMPLETE
29,35.835725606777366,2026-04-29 12:13:16.410556,2026-04-29 12:13:17.900475,0 days 00:00:01.489919,22.259896472558516,0.8232831865386785,0.015540430981411842,8,80,485,78,COMPLETE
30,45.25397079881149,2026-04-29 12:13:17.900475,2026-04-29 12:13:19.764306,0 days 00:00:01.863831,8.67730148054586,0.80527433612385,0.0010320852029165916,9,93,380,89,COMPLETE
31,36.089364058665524,2026-04-29 12:13:19.764306,2026-04-29 12:13:21.253690,0 days 00:00:01.489384,48.10699540880571,0.9474777406218926,0.008797107825531236,7,68,355,103,COMPLETE
32,35.837085699056274,2026-04-29 12:13:21.253690,2026-04-29 12:13:22.504002,0 days 00:00:01.250312,59.492228125044555,0.8370643232321582,0.019686714127045406,6,56,650,96,COMPLETE
33,38.53340611925048,2026-04-29 12:13:22.504002,2026-04-29 12:13:24.732808,0 days 00:00:02.228806,37.65157751927214,0.8702768537805867,0.0026654718820970607,7,78,496,105,COMPLETE
34,37.54082785820533,2026-04-29 12:13:24.732808,2026-04-29 12:13:26.845427,0 days 00:00:02.112619,49.447429132423046,0.9253078174397219,0.0039759514101245395,8,88,427,96,COMPLETE
35,35.76896100044205,2026-04-29 12:13:26.845427,2026-04-29 12:13:28.798663,0 days 00:00:01.953236,33.84044692446971,0.7790854629908476,0.008147433383116043,6,42,789,67,COMPLETE
36,36.770733549173244,2026-04-29 12:13:28.798663,2026-04-29 12:13:30.539536,0 days 00:00:01.740873,2.0603053019462343,0.7446542375372667,0.007676695117476884,6,38,984,18,COMPLETE
37,35.78819982645162,2026-04-29 12:13:30.539536,2026-04-29 12:13:32.321727,0 days 00:00:01.782191,32.88111142418389,0.7046505649332566,0.011656694919659916,7,23,811,27,COMPLETE
38,36.26405009035433,2026-04-29 12:13:32.321727,2026-04-29 12:13:34.882436,0 days 00:00:02.560709,24.08896697432919,0.7829525803731763,0.0035794136868109337,8,43,764,37,COMPLETE
39,38.526382913601935,2026-04-29 12:13:34.882436,2026-04-29 12:13:37.006860,0 days 00:00:02.124424,34.09136286149522,0.62303415352342,0.0016833211938830442,5,32,918,65,COMPLETE
40,35.744869964135106,2026-04-29 12:13:37.006860,2026-04-29 12:13:38.291552,0 days 00:00:01.284692,46.96583787522583,0.797224062130068,0.01580844890691609,6,55,631,45,COMPLETE
41,35.7103091503554,2026-04-29 12:13:38.291552,2026-04-29 12:13:39.621194,0 days 00:00:01.329642,44.856240841104274,0.7271560560319766,0.015087281994525388,6,56,641,52,COMPLETE
42,35.760095162899475,2026-04-29 12:13:39.621194,2026-04-29 12:13:40.977755,0 days 00:00:01.356561,45.290646386936146,0.7254383891920212,0.01606851033877722,6,56,676,51,COMPLETE
43,35.67255628289926,2026-04-29 12:13:40.977755,2026-04-29 12:13:42.297422,0 days 00:00:01.319667,46.2485123831295,0.7284389920716446,0.014598377992040276,6,54,625,48,COMPLETE
44,35.763643184567755,2026-04-29 12:13:42.297422,2026-04-29 12:13:43.497212,0 days 00:00:01.199790,48.3555304848667,0.643676553858959,0.023006781316971998,7,56,549,44,COMPLETE
45,35.6639210202923,2026-04-29 12:13:43.497212,2026-04-29 12:13:44.963092,0 days 00:00:01.465880,43.39714900934064,0.5475567457721112,0.014668897362789238,7,47,614,45,COMPLETE
46,35.80377219660878,2026-04-29 12:13:44.963092,2026-04-29 12:13:46.610711,0 days 00:00:01.647619,15.858066602449092,0.5658056244634038,0.01249246068566034,8,47,721,30,COMPLETE
47,36.828570110261964,2026-04-29 12:13:46.610711,2026-04-29 12:13:48.659369,0 days 00:00:02.048658,24.58472854095503,0.5432855604153873,0.004614669899746671,7,32,531,53,COMPLETE
48,36.45563092494837,2026-04-29 12:13:48.659369,2026-04-29 12:13:50.989467,0 days 00:00:02.330098,5.556931915026966,0.5848849872794897,0.0066348127647515975,9,51,605,58,COMPLETE
49,35.67839074053079,2026-04-29 12:13:50.989467,2026-04-29 12:13:53.142444,0 days 00:00:02.152977,41.21193919402696,0.44910265965647644,0.010183210607370579,8,23,750,46,COMPLETE
50,35.73348383211135,2026-04-29 12:13:53.142444,2026-04-29 12:13:55.348065,0 days 00:00:02.205621,37.938493838632645,0.49707916419853865,0.009900800030814104,8,22,741,47,COMPLETE
51,35.72264612208047,2026-04-29 12:13:55.348065,2026-04-29 12:13:56.620174,0 days 00:00:01.272109,51.912422887875294,0.4237128235104855,0.024112038190429456,8,67,609,40,COMPLETE
52,36.78504491634219,2026-04-29 12:13:56.620174,2026-04-29 12:13:58.252075,0 days 00:00:01.631901,42.544453004042886,0.4136713112987619,0.02392084507650325,9,14,603,40,COMPLETE
53,39.00147350570721,2026-04-29 12:13:58.252075,2026-04-29 12:13:59.775737,0 days 00:00:01.523662,28.648240021131055,0.44194816304492435,0.02018438905449731,8,7,659,32,COMPLETE
54,35.670287744823106,2026-04-29 12:13:59.775737,2026-04-29 12:14:01.375516,0 days 00:00:01.599779,52.30584680374078,0.4920888306154531,0.01297905708376385,8,59,567,53,COMPLETE
55,35.648377760374515,2026-04-29 12:14:01.375516,2026-04-29 12:14:03.214819,0 days 00:00:01.839303,36.81650957319528,0.48719748183664485,0.012972475473619353,9,59,534,55,COMPLETE
56,35.729110297999426,2026-04-29 12:14:03.214819,2026-04-29 12:14:05.017042,0 days 00:00:01.802223,36.14215273015253,0.4788410406210609,0.010948932232730716,9,60,535,56,COMPLETE
57,35.61465344609615,2026-04-29 12:14:05.017042,2026-04-29 12:14:06.586883,0 days 00:00:01.569841,39.909981143825284,0.5098037240813657,0.012757935648321945,9,24,455,48,COMPLETE
58,35.91059090271877,2026-04-29 12:14:06.586883,2026-04-29 12:14:08.499237,0 days 00:00:01.912354,40.477504422402156,0.517261653753332,0.007599546935970871,10,24,507,48,COMPLETE
59,35.8996786822906,2026-04-29 12:14:08.499237,2026-04-29 12:14:10.332691,0 days 00:00:01.833454,25.978174131268844,0.4633246049728136,0.009639470028217299,9,27,441,62,COMPLETE
60,35.74432417725081,2026-04-29 12:14:10.332691,2026-04-29 12:14:12.365732,0 days 00:00:02.033041,30.39445419763756,0.5091649200225999,0.0128703824937368,10,34,578,55,COMPLETE
61,36.15923763504371,2026-04-29 12:14:12.365732,2026-04-29 12:14:13.837239,0 days 00:00:01.471507,42.23638861412293,0.5314423546197636,0.031266453959197055,8,19,565,43,COMPLETE
62,35.74806999460429,2026-04-29 12:14:13.837239,2026-04-29 12:14:15.216150,0 days 00:00:01.378911,52.289336416209395,0.48495511170246347,0.01836150217013918,9,43,470,49,COMPLETE
63,37.523996205285094,2026-04-29 12:14:15.216150,2026-04-29 12:14:18.042696,0 days 00:00:02.826546,58.95861005540869,0.4415115497300222,0.0138146240068951,9,10,689,70,COMPLETE
64,35.58948187607425,2026-04-29 12:14:18.042696,2026-04-29 12:14:19.745165,0 days 00:00:01.702469,34.87983955637009,0.5852873466499382,0.010864134736218329,8,18,411,59,COMPLETE
65,36.16661681377726,2026-04-29 12:14:19.745165,2026-04-29 12:14:21.687246,0 days 00:00:01.942081,35.41182248755349,0.5813984619262075,0.010941129926558643,9,15,448,59,COMPLETE
66,36.47770836799002,2026-04-29 12:14:21.687246,2026-04-29 12:14:23.151649,0 days 00:00:01.464403,30.02658019190693,0.4024029728845151,0.0068386577329056335,8,17,510,37,COMPLETE
67,35.6775294232592,2026-04-29 12:14:23.151649,2026-04-29 12:14:25.874375,0 days 00:00:02.722726,40.60452858561061,0.4666090201894399,0.008903380443630943,9,60,859,64,COMPLETE
68,37.42116536766473,2026-04-29 12:14:25.874375,2026-04-29 12:14:27.171435,0 days 00:00:01.297060,3.342945812464063,0.5292163402313506,0.018199021782049945,10,60,359,66,COMPLETE
69,36.13920090000095,2026-04-29 12:14:27.171435,2026-04-29 12:14:28.893708,0 days 00:00:01.722273,16.135886683269547,0.5552736991236262,0.008534219469270991,10,66,418,63,COMPLETE
70,36.52813838148795,2026-04-29 12:14:28.893708,2026-04-29 12:14:30.959644,0 days 00:00:02.065936,10.720099607376266,0.47422478833450166,0.028727085768633438,9,50,861,55,COMPLETE
71,35.5580517841946,2026-04-29 12:14:30.966648,2026-04-29 12:14:33.767465,0 days 00:00:02.800817,39.23535435178983,0.5024974975454923,0.009633872005450999,9,28,916,50,COMPLETE
72,35.47244023915413,2026-04-29 12:14:33.767465,2026-04-29 12:14:36.204636,0 days 00:00:02.437171,52.38964577272737,0.4938699129548467,0.012342947806381052,9,27,851,50,COMPLETE
73,35.622355181182485,2026-04-29 12:14:36.204636,2026-04-29 12:14:38.632907,0 days 00:00:02.428271,53.68051163240084,0.5026162822687817,0.01279110389417979,9,28,919,42,COMPLETE
74,35.4625767845223,2026-04-29 12:14:38.632907,2026-04-29 12:14:40.986779,0 days 00:00:02.353872,52.63281973408223,0.4993125799502915,0.011848242856514025,9,28,885,42,COMPLETE
75,35.56020108792475,2026-04-29 12:14:40.986779,2026-04-29 12:14:43.961593,0 days 00:00:02.974814,55.80677997940602,0.5045852580388841,0.005601034717766773,9,28,916,42,COMPLETE
76,35.81838851344946,2026-04-29 12:14:43.961593,2026-04-29 12:14:46.600436,0 days 00:00:02.638843,54.35298944851265,0.5056453480510372,0.004521127530647228,9,28,932,33,COMPLETE
77,35.5105299949567,2026-04-29 12:14:46.600436,2026-04-29 12:14:49.814501,0 days 00:00:03.214065,58.7518658722251,0.5780320070888153,0.005439880980064001,10,19,947,41,COMPLETE
78,37.18007562000849,2026-04-29 12:14:49.814501,2026-04-29 12:14:52.007098,0 days 00:00:02.192597,57.23536016559743,0.6040184106399903,0.002653334407369024,10,20,896,23,COMPLETE
79,35.638085965098,2026-04-29 12:14:52.007098,2026-04-29 12:14:55.192296,0 days 00:00:03.185198,59.95603625643097,0.5248605477589962,0.005300857046814552,10,26,956,42,COMPLETE
80,36.49314740040244,2026-04-29 12:14:55.192296,2026-04-29 12:14:57.955440,0 days 00:00:02.763144,50.73188239610031,0.5772871741309598,0.006011684469263288,10,11,897,35,COMPLETE
81,35.55099858273161,2026-04-29 12:14:57.955440,2026-04-29 12:15:01.123777,0 days 00:00:03.168337,54.49715936237966,0.5217164058718393,0.005208438587234229,10,26,943,42,COMPLETE
82,35.4463142975503,2026-04-29 12:15:01.123777,2026-04-29 12:15:03.720349,0 days 00:00:02.596572,54.204398883615056,0.539393178309147,0.007074265660287936,10,30,820,40,COMPLETE
83,36.41386627912358,2026-04-29 12:15:03.720349,2026-04-29 12:15:06.466733,0 days 00:00:02.746384,48.989849156305816,0.5416507137489277,0.003346530767058809,10,31,829,38,COMPLETE
84,35.76973944828045,2026-04-29 12:15:06.466733,2026-04-29 12:15:10.228835,0 days 00:00:03.762102,44.796783872384545,0.5719307273330889,0.004056159164777141,10,36,959,51,COMPLETE
85,35.68878460710024,2026-04-29 12:15:10.228835,2026-04-29 12:15:13.654718,0 days 00:00:03.425883,53.73829645904377,0.6382517511511027,0.007419154668050315,10,19,948,49,COMPLETE
86,36.566864883306216,2026-04-29 12:15:13.654718,2026-04-29 12:15:16.720849,0 days 00:00:03.066131,33.03315953181063,0.6092301492677776,0.0028204156400015823,10,30,875,40,COMPLETE
87,35.58976991640965,2026-04-29 12:15:16.723855,2026-04-29 12:15:19.531950,0 days 00:00:02.808095,48.39091896818881,0.5555234902931074,0.005762500119396047,9,25,998,34,COMPLETE
88,35.75803781648771,2026-04-29 12:15:19.531950,2026-04-29 12:15:21.773490,0 days 00:00:02.241540,47.49188633725177,0.5990792749969869,0.005008113873570636,10,35,827,28,COMPLETE
89,38.15984544937358,2026-04-29 12:15:21.773490,2026-04-29 12:15:24.198464,0 days 00:00:02.424974,59.8702813448675,0.5615809056431486,0.005909219463358697,9,5,792,34,COMPLETE
90,35.74760267535382,2026-04-29 12:15:24.198464,2026-04-29 12:15:26.973117,0 days 00:00:02.774653,43.86864074201546,0.5916728687934392,0.004442799265112611,10,17,970,31,COMPLETE
91,35.54610629278884,2026-04-29 12:15:26.973117,2026-04-29 12:15:29.812717,0 days 00:00:02.839600,39.11681147262491,0.5144263113056894,0.006773720846203671,9,25,992,38,COMPLETE
92,36.06333853346262,2026-04-29 12:15:29.812717,2026-04-29 12:15:32.947812,0 days 00:00:03.135095,49.89160093842838,0.535195286076373,0.0036740796622095374,9,40,935,40,COMPLETE
93,35.718484085324256,2026-04-29 12:15:32.947812,2026-04-29 12:15:35.797040,0 days 00:00:02.849228,54.28246351677488,0.5477660337290502,0.0063031173656152815,9,21,988,36,COMPLETE
94,35.5355802376166,2026-04-29 12:15:35.797040,2026-04-29 12:15:38.039428,0 days 00:00:02.242388,37.24725822123058,0.5236377904524003,0.007093347310592055,9,34,914,28,COMPLETE
95,35.56056252297229,2026-04-29 12:15:38.039428,2026-04-29 12:15:40.157047,0 days 00:00:02.117619,38.038208950180454,0.5189148678529283,0.007120841400758807,10,33,881,27,COMPLETE
96,35.58025107132303,2026-04-29 12:15:40.157047,2026-04-29 12:15:42.031317,0 days 00:00:01.874270,38.11904778174049,0.5196666967818943,0.00734003293748306,10,38,872,22,COMPLETE
97,35.56648795431682,2026-04-29 12:15:42.031317,2026-04-29 12:15:44.007762,0 days 00:00:01.976445,43.99507776217864,0.4655423743447857,0.008756848654918704,10,34,913,25,COMPLETE
98,35.67287079097336,2026-04-29 12:15:44.007762,2026-04-29 12:15:46.033091,0 days 00:00:02.025329,32.87607857180487,0.48849690838804405,0.006645935667616691,10,30,844,27,COMPLETE
99,37.06146619639505,2026-04-29 12:15:46.033091,2026-04-29 12:15:47.425497,0 days 00:00:01.392406,55.89816548254843,0.4546168556829825,0.0847525672588342,9,26,891,20,COMPLETE
100,35.76273213849349,2026-04-29 12:15:47.425497,2026-04-29 12:15:49.850547,0 days 00:00:02.425050,38.9269480211728,0.5120148219337509,0.004989802817259982,10,33,938,29,COMPLETE
101,35.49553666223553,2026-04-29 12:15:49.850547,2026-04-29 12:15:51.757679,0 days 00:00:01.907132,44.11156946499354,0.46994733448623865,0.009023377959919263,10,29,919,23,COMPLETE
102,35.56125881904454,2026-04-29 12:15:51.760683,2026-04-29 12:15:54.222056,0 days 00:00:02.461373,45.98133846653541,0.4325923882337803,0.009473966103194356,10,29,916,38,COMPLETE
103,35.568550309038294,2026-04-29 12:15:54.222056,2026-04-29 12:15:57.142728,0 days 00:00:02.920672,51.88415357548624,0.49695175256680185,0.008034361572340219,10,32,883,44,COMPLETE
104,35.56512145176573,2026-04-29 12:15:57.142728,2026-04-29 12:15:59.305722,0 days 00:00:02.162994,41.8495705781244,0.5211918424395421,0.00705294767971811,9,36,969,25,COMPLETE
105,36.495247028166716,2026-04-29 12:15:59.305722,2026-04-29 12:16:01.068315,0 days 00:00:01.762593,56.70987983124889,0.4976367819165333,0.0041944740064841085,9,21,850,20,COMPLETE
106,35.931332295437386,2026-04-29 12:16:01.068315,2026-04-29 12:16:02.713850,0 days 00:00:01.645535,36.235458690912175,0.48236043148217356,0.005599614852800212,10,27,916,17,COMPLETE
107,35.54761087944239,2026-04-29 12:16:02.713850,2026-04-29 12:16:05.088131,0 days 00:00:02.374281,50.12508183646265,0.5329834403049684,0.010971471439818496,10,25,800,42,COMPLETE
108,35.64889323057264,2026-04-29 12:16:05.088131,2026-04-29 12:16:05.820748,0 days 00:00:00.732617,51.18919950969904,0.5370064665354327,0.011442305424623588,3,22,808,41,COMPLETE
109,35.63430060034172,2026-04-29 12:16:05.820748,2026-04-29 12:16:08.174597,0 days 00:00:02.353849,48.063293522635725,0.4732535456433914,0.009275540103364488,9,24,773,44,COMPLETE
110,35.428275514356905,2026-04-29 12:16:08.190219,2026-04-29 12:16:11.112027,0 days 00:00:02.921808,43.423859861562434,0.5667825250476312,0.008153028962086499,9,29,943,46,COMPLETE
111,35.42406668587592,2026-04-29 12:16:11.112027,2026-04-29 12:16:14.047622,0 days 00:00:02.935595,45.171604199042264,0.5671811617937785,0.00815484459233785,9,29,947,46,COMPLETE
112,35.42493555661656,2026-04-29 12:16:14.047622,2026-04-29 12:16:16.948656,0 days 00:00:02.901034,43.33384342931332,0.5677325996162557,0.010310874442793157,9,30,946,50,COMPLETE
113,35.42983431553142,2026-04-29 12:16:16.948656,2026-04-29 12:16:19.939239,0 days 00:00:02.990583,43.4210743201322,0.5673454882888932,0.008297123197435322,9,30,971,47,COMPLETE
114,35.64483293171689,2026-04-29 12:16:19.939239,2026-04-29 12:16:22.813422,0 days 00:00:02.874183,42.45136290553895,0.569738151069963,0.010712359062482987,9,23,973,46,COMPLETE
115,35.52370784638574,2026-04-29 12:16:22.813422,2026-04-29 12:16:24.513173,0 days 00:00:01.699751,45.31801635095615,0.6171278941791691,0.00814729722725205,9,31,1000,15,COMPLETE
116,35.61380463512701,2026-04-29 12:16:24.513173,2026-04-29 12:16:27.478988,0 days 00:00:02.965815,45.651670062746774,0.5950427610879481,0.008365227016544022,9,40,997,46,COMPLETE
117,35.63235260975292,2026-04-29 12:16:27.478988,2026-04-29 12:16:29.188245,0 days 00:00:01.709257,31.7302553053752,0.624029192117747,0.00784648010782589,9,30,958,16,COMPLETE
118,36.171671583611484,2026-04-29 12:16:29.188245,2026-04-29 12:16:31.927731,0 days 00:00:02.739486,5.503197551421845,0.6631541186767639,0.006521109391760851,9,37,934,38,COMPLETE
119,35.48365034061777,2026-04-29 12:16:31.927731,2026-04-29 12:16:34.013036,0 days 00:00:02.085305,41.494703753930054,0.6205447722570447,0.008473555828459076,9,31,983,22,COMPLETE
120,35.817930830442705,2026-04-29 12:16:34.013036,2026-04-29 12:16:35.649648,0 days 00:00:01.636612,7.891517157478811,0.6239591253637178,0.010017135513608659,9,31,974,15,COMPLETE
121,35.389958707787216,2026-04-29 12:16:35.649648,2026-04-29 12:16:37.660337,0 days 00:00:02.010689,41.380960452142695,0.5519311214781916,0.008605197323848603,9,29,956,23,COMPLETE
122,35.54824304450888,2026-04-29 12:16:37.660337,2026-04-29 12:16:39.502171,0 days 00:00:01.841834,43.208274730774576,0.5603571343599626,0.008362803645321219,9,34,957,19,COMPLETE
123,35.40537387420089,2026-04-29 12:16:39.502171,2026-04-29 12:16:41.357919,0 days 00:00:01.855748,35.881939093900534,0.5498694090713478,0.011707569172402644,9,29,902,23,COMPLETE
124,35.6877536186092,2026-04-29 12:16:41.357919,2026-04-29 12:16:43.117352,0 days 00:00:01.759433,46.22076731314812,0.6498322730831049,0.016504038072268044,8,30,897,22,COMPLETE
125,35.64355249080049,2026-04-29 12:16:43.117352,2026-04-29 12:16:45.170132,0 days 00:00:02.052780,35.40199648210661,0.5751885497094821,0.011829232746565393,9,32,945,25,COMPLETE
126,35.6113370988637,2026-04-29 12:16:45.170132,2026-04-29 12:16:46.920021,0 days 00:00:01.749889,41.8232786649714,0.6132735301956321,0.014515974378913969,9,28,976,18,COMPLETE
127,35.66699174736599,2026-04-29 12:16:46.920021,2026-04-29 12:16:48.936456,0 days 00:00:02.016435,46.53215784805737,0.550002862040725,0.009718947100393116,8,41,999,23,COMPLETE
128,35.640400694525354,2026-04-29 12:16:48.936456,2026-04-29 12:16:50.770537,0 days 00:00:01.834081,50.40056436508398,0.694214798119326,0.008863269914295327,9,44,865,21,COMPLETE
129,36.7760027472757,2026-04-29 12:16:50.770537,2026-04-29 12:16:53.626167,0 days 00:00:02.855630,4.140816251609315,0.5624339110237945,0.011358684423166067,9,27,933,53,COMPLETE
130,40.42373151670866,2026-04-29 12:16:53.626167,2026-04-29 12:16:54.892519,0 days 00:00:01.266352,14.533947813351993,0.5901651088784358,0.26267474991921563,8,37,904,15,COMPLETE
131,35.48300461657826,2026-04-29 12:16:54.892519,2026-04-29 12:16:57.088108,0 days 00:00:02.195589,41.38307465822102,0.5787414228337058,0.007792726175349058,9,29,964,25,COMPLETE
132,35.43130086292969,2026-04-29 12:16:57.088108,2026-04-29 12:16:59.160307,0 days 00:00:02.072199,40.54656216352422,0.5819219490077886,0.010006024416842523,9,29,957,24,COMPLETE
133,35.562428768988816,2026-04-29 12:16:59.160307,2026-04-29 12:17:01.147950,0 days 00:00:01.987643,40.41536493489427,0.5797971709564789,0.014016354170968607,9,29,957,24,COMPLETE
134,35.514449395183526,2026-04-29 12:17:01.147950,2026-04-29 12:17:03.376297,0 days 00:00:02.228347,35.28086795194492,0.5435185988468374,0.012111639236492769,9,26,928,31,COMPLETE
135,35.672311774990426,2026-04-29 12:17:03.376297,2026-04-29 12:17:06.280087,0 days 00:00:02.903790,42.54653026886325,0.5703868631896191,0.010148032280329018,9,22,949,47,COMPLETE
136,35.756431285951194,2026-04-29 12:17:06.280087,2026-04-29 12:17:09.083542,0 days 00:00:02.803455,28.0148586519048,0.5999095562205755,0.009013597554203542,9,35,887,50,COMPLETE
137,36.04893474488175,2026-04-29 12:17:09.083542,2026-04-29 12:17:11.063404,0 days 00:00:01.979862,19.035495954104135,0.5515478002022581,0.02048902635335913,9,29,969,26,COMPLETE
138,35.73696738483797,2026-04-29 12:17:11.063404,2026-04-29 12:17:12.220083,0 days 00:00:01.156679,29.763381924293277,0.5869519226531599,0.007779853956241369,4,32,833,21,COMPLETE
139,35.89084667450044,2026-04-29 12:17:12.220594,2026-04-29 12:17:14.290443,0 days 00:00:02.069849,52.242779354122504,0.5597718674972071,0.017073372093867695,8,24,942,29,COMPLETE
140,35.56798317606119,2026-04-29 12:17:14.290443,2026-04-29 12:17:17.748365,0 days 00:00:03.457922,59.84544310221055,0.632709924372228,0.006183418057648596,9,20,906,52,COMPLETE
141,35.48664296339071,2026-04-29 12:17:17.748365,2026-04-29 12:17:19.912428,0 days 00:00:02.164063,35.01744905652717,0.5463414455331642,0.013145112911496278,9,26,927,30,COMPLETE
142,35.49365400852639,2026-04-29 12:17:19.912428,2026-04-29 12:17:22.021252,0 days 00:00:02.108824,33.741625489885095,0.5681010903902924,0.010269774532787178,9,27,983,24,COMPLETE
143,35.55287721952351,2026-04-29 12:17:22.021252,2026-04-29 12:17:24.087186,0 days 00:00:02.065934,32.99995549747513,0.5432013591575402,0.012424429380475737,9,27,980,24,COMPLETE
144,35.401758386648225,2026-04-29 12:17:24.087186,2026-04-29 12:17:26.015702,0 days 00:00:01.928516,37.68599639277509,0.5664259771993397,0.010313074669081691,9,30,926,23,COMPLETE
145,35.64918221666111,2026-04-29 12:17:26.015702,2026-04-29 12:17:28.307708,0 days 00:00:02.292006,37.03151581767486,0.5682152527244861,0.013785425022032219,9,25,963,32,COMPLETE
146,35.47263682791193,2026-04-29 12:17:28.307708,2026-04-29 12:17:29.936638,0 days 00:00:01.628930,34.25667010253009,0.6056226781384598,0.010559862876537351,9,31,864,18,COMPLETE
147,35.767628990029465,2026-04-29 12:17:29.936638,2026-04-29 12:17:31.454613,0 days 00:00:01.517975,39.689999146527235,0.6054374337617213,0.015648535627648796,9,33,853,18,COMPLETE
148,35.564635500521184,2026-04-29 12:17:31.454613,2026-04-29 12:17:33.241149,0 days 00:00:01.786536,30.328218310958423,0.5937419311688766,0.011429559499154064,9,30,868,21,COMPLETE
149,35.54094109921489,2026-04-29 12:17:33.241149,2026-04-29 12:17:35.057928,0 days 00:00:01.816779,39.987704474734876,0.5543282460031232,0.007679763130217289,9,35,886,19,COMPLETE
150,35.49680954547749,2026-04-29 12:17:35.057928,2026-04-29 12:17:37.867332,0 days 00:00:02.809404,35.70022194180777,0.5825857561717366,0.010227894487403095,9,31,933,49,COMPLETE
151,35.54080124044496,2026-04-29 12:17:37.867332,2026-04-29 12:17:40.043666,0 days 00:00:02.176334,26.31037790979128,0.5719607340620809,0.010440094341104522,9,27,980,26,COMPLETE
152,35.53373213952203,2026-04-29 12:17:40.043666,2026-04-29 12:17:41.846496,0 days 00:00:01.802830,33.873564632528016,0.5319080834073155,0.012777327688077171,9,29,903,23,COMPLETE
153,35.604946421461555,2026-04-29 12:17:41.846496,2026-04-29 12:17:44.121922,0 days 00:00:02.275426,23.102980409220336,0.5621865529484029,0.009577947410028365,9,32,928,30,COMPLETE
154,35.69859660634014,2026-04-29 12:17:44.121922,2026-04-29 12:17:45.976900,0 days 00:00:01.854978,31.78339975395448,0.5427287343187533,0.011732350184896304,8,23,824,27,COMPLETE
155,35.91997974921913,2026-04-29 12:17:45.976900,2026-04-29 12:17:47.864343,0 days 00:00:01.887443,11.89251782667032,0.5834675471647573,0.008625462559717387,9,26,947,20,COMPLETE
156,38.401436169883205,2026-04-29 12:17:47.864343,2026-04-29 12:17:50.330947,0 days 00:00:02.466604,37.2674041159413,0.6073284700024806,0.11180853254516526,9,28,983,57,COMPLETE
157,35.565022325664174,2026-04-29 12:17:50.330947,2026-04-29 12:17:53.244094,0 days 00:00:02.913147,41.119242696756075,0.5559388437416183,0.007387080556289915,9,38,961,45,COMPLETE
158,35.5010082991795,2026-04-29 12:17:53.244094,2026-04-29 12:17:55.051780,0 days 00:00:01.807686,34.286945686219205,0.5353293002814912,0.013883433202937378,9,31,877,24,COMPLETE
159,35.6592233554509,2026-04-29 12:17:55.051780,2026-04-29 12:17:56.741990,0 days 00:00:01.690210,48.27519147940404,0.5983023822715381,0.010440763916037026,9,33,903,18,COMPLETE
160,35.69768716569423,2026-04-29 12:17:56.741990,2026-04-29 12:17:58.545998,0 days 00:00:01.804008,43.75139660082573,0.5718077650175499,0.015660397516605872,9,25,924,22,COMPLETE
161,35.43994499593208,2026-04-29 12:17:58.545998,2026-04-29 12:18:00.663536,0 days 00:00:02.117538,45.355803561254305,0.5499064072145825,0.008954842015527221,9,29,921,26,COMPLETE
162,35.411553301754154,2026-04-29 12:18:00.663536,2026-04-29 12:18:02.880336,0 days 00:00:02.216800,38.274903337192235,0.5481388895093687,0.00829841980971816,9,28,951,27,COMPLETE
163,35.4186075648963,2026-04-29 12:18:02.881215,2026-04-29 12:18:05.098382,0 days 00:00:02.217167,38.84399658230199,0.5502905985998637,0.008414789335394449,9,29,947,27,COMPLETE
164,35.41541458712404,2026-04-29 12:18:05.098382,2026-04-29 12:18:07.338960,0 days 00:00:02.240578,38.633443964295765,0.5322452893839205,0.00822222522001586,9,29,957,28,COMPLETE
165,35.52852243020184,2026-04-29 12:18:07.338960,2026-04-29 12:18:09.679182,0 days 00:00:02.340222,48.172268724873845,0.5357480753587123,0.006777487484864549,9,30,953,28,COMPLETE
166,35.52484049927977,2026-04-29 12:18:09.679182,2026-04-29 12:18:11.628804,0 days 00:00:01.949622,38.97715148879216,0.5261482231862553,0.00806637268343032,9,34,846,26,COMPLETE
167,35.358277029241464,2026-04-29 12:18:11.628804,2026-04-29 12:18:13.955773,0 days 00:00:02.326969,44.60668444429241,0.5479557486732964,0.00915890694431172,9,29,894,33,COMPLETE
168,35.38355766094252,2026-04-29 12:18:13.955773,2026-04-29 12:18:16.192577,0 days 00:00:02.236804,44.87609002269772,0.5539683680519676,0.009199590343700569,8,28,890,34,COMPLETE
169,35.62217160476391,2026-04-29 12:18:16.192577,2026-04-29 12:18:18.418322,0 days 00:00:02.225745,44.920193228187735,0.5193017847722757,0.009283179011450237,8,23,891,33,COMPLETE
170,35.487573838068,2026-04-29 12:18:18.418322,2026-04-29 12:18:20.820507,0 days 00:00:02.402185,50.0648967905829,0.5508433194432358,0.0062785234085526685,8,28,907,32,COMPLETE
171,35.341721082209155,2026-04-29 12:18:20.820507,2026-04-29 12:18:23.224693,0 days 00:00:02.404186,45.87742039475692,0.5584158772616136,0.008897750442134653,9,29,875,36,COMPLETE
172,35.39378740560354,2026-04-29 12:18:23.224693,2026-04-29 12:18:25.619092,0 days 00:00:02.394399,47.085423088494096,0.5574152411371076,0.008957633192833214,9,28,879,36,COMPLETE
173,35.5278482897635,2026-04-29 12:18:25.619092,2026-04-29 12:18:28.103176,0 days 00:00:02.484084,45.4043526616325,0.5574318640955012,0.007193456829210245,9,33,884,35,COMPLETE
174,35.41020487088541,2026-04-29 12:18:28.103176,2026-04-29 12:18:30.621274,0 days 00:00:02.518098,47.38021455298418,0.5447803242247771,0.008968259545373308,9,29,936,36,COMPLETE
175,35.391565846403076,2026-04-29 12:18:30.621274,2026-04-29 12:18:33.088204,0 days 00:00:02.466930,37.94784747412798,0.5402007092185223,0.009092938707871832,9,29,934,35,COMPLETE
176,35.556630311915285,2026-04-29 12:18:33.088204,2026-04-29 12:18:35.668521,0 days 00:00:02.580317,38.46121582638448,0.5473498899986073,0.008548533968369625,9,24,941,36,COMPLETE
177,35.33710060402554,2026-04-29 12:18:35.668521,2026-04-29 12:18:37.985439,0 days 00:00:02.316918,43.18872118829912,0.5318597255038238,0.009342647685390238,9,29,917,33,COMPLETE
178,35.54112832966621,2026-04-29 12:18:37.985439,2026-04-29 12:18:40.373937,0 days 00:00:02.388498,42.924870084108925,0.5290303089725563,0.009342779853688355,9,35,945,34,COMPLETE
179,35.56638488455462,2026-04-29 12:18:40.373937,2026-04-29 12:18:43.263256,0 days 00:00:02.889319,37.7322735445011,0.5647926366641148,0.007683840934069584,9,26,903,36,COMPLETE
180,35.589491576461896,2026-04-29 12:18:43.263256,2026-04-29 12:18:45.517859,0 days 00:00:02.254603,40.763365923133534,0.5353050284181254,0.00950369748723199,9,32,928,31,COMPLETE
181,35.41735866478225,2026-04-29 12:18:45.517859,2026-04-29 12:18:47.747773,0 days 00:00:02.229914,44.50257989205725,0.547077244662101,0.008933680509323283,9,29,919,29,COMPLETE
182,35.46289308435506,2026-04-29 12:18:47.747773,2026-04-29 12:18:50.254799,0 days 00:00:02.507026,47.03284951484629,0.5594422316488727,0.008278066039043883,9,28,957,33,COMPLETE
183,35.439368577175856,2026-04-29 12:18:50.254799,2026-04-29 12:18:52.405513,0 days 00:00:02.150714,43.846870472643474,0.5107426388931183,0.011017900789561505,9,29,916,30,COMPLETE
184,37.05355271197354,2026-04-29 12:18:52.405513,2026-04-29 12:18:55.020111,0 days 00:00:02.614598,2.3204606891291486,0.5418334212987872,0.0067238351559425775,9,31,935,38,COMPLETE
185,35.49759293695189,2026-04-29 12:18:55.020111,2026-04-29 12:18:57.564446,0 days 00:00:02.544335,38.91794616133284,0.5659532766636627,0.00951599288591897,9,25,948,35,COMPLETE
186,35.39427405770697,2026-04-29 12:18:57.564446,2026-04-29 12:18:59.806538,0 days 00:00:02.242092,42.42718847394307,0.5529405921617893,0.008036479459770051,9,27,899,29,COMPLETE
187,35.468347618377244,2026-04-29 12:18:59.806538,2026-04-29 12:19:02.097660,0 days 00:00:02.291122,43.421995918872625,0.5237793491959262,0.007816518355247213,9,27,896,31,COMPLETE
188,35.47442155745999,2026-04-29 12:19:02.097660,2026-04-29 12:19:04.359914,0 days 00:00:02.262254,47.548722955967655,0.5519834671666467,0.008544156764727149,9,33,872,33,COMPLETE
189,35.652609478424004,2026-04-29 12:19:04.359914,2026-04-29 12:19:06.684601,0 days 00:00:02.324687,37.91979796427745,0.5370607646180723,0.007202844737206818,9,22,911,29,COMPLETE
190,35.5842748580395,2026-04-29 12:19:06.684601,2026-04-29 12:19:09.017418,0 days 00:00:02.332817,41.41409638677562,0.5563275140259842,0.006614439016812185,9,25,929,28,COMPLETE
191,35.434719175853274,2026-04-29 12:19:09.017418,2026-04-29 12:19:11.652438,0 days 00:00:02.635020,41.54831311235409,0.5767628613943111,0.010087570226429426,9,30,969,39,COMPLETE
192,35.453091683065324,2026-04-29 12:19:11.652438,2026-04-29 12:19:14.187409,0 days 00:00:02.534971,37.1059108689974,0.546719823670296,0.008924510899922843,9,28,948,36,COMPLETE
193,35.46548298572155,2026-04-29 12:19:14.187409,2026-04-29 12:19:16.444402,0 days 00:00:02.256993,47.488475223929115,0.56755655698573,0.007988232867265873,9,30,912,29,COMPLETE
194,35.443438779514175,2026-04-29 12:19:16.444402,2026-04-29 12:19:18.893800,0 days 00:00:02.449398,40.07095551831272,0.5844729586778984,0.010652892481597419,9,28,970,33,COMPLETE
195,35.52183531854305,2026-04-29 12:19:18.893800,2026-04-29 12:19:20.953235,0 days 00:00:02.059435,43.202086837242334,0.5301846171046172,0.00951080509703858,9,32,895,27,COMPLETE
196,37.15087589876934,2026-04-29 12:19:20.953235,2026-04-29 12:19:21.715844,0 days 00:00:00.762609,49.78523498977467,0.5615786560859091,0.008476496064363365,9,26,250,31,COMPLETE
197,35.540516527499484,2026-04-29 12:19:21.715844,2026-04-29 12:19:24.503195,0 days 00:00:02.787351,44.7244647571609,0.5445256161285713,0.006116643673896906,9,36,944,37,COMPLETE
198,35.472345800041964,2026-04-29 12:19:24.506199,2026-04-29 12:19:26.858736,0 days 00:00:02.352537,38.76685771661614,0.5752454478128912,0.011200157002825378,9,29,926,34,COMPLETE
199,35.6190216157128,2026-04-29 12:19:26.858736,2026-04-29 12:19:29.159236,0 days 00:00:02.300500,46.90038975292824,0.5264778310190066,0.007601651814274432,9,24,955,28,COMPLETE
200,35.49843081951545,2026-04-29 12:19:29.159236,2026-04-29 12:19:31.276112,0 days 00:00:02.116876,35.97860113144125,0.5154120162431907,0.009725307364814638,9,31,882,30,COMPLETE
201,35.41665858000689,2026-04-29 12:19:31.276112,2026-04-29 12:19:33.866751,0 days 00:00:02.590639,42.04156022385488,0.5785919642148452,0.010457933188744684,9,30,963,39,COMPLETE
202,35.38879652454464,2026-04-29 12:19:33.866751,2026-04-29 12:19:36.408221,0 days 00:00:02.541470,41.126622323965755,0.5565838556399955,0.008792121815519556,9,27,968,35,COMPLETE
203,35.38452999506103,2026-04-29 12:19:36.408221,2026-04-29 12:19:39.012985,0 days 00:00:02.604764,43.27864688343694,0.5538813802984428,0.008692896413613066,9,28,986,35,COMPLETE
204,35.41342310403108,2026-04-29 12:19:39.012985,2026-04-29 12:19:41.617586,0 days 00:00:02.604601,43.22703648217823,0.5558074554504169,0.008724030065582825,9,28,984,35,COMPLETE
205,35.58215218951678,2026-04-29 12:19:41.617586,2026-04-29 12:19:44.236002,0 days 00:00:02.618416,40.1587470507452,0.5386723052464533,0.009042306389921886,9,25,996,35,COMPLETE
206,35.60500590654848,2026-04-29 12:19:44.236002,2026-04-29 12:19:46.758452,0 days 00:00:02.522450,50.75233725221326,0.552522544115082,0.011687230031403139,9,26,976,38,COMPLETE
207,35.389957337887196,2026-04-29 12:19:46.758452,2026-04-29 12:19:49.517339,0 days 00:00:02.758887,45.76276908068838,0.5533233962514964,0.007026123970330499,9,27,1000,35,COMPLETE
208,35.38780875868552,2026-04-29 12:19:49.517339,2026-04-29 12:19:52.326739,0 days 00:00:02.809400,46.24352437796798,0.5433493309184148,0.006870252982328448,9,27,998,36,COMPLETE
209,35.63781724916561,2026-04-29 12:19:52.326739,2026-04-29 12:19:55.118056,0 days 00:00:02.791317,36.50026223440847,0.5387520921646546,0.00711792972614995,9,23,992,36,COMPLETE
210,35.432438270003374,2026-04-29 12:19:55.118056,2026-04-29 12:19:57.892613,0 days 00:00:02.774557,48.19480567927512,0.5501338654263768,0.006090178277318425,9,27,998,34,COMPLETE
211,40.72018470762903,2026-04-29 12:19:57.892613,2026-04-29 12:19:58.393576,0 days 00:00:00.500963,45.82880428787715,0.5576800332270955,0.007111970610140864,9,28,151,32,COMPLETE
212,35.4164976713229,2026-04-29 12:19:58.393576,2026-04-29 12:20:01.122582,0 days 00:00:02.729006,42.05425680494074,0.5292072098335021,0.008606995188029336,9,27,979,39,COMPLETE
213,35.437439139289815,2026-04-29 12:20:01.122582,2026-04-29 12:20:03.836001,0 days 00:00:02.713419,41.09604156392258,0.526403663439249,0.008656280693155417,9,27,981,39,COMPLETE
214,35.54686754617013,2026-04-29 12:20:03.836001,2026-04-29 12:20:06.549499,0 days 00:00:02.713498,42.42915165256753,0.5119064185333401,0.0075857485123448,9,26,981,37,COMPLETE
215,35.613993333433726,2026-04-29 12:20:06.549499,2026-04-29 12:20:09.110255,0 days 00:00:02.560756,38.88051419171149,0.5378441653005192,0.009409706008649522,9,21,963,35,COMPLETE
216,35.406178705089054,2026-04-29 12:20:09.110255,2026-04-29 12:20:11.823109,0 days 00:00:02.712854,49.08319087951292,0.5426300372859846,0.0065535621315075026,9,27,996,33,COMPLETE
217,35.611664950641355,2026-04-29 12:20:11.823109,2026-04-29 12:20:14.586532,0 days 00:00:02.763423,52.07388100896598,0.5291502728075576,0.005702332924547058,9,24,989,34,COMPLETE
218,35.39530687968244,2026-04-29 12:20:14.586532,2026-04-29 12:20:17.419473,0 days 00:00:02.832941,48.688900480458514,0.5419518444388165,0.006993133806251801,9,27,999,37,COMPLETE
219,35.73425047647204,2026-04-29 12:20:17.419473,2026-04-29 12:20:19.999274,0 days 00:00:02.579801,49.6712954453234,0.521737476345396,0.00659489283982074,9,97,996,37,COMPLETE
220,35.47572120878058,2026-04-29 12:20:19.999274,2026-04-29 12:20:23.199568,0 days 00:00:03.200294,53.561298056519405,0.5397923975840414,0.00520630165895902,9,27,999,40,COMPLETE
221,35.54381702848441,2026-04-29 12:20:23.199568,2026-04-29 12:20:25.753267,0 days 00:00:02.553699,46.193636776421584,0.5535255806646884,0.00740184894643173,9,25,971,32,COMPLETE
222,35.399318177957625,2026-04-29 12:20:25.753267,2026-04-29 12:20:28.561030,0 days 00:00:02.807763,48.63256535566177,0.5423093474292089,0.006722525602908966,9,27,1000,36,COMPLETE
223,35.42923269405772,2026-04-29 12:20:28.561030,2026-04-29 12:20:31.495674,0 days 00:00:02.934644,49.46294437782219,0.5287216792806604,0.006403495922505423,9,27,998,36,COMPLETE
224,35.60907606665812,2026-04-29 12:20:31.495674,2026-04-29 12:20:34.508221,0 days 00:00:03.012547,55.23012098416944,0.5396308677478245,0.005711349440337767,9,24,977,39,COMPLETE
225,35.41533630968691,2026-04-29 12:20:34.508221,2026-04-29 12:20:37.149922,0 days 00:00:02.641701,47.334831110231,0.5586600777034487,0.007002584251443174,9,31,970,34,COMPLETE
226,35.46324690376588,2026-04-29 12:20:37.149922,2026-04-29 12:20:39.834243,0 days 00:00:02.684321,47.924637691024884,0.5577444491486829,0.006964274303700376,9,32,980,34,COMPLETE
227,35.69541406135583,2026-04-29 12:20:39.834243,2026-04-29 12:20:42.553063,0 days 00:00:02.718820,20.520346165053557,0.507857522273648,0.006268472346912187,9,27,997,33,COMPLETE
228,35.660495129278296,2026-04-29 12:20:42.553063,2026-04-29 12:20:45.278648,0 days 00:00:02.725585,52.187868622814875,0.5464009728478882,0.007417356675947659,9,22,974,36,COMPLETE
229,35.48572604032911,2026-04-29 12:20:45.278648,2026-04-29 12:20:47.723331,0 days 00:00:02.444683,45.000471741684336,0.5174864419709309,0.008013408819101488,9,26,965,32,COMPLETE
230,35.64014166374256,2026-04-29 12:20:47.723331,2026-04-29 12:20:50.700596,0 days 00:00:02.977265,46.32639808297252,0.5342052333422562,0.005003037570012198,9,28,983,37,COMPLETE
231,35.48817071185194,2026-04-29 12:20:50.700596,2026-04-29 12:20:53.275506,0 days 00:00:02.574910,42.636930940754034,0.5611834768048787,0.008175303652999406,9,31,966,35,COMPLETE
232,35.35658663753243,2026-04-29 12:20:53.275506,2026-04-29 12:20:55.886849,0 days 00:00:02.611343,42.140608043364516,0.5475935085714196,0.009863294563080733,9,30,967,39,COMPLETE
233,35.36695419769613,2026-04-29 12:20:55.886849,2026-04-29 12:20:58.722012,0 days 00:00:02.835163,49.55854525071691,0.5438558738412359,0.006836063499354552,9,28,999,37,COMPLETE
234,35.412175189710084,2026-04-29 12:20:58.722012,2026-04-29 12:21:01.466715,0 days 00:00:02.744703,50.95894484622767,0.546872253894861,0.006802065187061138,9,30,999,34,COMPLETE
235,35.51724477206714,2026-04-29 12:21:01.466715,2026-04-29 12:21:04.369996,0 days 00:00:02.903281,50.10615167122449,0.5531899949956735,0.0057757069706079,9,31,1000,35,COMPLETE
236,35.438525380159476,2026-04-29 12:21:04.369996,2026-04-29 12:21:07.261889,0 days 00:00:02.891893,54.46146033514369,0.547866341781275,0.006674670452546888,9,32,1000,37,COMPLETE
237,35.43360032254044,2026-04-29 12:21:07.261889,2026-04-29 12:21:09.945941,0 days 00:00:02.684052,47.47607396836955,0.5624160748432185,0.006913241398329124,9,29,1000,33,COMPLETE
238,35.51201487864426,2026-04-29 12:21:09.945941,2026-04-29 12:21:12.707000,0 days 00:00:02.761059,51.01944061880361,0.5429230299470057,0.00609875044563585,9,33,978,35,COMPLETE
239,35.59931156297773,2026-04-29 12:21:12.707000,2026-04-29 12:21:15.296789,0 days 00:00:02.589789,55.910317863226304,0.5661868109373656,0.007365257699142248,9,25,983,32,COMPLETE
240,35.42571347234658,2026-04-29 12:21:15.296789,2026-04-29 12:21:17.524064,0 days 00:00:02.227275,49.587745923195996,0.5440569545309631,0.009416189862250145,7,28,963,37,COMPLETE
241,35.433480957189246,2026-04-29 12:21:17.524064,2026-04-29 12:21:20.083241,0 days 00:00:02.559177,45.534355800979554,0.5545056681062739,0.007794995631033105,9,30,960,34,COMPLETE
242,35.42863689851763,2026-04-29 12:21:20.083241,2026-04-29 12:21:22.591980,0 days 00:00:02.508739,44.71538649536918,0.5381415833819135,0.006929117714783892,9,28,934,32,COMPLETE
243,35.45037921075322,2026-04-29 12:21:22.591980,2026-04-29 12:21:25.216749,0 days 00:00:02.624769,48.078046588528196,0.5323418073082717,0.008923514849373416,9,30,985,36,COMPLETE
244,35.47199884524664,2026-04-29 12:21:25.216749,2026-04-29 12:21:27.773088,0 days 00:00:02.556339,43.79857275123052,0.5575605060574529,0.007921822493272581,9,26,957,34,COMPLETE
245,35.36391954133766,2026-04-29 12:21:27.773088,2026-04-29 12:21:30.055447,0 days 00:00:02.282359,41.2942532815078,0.5442937348443311,0.010022527827815776,9,29,935,31,COMPLETE
246,35.46896230003146,2026-04-29 12:21:30.055447,2026-04-29 12:21:32.688742,0 days 00:00:02.633295,47.878633515298404,0.5734862311627807,0.010372370965118062,9,31,1000,38,COMPLETE
247,35.44172960630341,2026-04-29 12:21:32.688742,2026-04-29 12:21:34.952106,0 days 00:00:02.263364,52.30295925696913,0.5504194604651581,0.00953688575838517,9,28,931,30,COMPLETE
248,35.69922467169284,2026-04-29 12:21:34.952106,2026-04-29 12:21:38.265339,0 days 00:00:03.313233,42.11572779979523,0.56012273737429,0.01132221678004777,9,24,898,84,COMPLETE
249,35.48848043281701,2026-04-29 12:21:38.265339,2026-04-29 12:21:40.845881,0 days 00:00:02.580542,46.15649407151557,0.5422226618145264,0.006327256622164126,9,26,975,31,COMPLETE
250,35.58141454974373,2026-04-29 12:21:40.845881,2026-04-29 12:21:43.282786,0 days 00:00:02.436905,41.192193770948926,0.5673962533524469,0.009131807702733913,9,33,942,34,COMPLETE
251,35.45614840788928,2026-04-29 12:21:43.282786,2026-04-29 12:21:45.839946,0 days 00:00:02.557160,44.63860004871287,0.5471459959827456,0.007585008325956956,9,30,913,36,COMPLETE
252,35.41064131411908,2026-04-29 12:21:45.839946,2026-04-29 12:21:48.252035,0 days 00:00:02.412089,49.75211675756153,0.5233453221159776,0.010246720532855143,9,28,867,41,COMPLETE
253,35.472205016200576,2026-04-29 12:21:48.252035,2026-04-29 12:21:50.605292,0 days 00:00:02.353257,51.77036655251936,0.5226317046647725,0.01189740947528196,9,27,853,42,COMPLETE
254,35.41901201698081,2026-04-29 12:21:50.605292,2026-04-29 12:21:53.005433,0 days 00:00:02.400141,56.36808597790093,0.5161048588417568,0.010208958014158689,9,28,868,40,COMPLETE
255,36.17960997653768,2026-04-29 12:21:53.005433,2026-04-29 12:21:55.354298,0 days 00:00:02.348865,6.960843744326099,0.5364429191538985,0.010748112658610224,9,25,876,37,COMPLETE
256,35.37139651155283,2026-04-29 12:21:55.354298,2026-04-29 12:21:57.865841,0 days 00:00:02.511543,39.993216800489584,0.5282216148071195,0.0091852334874083,9,29,907,39,COMPLETE
257,35.619614145868766,2026-04-29 12:21:57.865841,2026-04-29 12:22:00.405533,0 days 00:00:02.539692,36.48273003207205,0.5264549186601839,0.00972615936040709,9,23,895,40,COMPLETE
258,35.39801088271103,2026-04-29 12:22:00.405533,2026-04-29 12:22:02.785466,0 days 00:00:02.379933,40.07062716703653,0.520816777399638,0.011155188049776159,9,29,904,38,COMPLETE
259,35.57796666563315,2026-04-29 12:22:02.785466,2026-04-29 12:22:03.567595,0 days 00:00:00.782129,39.9112154484232,0.5163444099024013,0.01240223870689825,3,27,885,37,COMPLETE
260,35.54303969195712,2026-04-29 12:22:03.567595,2026-04-29 12:22:06.041378,0 days 00:00:02.473783,39.60770113255996,0.5064106416656589,0.011097372326088208,9,25,898,41,COMPLETE
261,35.49803343214255,2026-04-29 12:22:06.041378,2026-04-29 12:22:08.386147,0 days 00:00:02.344769,36.65214822456899,0.5222102211179148,0.009679904331349616,8,29,904,39,COMPLETE
262,35.677558015650696,2026-04-29 12:22:08.386147,2026-04-29 12:22:10.710349,0 days 00:00:02.324202,40.90299008499726,0.5042942541618604,0.012500200586905177,9,33,921,38,COMPLETE
263,35.77839978119523,2026-04-29 12:22:10.710349,2026-04-29 12:22:13.150024,0 days 00:00:02.439675,17.65659029124486,0.5326666766944247,0.01077666516477235,9,26,871,41,COMPLETE
264,35.33664709193319,2026-04-29 12:22:13.150024,2026-04-29 12:22:15.881474,0 days 00:00:02.731450,38.04220736311391,0.5399342465850842,0.008722598927525057,9,29,932,43,COMPLETE
265,35.501199026701386,2026-04-29 12:22:15.881474,2026-04-29 12:22:18.517716,0 days 00:00:02.636242,35.22424263304504,0.532425653733624,0.008978000777087271,9,31,914,43,COMPLETE
266,35.50794089351603,2026-04-29 12:22:18.517716,2026-04-29 12:22:20.890130,0 days 00:00:02.372414,43.56532218336348,0.4953547338533745,0.010194625035486874,9,29,887,39,COMPLETE
267,36.03063443526989,2026-04-29 12:22:20.905759,2026-04-29 12:22:23.302444,0 days 00:00:02.396685,9.525366102992725,0.5166685708540668,0.008827409806947503,9,77,927,41,COMPLETE
268,35.675086558742926,2026-04-29 12:22:23.302444,2026-04-29 12:22:25.657900,0 days 00:00:02.355456,40.230450054070694,0.5411016519417979,0.011581225287518494,9,23,859,38,COMPLETE
269,35.519678403606335,2026-04-29 12:22:25.657900,2026-04-29 12:22:28.127168,0 days 00:00:02.469268,45.21343033525802,0.5274162784233729,0.008022223667059514,9,32,908,36,COMPLETE
270,35.5704348532295,2026-04-29 12:22:28.127168,2026-04-29 12:22:30.509887,0 days 00:00:02.382719,48.600607294155445,0.5742341445492493,0.00994274414308262,9,26,938,32,COMPLETE
271,35.54831080936525,2026-04-29 12:22:30.509887,2026-04-29 12:22:33.115940,0 days 00:00:02.606053,37.300990020654524,0.5379786437213737,0.008787366790524455,9,34,888,43,COMPLETE
272,35.498114329894705,2026-04-29 12:22:33.115940,2026-04-29 12:22:35.274206,0 days 00:00:02.158266,42.890683172433064,0.5221607104582411,0.013871416484151255,9,29,844,38,COMPLETE
273,35.41583902841374,2026-04-29 12:22:35.274206,2026-04-29 12:22:37.614184,0 days 00:00:02.339978,40.36087413679489,0.5496166944998718,0.009764206764388083,8,27,925,36,COMPLETE
274,35.51433757616411,2026-04-29 12:22:37.614184,2026-04-29 12:22:39.987268,0 days 00:00:02.373084,46.571686058292606,0.5074570909508646,0.007614416856164088,9,30,909,33,COMPLETE
275,35.56967699940124,2026-04-29 12:22:39.987268,2026-04-29 12:22:42.455633,0 days 00:00:02.468365,32.68077503916422,0.5649268333740761,0.010962814512580826,9,25,872,40,COMPLETE
276,35.54772490470988,2026-04-29 12:22:42.455633,2026-04-29 12:22:44.132616,0 days 00:00:01.676983,38.05747214662563,0.5379486572912795,0.008141949814514028,5,28,939,80,COMPLETE
277,35.48962698389885,2026-04-29 12:22:44.132616,2026-04-29 12:22:46.547589,0 days 00:00:02.414973,43.09339055166687,0.5526271065792554,0.008944781585870643,9,31,899,36,COMPLETE
278,37.72374216190252,2026-04-29 12:22:46.547589,2026-04-29 12:22:49.612115,0 days 00:00:03.064526,48.652964563238726,0.5298303072114944,0.0020897635477738386,9,24,923,38,COMPLETE
279,35.52394839819663,2026-04-29 12:22:49.612115,2026-04-29 12:22:52.198483,0 days 00:00:02.586368,53.97635647152337,0.5429007961623095,0.0055829314475322345,9,27,941,32,COMPLETE
280,35.56448194126207,2026-04-29 12:22:52.198483,2026-04-29 12:22:54.315711,0 days 00:00:02.117228,45.20598035203535,0.5718471580348068,0.011947401805952051,8,34,887,35,COMPLETE
281,35.55591257064777,2026-04-29 12:22:54.315711,2026-04-29 12:22:58.444588,0 days 00:00:04.128877,41.06323028162314,0.7604192920278549,0.007316380742678292,9,29,954,87,COMPLETE
282,35.84919372233996,2026-04-29 12:22:58.444588,2026-04-29 12:23:01.014361,0 days 00:00:02.569773,35.77213733176439,0.5580038708699975,0.004728073370355625,9,21,911,31,COMPLETE
283,39.101396496550194,2026-04-29 12:23:01.014361,2026-04-29 12:23:03.557722,0 days 00:00:02.543361,48.93040209672741,0.5873651735405804,0.18382452021676993,9,32,930,106,COMPLETE
284,36.62195329870666,2026-04-29 12:23:03.557722,2026-04-29 12:23:05.502230,0 days 00:00:01.944508,43.46887500145698,0.5125439489263978,0.04616143655935571,9,30,854,40,COMPLETE
285,35.46957468615469,2026-04-29 12:23:05.502230,2026-04-29 12:23:07.953375,0 days 00:00:02.451145,38.15305941765726,0.541859338658034,0.009968272021073084,9,27,960,34,COMPLETE
286,35.62894355476063,2026-04-29 12:23:07.953375,2026-04-29 12:23:10.434451,0 days 00:00:02.481076,51.85890527226343,0.5262107276308147,0.008082913946632618,9,25,877,37,COMPLETE
287,35.492384577226304,2026-04-29 12:23:10.434451,2026-04-29 12:23:14.396383,0 days 00:00:03.961932,46.320412718253095,0.5606540475112494,0.006412522202313398,9,29,973,72,COMPLETE
288,36.89119621514338,2026-04-29 12:23:14.396383,2026-04-29 12:23:16.562329,0 days 00:00:02.165946,3.2327669321374857,0.5472637992161943,0.0092151297034908,9,31,718,43,COMPLETE
289,35.65214278140131,2026-04-29 12:23:16.562329,2026-04-29 12:23:18.776530,0 days 00:00:02.214201,41.28513263857435,0.571622888791813,0.010943979883875469,9,23,908,30,COMPLETE
290,35.421323594841944,2026-04-29 12:23:18.776530,2026-04-29 12:23:21.367683,0 days 00:00:02.591153,45.829258920342845,0.5321599199584033,0.007500979640622127,9,27,945,35,COMPLETE
291,35.488302358851115,2026-04-29 12:23:21.367683,2026-04-29 12:23:23.907348,0 days 00:00:02.539665,39.043482361347564,0.554696272268183,0.012539442822095535,9,29,985,38,COMPLETE
292,35.49768578455716,2026-04-29 12:23:23.907348,2026-04-29 12:23:26.476352,0 days 00:00:02.569004,50.40471587060117,0.5439297512477969,0.008382739294931432,9,26,1000,33,COMPLETE
293,35.62477753641919,2026-04-29 12:23:26.476352,2026-04-29 12:23:29.017152,0 days 00:00:02.540800,34.916298699018014,0.5158462783898847,0.009529337175348079,9,32,923,41,COMPLETE
294,35.47318822283324,2026-04-29 12:23:29.017152,2026-04-29 12:23:31.651582,0 days 00:00:02.634430,57.4126666735813,0.4965913669980177,0.006917351530147686,9,29,961,36,COMPLETE
295,35.58750299520433,2026-04-29 12:23:31.651582,2026-04-29 12:23:34.446616,0 days 00:00:02.795034,42.932485400840655,0.561485937289645,0.005709582818355288,9,35,893,39,COMPLETE
296,35.56239753718381,2026-04-29 12:23:34.446616,2026-04-29 12:23:37.017636,0 days 00:00:02.571020,47.6004741052994,0.7122123526931063,0.010619614822983897,9,25,982,33,COMPLETE
297,35.796621165203135,2026-04-29 12:23:37.017636,2026-04-29 12:23:39.869403,0 days 00:00:02.851767,42.069960491090136,0.9803803371164834,0.008561464798828489,9,27,940,37,COMPLETE
298,35.44283542401334,2026-04-29 12:23:39.869403,2026-04-29 12:23:42.016396,0 days 00:00:02.146993,39.34346883891873,0.5314094142438325,0.007743924873500732,9,31,832,31,COMPLETE
299,35.43251183785397,2026-04-29 12:23:42.016396,2026-04-29 12:23:43.957269,0 days 00:00:01.940873,45.14739692837879,0.5812685592576249,0.009799595150217392,9,28,675,35,COMPLETE
300,35.67583635344006,2026-04-29 12:23:43.957269,2026-04-29 12:23:46.129329,0 days 00:00:02.172060,50.069325951352134,0.5507408923623691,0.013315737827517708,8,24,865,39,COMPLETE
301,35.6054729709809,2026-04-29 12:23:46.129329,2026-04-29 12:23:48.438102,0 days 00:00:02.308773,54.7160562406007,0.5372819038237018,0.008934893067865005,9,45,915,33,COMPLETE
302,35.49561889847772,2026-04-29 12:23:48.438102,2026-04-29 12:23:50.851088,0 days 00:00:02.412986,37.22371296861074,0.5199686434458104,0.011385614892696464,9,29,964,35,COMPLETE
303,35.46028821249955,2026-04-29 12:23:50.851088,2026-04-29 12:23:53.263862,0 days 00:00:02.412774,43.715731587175576,0.6777718570192068,0.00639370651710135,9,33,888,30,COMPLETE
304,35.70131717968593,2026-04-29 12:23:53.263862,2026-04-29 12:23:56.278132,0 days 00:00:03.014270,41.145314664932066,0.91664763994583,0.007588533366631312,9,26,982,37,COMPLETE
305,35.45093485743884,2026-04-29 12:23:56.278132,2026-04-29 12:23:58.897577,0 days 00:00:02.619445,33.99440670798069,0.5665628554952696,0.010142025386851333,9,30,949,41,COMPLETE
306,35.459235648433925,2026-04-29 12:23:58.897577,2026-04-29 12:24:01.534604,0 days 00:00:02.637027,47.16239729685563,0.5513615582945074,0.008555721083960795,8,27,932,44,COMPLETE
307,35.63126962778675,2026-04-29 12:24:01.534604,2026-04-29 12:24:03.382585,0 days 00:00:01.847981,50.46584793440012,0.5362802041809571,0.0069509443265733575,7,31,901,22,COMPLETE
308,35.66438900353334,2026-04-29 12:24:03.382585,2026-04-29 12:24:05.403179,0 days 00:00:02.020594,40.04387267483681,0.526954955836835,0.009300006468656363,6,22,965,33,COMPLETE
309,35.62853105843708,2026-04-29 12:24:05.403179,2026-04-29 12:24:07.611483,0 days 00:00:02.208304,44.303395916680614,0.5745733156453307,0.01124662578537544,9,87,921,38,COMPLETE
310,36.44485236544968,2026-04-29 12:24:07.611483,2026-04-29 12:24:10.261386,0 days 00:00:02.649903,4.29339518141029,0.560152519434337,0.008052766201088347,9,28,1000,35,COMPLETE
311,35.78846404481546,2026-04-29 12:24:10.261386,2026-04-29 12:24:13.134350,0 days 00:00:02.872964,36.814440036665026,0.5059775180152492,0.005169209809770834,9,24,980,36,COMPLETE
312,35.600997974859425,2026-04-29 12:24:13.134878,2026-04-29 12:24:15.499063,0 days 00:00:02.364185,53.59580762891886,0.544908101853457,0.006053299546144605,9,33,873,31,COMPLETE
313,36.07557429072491,2026-04-29 12:24:15.499063,2026-04-29 12:24:18.398599,0 days 00:00:02.899536,13.676104546554397,0.5211034663275458,0.007231384497207132,9,12,947,40,COMPLETE
314,35.39281951964981,2026-04-29 12:24:18.398599,2026-04-29 12:24:20.506397,0 days 00:00:02.107798,47.36226443200573,0.5404746427292092,0.010140601901649336,9,30,968,25,COMPLETE
315,35.49022999753518,2026-04-29 12:24:20.506397,2026-04-29 12:24:22.874113,0 days 00:00:02.367716,46.04258822765925,0.5557164217390168,0.009059528762146869,10,36,964,29,COMPLETE
316,35.575353939521634,2026-04-29 12:24:22.874113,2026-04-29 12:24:24.942589,0 days 00:00:02.068476,41.982166371729846,0.5905421028091162,0.012537071132929291,9,31,987,24,COMPLETE
317,35.465125583203715,2026-04-29 12:24:24.942589,2026-04-29 12:24:26.869725,0 days 00:00:01.927136,39.06917642010415,0.5403076289122705,0.008124209457874216,9,30,952,21,COMPLETE
318,35.548401941657566,2026-04-29 12:24:26.885357,2026-04-29 12:24:29.145124,0 days 00:00:02.259767,44.16711829592261,0.5641663891800027,0.006406012651749763,9,26,1000,24,COMPLETE
319,35.4978905531395,2026-04-29 12:24:29.145124,2026-04-29 12:24:31.232133,0 days 00:00:02.087009,32.02543975791673,0.5472584731389962,0.00994766771574557,9,33,936,26,COMPLETE
320,40.51013425671224,2026-04-29 12:24:31.232133,2026-04-29 12:24:33.957165,0 days 00:00:02.725032,48.398345272717016,0.5752225926332335,0.0011746387629625935,9,19,970,28,COMPLETE
321,35.87177239473711,2026-04-29 12:24:33.970671,2026-04-29 12:24:36.223765,0 days 00:00:02.253094,40.64357777190897,0.8113064394864544,0.015082141165342733,9,29,983,25,COMPLETE
322,35.46888715562275,2026-04-29 12:24:36.223765,2026-04-29 12:24:38.634089,0 days 00:00:02.410324,36.227559547234954,0.5345507443223089,0.007311415250596215,9,26,923,32,COMPLETE
323,35.39495768105907,2026-04-29 12:24:38.634089,2026-04-29 12:24:41.115115,0 days 00:00:02.481026,46.120155650785115,0.5540319762986865,0.00877130826596843,9,30,957,34,COMPLETE
324,35.680161142357036,2026-04-29 12:24:41.115115,2026-04-29 12:24:42.983302,0 days 00:00:01.868187,42.646264813438314,0.5582245793310662,0.01126724711397811,9,34,964,20,COMPLETE
325,35.49259200587678,2026-04-29 12:24:42.983302,2026-04-29 12:24:45.522401,0 days 00:00:02.539099,45.17232785120775,0.5716555951333373,0.008414267110247437,9,32,978,34,COMPLETE
326,35.41450838073308,2026-04-29 12:24:45.522401,2026-04-29 12:24:47.860271,0 days 00:00:02.337870,38.73396608240358,0.552189147796297,0.009444612128159842,9,30,953,31,COMPLETE
327,35.45038644403771,2026-04-29 12:24:47.860271,2026-04-29 12:24:50.368950,0 days 00:00:02.508679,41.728017804760555,0.537689499774605,0.0067552136507562765,9,28,907,33,COMPLETE
328,35.61334010216088,2026-04-29 12:24:50.368950,2026-04-29 12:24:52.790745,0 days 00:00:02.421795,47.22357698412915,0.5623758729101157,0.0078870651080076,9,24,983,29,COMPLETE
329,35.56005394575509,2026-04-29 12:24:52.790745,2026-04-29 12:24:55.754024,0 days 00:00:02.963279,52.43720641173827,0.8782756428221818,0.005564643563597621,9,31,944,35,COMPLETE
330,35.5667620703568,2026-04-29 12:24:55.754024,2026-04-29 12:24:59.122578,0 days 00:00:03.368554,34.41910315075309,0.5801912546696877,0.010623378071488622,10,26,966,61,COMPLETE
331,35.49503382849039,2026-04-29 12:24:59.122578,2026-04-29 12:25:01.158594,0 days 00:00:02.036016,44.0066271111342,0.5482150648646698,0.013317254490414702,8,28,985,26,COMPLETE
332,35.41463814922561,2026-04-29 12:25:01.158594,2026-04-29 12:25:03.793397,0 days 00:00:02.634803,39.196958936421105,0.5314304644886068,0.00886255216096313,9,30,1000,37,COMPLETE
333,35.5899872459167,2026-04-29 12:25:03.793397,2026-04-29 12:25:06.286697,0 days 00:00:02.493300,47.55408880319456,0.5642933976132108,0.007614480261543254,9,22,924,33,COMPLETE
334,35.492263988328084,2026-04-29 12:25:06.286697,2026-04-29 12:25:08.150089,0 days 00:00:01.863392,41.54011891944647,0.5140979117758251,0.009967130893079629,9,35,899,23,COMPLETE
335,35.49907247012785,2026-04-29 12:25:08.150089,2026-04-29 12:25:10.422616,0 days 00:00:02.272527,37.28486622917353,0.5424784811625442,0.012042849870759747,9,27,954,30,COMPLETE
336,35.45828200036203,2026-04-29 12:25:10.422616,2026-04-29 12:25:13.152261,0 days 00:00:02.729645,50.96337247697756,0.5547912180992655,0.006374883073677496,9,32,973,35,COMPLETE
337,35.569828001094756,2026-04-29 12:25:13.152261,2026-04-29 12:25:15.757199,0 days 00:00:02.604938,44.58839069073802,0.5284637204544549,0.008393616310826702,9,25,933,38,COMPLETE
338,35.63348431992519,2026-04-29 12:25:15.757199,2026-04-29 12:25:18.220923,0 days 00:00:02.463724,57.761929627217306,0.542768919620535,0.007349119023722898,9,83,1000,32,COMPLETE
339,35.36227200960453,2026-04-29 12:25:18.220923,2026-04-29 12:25:20.628013,0 days 00:00:02.407090,46.58362391881644,0.5688658794041068,0.009546995062153523,9,28,913,34,COMPLETE
340,35.43736916115154,2026-04-29 12:25:20.628013,2026-04-29 12:25:23.120016,0 days 00:00:02.492003,40.71706619189764,0.5825788237803478,0.010619113794212048,10,30,909,36,COMPLETE
341,35.64682146280855,2026-04-29 12:25:23.120016,2026-04-29 12:25:24.297208,0 days 00:00:01.177192,45.224589209665105,0.5700524202741383,0.009271963163658114,4,28,898,38,COMPLETE
342,35.85439441536829,2026-04-29 12:25:24.297208,2026-04-29 12:25:26.543102,0 days 00:00:02.245894,42.8560312756682,0.8415516042162192,0.011144389828861106,8,32,878,35,COMPLETE
343,35.981575848382946,2026-04-29 12:25:26.543102,2026-04-29 12:25:27.732295,0 days 00:00:01.189193,37.71360644329785,0.5909117149728997,0.009572882271705815,9,49,378,34,COMPLETE
344,35.410993525941734,2026-04-29 12:25:27.732295,2026-04-29 12:25:29.947299,0 days 00:00:02.215004,34.43313594805035,0.5636586732805954,0.00877988250516503,9,29,922,27,COMPLETE
345,35.57612725172404,2026-04-29 12:25:29.947299,2026-04-29 12:25:32.910251,0 days 00:00:02.962952,46.00916245788409,0.553599892593823,0.011965369321309755,9,25,890,67,COMPLETE
346,35.42174657626272,2026-04-29 12:25:32.910251,2026-04-29 12:25:35.499024,0 days 00:00:02.588773,39.66230109696247,0.5778001498526811,0.010098962345929713,9,30,943,39,COMPLETE
347,35.57611254609016,2026-04-29 12:25:35.499024,2026-04-29 12:25:37.442212,0 days 00:00:01.943188,49.49673761791064,0.5667087608063023,0.00817948946578954,9,34,914,22,COMPLETE
348,35.528506255228685,2026-04-29 12:25:37.442212,2026-04-29 12:25:39.262051,0 days 00:00:01.819839,41.05868086593638,0.5258629649154198,0.014221670253779744,9,27,757,31,COMPLETE
349,36.4998017636788,2026-04-29 12:25:39.262051,2026-04-29 12:25:40.201769,0 days 00:00:00.939718,29.84430292249406,0.5525718650787274,0.009076092817213749,9,23,330,29,COMPLETE
350,36.30541828208952,2026-04-29 12:25:40.201769,2026-04-29 12:25:42.766557,0 days 00:00:02.564788,43.44703312198982,0.5349823711654639,0.010696039942222103,9,16,931,37,COMPLETE
351,35.45813474563895,2026-04-29 12:25:42.766557,2026-04-29 12:25:45.231750,0 days 00:00:02.465193,36.28508160148961,0.5509328919945529,0.007592830122538299,9,28,906,34,COMPLETE
352,35.59017057723614,2026-04-29 12:25:45.231750,2026-04-29 12:25:47.970739,0 days 00:00:02.738989,53.506177847162455,0.7904085483913248,0.008304028444082621,9,32,952,37,COMPLETE
353,35.50929755724781,2026-04-29 12:25:47.970739,2026-04-29 12:25:50.258198,0 days 00:00:02.287459,47.2286855407536,0.5070022267399453,0.009807808680148182,9,30,936,32,COMPLETE
354,35.61285390671352,2026-04-29 12:25:50.258198,2026-04-29 12:25:52.614784,0 days 00:00:02.356586,43.44786856944938,0.5702991282792017,0.012281017881305726,9,26,880,39,COMPLETE
355,35.7921047426786,2026-04-29 12:25:52.614784,2026-04-29 12:25:54.247306,0 days 00:00:01.632522,38.3425001568113,0.9604485121806838,0.00713128471438783,9,38,590,25,COMPLETE
356,37.508487619896094,2026-04-29 12:25:54.247306,2026-04-29 12:25:56.411616,0 days 00:00:02.164310,32.07885422525579,0.5379438103926556,0.07607990900114549,9,28,967,36,COMPLETE
357,35.616254440340725,2026-04-29 12:25:56.411616,2026-04-29 12:25:58.662100,0 days 00:00:02.250484,47.034842472095804,0.5914139998209826,0.009158091712826041,9,24,845,33,COMPLETE
358,35.61073055387022,2026-04-29 12:25:58.662100,2026-04-29 12:26:01.132243,0 days 00:00:02.470143,41.06083283013507,0.7470048809253335,0.01068446056258293,9,31,916,35,COMPLETE
359,37.0082975339237,2026-04-29 12:26:01.132243,2026-04-29 12:26:02.970294,0 days 00:00:01.838051,53.08593224076964,0.5203668640929425,0.008458806696784095,9,8,889,21,COMPLETE
360,35.451467353822,2026-04-29 12:26:02.970294,2026-04-29 12:26:05.809082,0 days 00:00:02.838788,50.11612078010009,0.5560517265009498,0.007774632987826078,9,29,957,42,COMPLETE
361,38.69242315108463,2026-04-29 12:26:05.809082,2026-04-29 12:26:06.308182,0 days 00:00:00.499100,44.89944990049774,0.4887325747499653,0.009807667071590222,9,33,167,30,COMPLETE
362,35.719145353816785,2026-04-29 12:26:06.308182,2026-04-29 12:26:08.414408,0 days 00:00:02.106226,35.8216181496708,0.5411135943419466,0.011208387184453349,8,21,931,28,COMPLETE
363,35.48520997181994,2026-04-29 12:26:08.414408,2026-04-29 12:26:11.387125,0 days 00:00:02.972717,39.43480467576746,0.5611173046647288,0.006742827172478417,10,26,973,39,COMPLETE
364,35.40425812981364,2026-04-29 12:26:11.387125,2026-04-29 12:26:13.628755,0 days 00:00:02.241630,42.37177792876473,0.5305660295521454,0.008788343113405138,9,28,859,33,COMPLETE
