number,value,datetime_start,datetime_complete,duration,params_alpha,params_feature_fraction,params_learning_rate,params_max_depth,params_min_child_samples,params_n_estimators,params_num_leaves,state
0,62.76116249578958,2026-04-29 11:44:14.588544,2026-04-29 11:44:15.048463,0 days 00:00:00.459919,5.148473319897824,0.586168228708921,0.014984931145556647,6,72,128,97,COMPLETE
1,66.8848325424497,2026-04-29 11:44:15.048463,2026-04-29 11:44:15.862631,0 days 00:00:00.814168,9.171908199513224,0.7531794014166684,0.001239292050406113,6,59,139,57,COMPLETE
2,66.31963326053946,2026-04-29 11:44:15.862631,2026-04-29 11:44:16.809752,0 days 00:00:00.947121,2.6766905833010037,0.5930206486548054,0.0022253780718885807,4,84,472,21,COMPLETE
3,44.97482161414274,2026-04-29 11:44:16.824257,2026-04-29 11:44:17.457976,0 days 00:00:00.633719,44.21962433318867,0.7664937041527025,0.0031096445146519486,3,31,574,57,COMPLETE
4,35.97855399120485,2026-04-29 11:44:17.471480,2026-04-29 11:44:18.708012,0 days 00:00:01.236532,24.372600473010515,0.557141090990596,0.04375456178113176,5,77,945,105,COMPLETE
5,50.56581546438276,2026-04-29 11:44:18.708012,2026-04-29 11:44:21.076998,0 days 00:00:02.368986,11.434758882459414,0.610257098155655,0.004122360975522692,9,71,902,26,COMPLETE
6,36.25376512680961,2026-04-29 11:44:21.076998,2026-04-29 11:44:21.339082,0 days 00:00:00.262084,23.16285338800054,0.437277878886137,0.27785285767530604,4,82,217,37,COMPLETE
7,37.828843448576315,2026-04-29 11:44:21.339082,2026-04-29 11:44:23.896299,0 days 00:00:02.557217,6.959155613885817,0.4787438319062733,0.028087805897171945,8,95,949,70,COMPLETE
8,65.08243473154805,2026-04-29 11:44:23.896299,2026-04-29 11:44:25.900572,0 days 00:00:02.004273,2.9229934434417477,0.6996047050772293,0.0018970452776519331,5,87,911,60,COMPLETE
9,37.371364824569845,2026-04-29 11:44:25.900572,2026-04-29 11:44:31.128268,0 days 00:00:05.227696,39.59041435660218,0.841003004242688,0.005093358081523598,9,31,811,105,COMPLETE
10,36.82270024839109,2026-04-29 11:44:31.143892,2026-04-29 11:44:33.123880,0 days 00:00:01.979988,17.609124720348586,0.9922750049822331,0.11410550075689416,7,10,667,85,COMPLETE
11,36.18282601357511,2026-04-29 11:44:33.123880,2026-04-29 11:44:33.410587,0 days 00:00:00.286707,21.639723366341425,0.4128362006565079,0.19455855296323213,3,53,342,38,COMPLETE
12,36.594730380152534,2026-04-29 11:44:33.410587,2026-04-29 11:44:33.693237,0 days 00:00:00.282650,23.126245325917715,0.42690642659977446,0.05535416417284141,3,46,329,42,COMPLETE
13,36.38459003846115,2026-04-29 11:44:33.693237,2026-04-29 11:44:34.193869,0 days 00:00:00.500632,15.2360176859587,0.5080802519214858,0.2485095083089271,5,52,396,80,COMPLETE
14,37.19028592378204,2026-04-29 11:44:34.193869,2026-04-29 11:44:34.855562,0 days 00:00:00.661693,58.720936476551294,0.5436927218212549,0.09639651515144222,4,64,704,40,COMPLETE
15,44.18946247461555,2026-04-29 11:44:34.855562,2026-04-29 11:44:35.163277,0 days 00:00:00.307715,27.2326277903391,0.403169749176018,0.012298843932924878,3,41,299,109,COMPLETE
16,36.032911054049265,2026-04-29 11:44:35.163277,2026-04-29 11:44:36.070590,0 days 00:00:00.907313,38.27925175534328,0.51010300383883,0.041340128159176405,5,6,538,90,COMPLETE
17,35.69998120715416,2026-04-29 11:44:36.070590,2026-04-29 11:44:38.011761,0 days 00:00:01.941171,33.74101324530896,0.6578365312742172,0.03402812299731973,7,6,561,92,COMPLETE
18,36.11279765976836,2026-04-29 11:44:38.011761,2026-04-29 11:44:40.860711,0 days 00:00:02.848950,32.13827403096407,0.6672413995297467,0.011277098960798104,7,20,771,98,COMPLETE
19,36.10627500256875,2026-04-29 11:44:40.860711,2026-04-29 11:44:43.314329,0 days 00:00:02.453618,54.8807532966921,0.8576613285113543,0.025122025965844865,10,100,993,75,COMPLETE
20,36.2355006264484,2026-04-29 11:44:43.314329,2026-04-29 11:44:45.227059,0 days 00:00:01.912730,14.202775118197902,0.6285264903130394,0.06527671249213676,8,26,643,92,COMPLETE
21,35.93432689985049,2026-04-29 11:44:45.227059,2026-04-29 11:44:46.085991,0 days 00:00:00.858932,35.24618800128812,0.5548421258954878,0.03974654745591427,5,5,487,88,COMPLETE
22,35.97619387987748,2026-04-29 11:44:46.085991,2026-04-29 11:44:47.307455,0 days 00:00:01.221464,31.255329290573307,0.6531320652978531,0.025525572043021468,6,13,458,102,COMPLETE
23,39.95647253937386,2026-04-29 11:44:47.311463,2026-04-29 11:44:48.963438,0 days 00:00:01.651975,32.21629442471738,0.6720005585152659,0.0076998052086052395,6,15,458,70,COMPLETE
24,35.69347399111174,2026-04-29 11:44:48.963438,2026-04-29 11:44:51.044759,0 days 00:00:02.081321,46.91505738226315,0.7378836567750965,0.024094295868190292,7,5,562,86,COMPLETE
25,35.652745795816074,2026-04-29 11:44:51.044759,2026-04-29 11:44:52.887983,0 days 00:00:01.843224,46.67039057136265,0.756641369369169,0.018678503121227697,7,22,573,86,COMPLETE
26,35.97844198513765,2026-04-29 11:44:52.887983,2026-04-29 11:44:55.687221,0 days 00:00:02.799238,48.72135650953217,0.7740927024432429,0.009306009059755765,8,22,591,79,COMPLETE
27,35.560690120669136,2026-04-29 11:44:55.687221,2026-04-29 11:44:57.599529,0 days 00:00:01.912308,57.31017647396852,0.8329143056182876,0.01693567751208229,7,35,738,68,COMPLETE
28,35.62715312329837,2026-04-29 11:44:57.599529,2026-04-29 11:44:59.429136,0 days 00:00:01.829607,57.872298163386645,0.8734240547023978,0.019025271820815995,7,35,779,49,COMPLETE
29,45.31670968677146,2026-04-29 11:44:59.429136,2026-04-29 11:45:02.975785,0 days 00:00:03.546649,4.078334319029095,0.9181165959987072,0.017593448821276753,9,35,819,49,COMPLETE
30,35.95772229354528,2026-04-29 11:45:02.975785,2026-04-29 11:45:06.210238,0 days 00:00:03.234453,59.572157892649216,0.817204924663901,0.006056595985505719,8,41,747,67,COMPLETE
31,35.51809421062403,2026-04-29 11:45:06.210238,2026-04-29 11:45:08.080732,0 days 00:00:01.870494,46.291846863047695,0.8916601344478772,0.016912786424216727,7,18,633,49,COMPLETE
32,35.581857239686485,2026-04-29 11:45:08.080732,2026-04-29 11:45:09.701666,0 days 00:00:01.620934,46.4120481173975,0.908157826747041,0.015291764129620203,6,20,659,47,COMPLETE
33,35.62241569789749,2026-04-29 11:45:09.701666,2026-04-29 11:45:11.443202,0 days 00:00:01.741536,58.74932490238354,0.9066826796102718,0.01512042019223348,6,36,841,50,COMPLETE
34,57.26063320554321,2026-04-29 11:45:11.443202,2026-04-29 11:45:14.032174,0 days 00:00:02.588972,2.038311773341877,0.9385963756788216,0.01450659102039626,6,28,705,52,COMPLETE
35,36.11405969588632,2026-04-29 11:45:14.032174,2026-04-29 11:45:16.099855,0 days 00:00:02.067681,42.18510303925608,0.9105315996862136,0.007225573389805971,6,41,853,30,COMPLETE
36,44.23290873211541,2026-04-29 11:45:16.115480,2026-04-29 11:45:17.732821,0 days 00:00:01.617341,8.992475910800481,0.9607017858409377,0.01124911827870853,6,17,663,15,COMPLETE
37,37.621002010299684,2026-04-29 11:45:17.732821,2026-04-29 11:45:20.255148,0 days 00:00:02.522327,27.66720009628198,0.8059271098925618,0.009118710335488715,6,35,620,54,COMPLETE
38,52.625843233899374,2026-04-29 11:45:20.255148,2026-04-29 11:45:23.623307,0 days 00:00:03.368159,49.18143278900848,0.9981182395932907,0.0010246280010553057,8,26,719,46,COMPLETE
39,39.30517490460644,2026-04-29 11:45:23.623307,2026-04-29 11:45:26.128122,0 days 00:00:02.504815,40.19591223147817,0.8923544004468891,0.0035467633065131804,5,47,872,64,COMPLETE
40,64.6478498209588,2026-04-29 11:45:26.128122,2026-04-29 11:45:26.586644,0 days 00:00:00.458522,19.67893671583584,0.9480065254176798,0.0022311955433437745,7,64,129,34,COMPLETE
41,35.590185910698814,2026-04-29 11:45:26.586644,2026-04-29 11:45:28.670054,0 days 00:00:02.083410,51.94623454856635,0.8910997187122488,0.017972774369564827,7,33,782,57,COMPLETE
42,35.606510776677794,2026-04-29 11:45:28.670054,2026-04-29 11:45:31.012619,0 days 00:00:02.342565,48.76178557685277,0.8370186328883197,0.014391932110777486,6,32,825,59,COMPLETE
43,35.665921063487666,2026-04-29 11:45:31.012619,2026-04-29 11:45:33.313751,0 days 00:00:02.301132,42.219698143100395,0.8211532181010271,0.02043855176489987,8,30,780,58,COMPLETE
44,36.175166643442786,2026-04-29 11:45:33.313751,2026-04-29 11:45:35.525353,0 days 00:00:02.211602,26.78994105310774,0.8712071131179211,0.03310912284109498,7,25,891,56,COMPLETE
45,38.14664583528757,2026-04-29 11:45:35.525353,2026-04-29 11:45:38.311418,0 days 00:00:02.786065,48.40348965981073,0.7841961904508205,0.004463921728289055,6,12,735,63,COMPLETE
46,36.4165732292209,2026-04-29 11:45:38.311418,2026-04-29 11:45:39.883218,0 days 00:00:01.571800,36.89366797372026,0.72822709200109,0.05581669945104711,7,19,680,46,COMPLETE
47,46.5598573329398,2026-04-29 11:45:39.883218,2026-04-29 11:45:42.788985,0 days 00:00:02.905767,5.604994529024132,0.8412835866916792,0.015428086834155693,8,44,619,60,COMPLETE
48,35.958445292789506,2026-04-29 11:45:42.804616,2026-04-29 11:45:43.951935,0 days 00:00:01.147319,49.758877791652104,0.9689132196702019,0.011943090748022866,5,53,516,74,COMPLETE
49,47.522530522766566,2026-04-29 11:45:43.951935,2026-04-29 11:45:45.584618,0 days 00:00:01.632683,9.642009607331934,0.9305795125450701,0.005668591387718887,4,31,940,45,COMPLETE
50,36.47699430815779,2026-04-29 11:45:45.584618,2026-04-29 11:45:50.016664,0 days 00:00:04.432046,28.849017046113538,0.888974021105523,0.008387245486674398,9,10,815,67,COMPLETE
51,35.57305659433844,2026-04-29 11:45:50.016664,2026-04-29 11:45:51.860545,0 days 00:00:01.843881,54.57749067473113,0.912147896983114,0.014123846831698064,6,38,843,52,COMPLETE
52,36.15351276763927,2026-04-29 11:45:51.860545,2026-04-29 11:45:53.387328,0 days 00:00:01.526783,51.356260727911135,0.8506465210180618,0.032226099281173926,6,23,762,55,COMPLETE
53,35.59582948450769,2026-04-29 11:45:53.387328,2026-04-29 11:45:55.184463,0 days 00:00:01.797135,42.82045530697791,0.7951040911905847,0.02231095350125452,7,39,800,42,COMPLETE
54,35.52570500099687,2026-04-29 11:45:55.184463,2026-04-29 11:45:56.737550,0 days 00:00:01.553087,41.570066639742095,0.8805345108870671,0.023576385504201224,7,38,685,34,COMPLETE
55,35.87545417254762,2026-04-29 11:45:56.737550,2026-04-29 11:45:58.244085,0 days 00:00:01.506535,35.795340039389,0.9744405997052344,0.02926218584627967,7,50,695,35,COMPLETE
56,36.57249787742852,2026-04-29 11:45:58.244085,2026-04-29 11:45:59.401147,0 days 00:00:01.157062,39.495481548837716,0.8837095741022337,0.08330043578633699,7,57,623,32,COMPLETE
57,36.450121343153725,2026-04-29 11:45:59.401798,2026-04-29 11:46:00.819037,0 days 00:00:01.417239,53.70600086446081,0.9248805393870396,0.04481531006632559,8,47,658,29,COMPLETE
58,36.77468705134484,2026-04-29 11:46:00.834541,2026-04-29 11:46:02.276106,0 days 00:00:01.441565,23.932283138440344,0.8611335891622035,0.011464903370899237,5,29,729,25,COMPLETE
59,35.96158085413356,2026-04-29 11:46:02.276106,2026-04-29 11:46:04.749978,0 days 00:00:02.473872,43.216056834574424,0.8980582006513411,0.021758304428862188,7,18,980,39,COMPLETE
60,35.616703194000145,2026-04-29 11:46:04.749978,2026-04-29 11:46:06.906094,0 days 00:00:02.156116,34.7326518432934,0.8242408673044347,0.010009965362938545,6,39,898,44,COMPLETE
61,35.687283264149336,2026-04-29 11:46:06.906094,2026-04-29 11:46:08.738610,0 days 00:00:01.832516,42.47562446269907,0.9435446684192588,0.022469351781912873,7,39,784,41,COMPLETE
62,35.697221064914906,2026-04-29 11:46:08.738610,2026-04-29 11:46:10.874080,0 days 00:00:02.135470,30.06813464068132,0.7950278922420346,0.013850973680763266,7,33,698,53,COMPLETE
63,35.793186914955896,2026-04-29 11:46:10.874080,2026-04-29 11:46:12.588410,0 days 00:00:01.714330,53.50421749979181,0.8646133824203903,0.026946224613992053,7,38,804,37,COMPLETE
64,35.629027506933866,2026-04-29 11:46:12.588410,2026-04-29 11:46:14.945631,0 days 00:00:02.357221,37.343215934795076,0.9044671230942617,0.017360505986572735,8,43,859,49,COMPLETE
65,35.99056447391001,2026-04-29 11:46:14.945631,2026-04-29 11:46:16.554982,0 days 00:00:01.609351,44.79806236502627,0.8399445762108746,0.03564550010817349,7,15,601,43,COMPLETE
66,36.2780105257525,2026-04-29 11:46:16.554982,2026-04-29 11:46:17.970536,0 days 00:00:01.415554,54.47307611997648,0.8782500397981465,0.04612731480405192,6,27,753,63,COMPLETE
67,35.680550998306394,2026-04-29 11:46:17.970536,2026-04-29 11:46:20.789019,0 days 00:00:02.818483,58.27688853562798,0.7327716016393879,0.006700876381231531,7,50,923,51,COMPLETE
68,36.50709770440831,2026-04-29 11:46:20.789019,2026-04-29 11:46:22.566225,0 days 00:00:01.777206,16.048422054789373,0.9199392766532798,0.02063607651543178,6,23,648,47,COMPLETE
69,35.59693827445223,2026-04-29 11:46:22.566225,2026-04-29 11:46:24.138677,0 days 00:00:01.572452,44.61221730836718,0.7006343386793357,0.016476886315950626,8,75,795,21,COMPLETE
70,36.82560250266484,2026-04-29 11:46:24.138677,2026-04-29 11:46:26.106610,0 days 00:00:01.967933,13.191321447551228,0.7961004232692019,0.027267454556433427,7,45,540,70,COMPLETE
71,35.61420219914989,2026-04-29 11:46:26.106610,2026-04-29 11:46:27.526301,0 days 00:00:01.419691,44.59869131485774,0.5875366568572681,0.017805812003819983,8,78,728,19,COMPLETE
72,40.748949682211695,2026-04-29 11:46:27.526301,2026-04-29 11:46:28.071823,0 days 00:00:00.545522,38.02567964750303,0.707172876842774,0.013589995717965042,9,91,212,21,COMPLETE
73,36.229582913191756,2026-04-29 11:46:28.071823,2026-04-29 11:46:29.944796,0 days 00:00:01.872973,33.20773327771872,0.6178703786889871,0.010282042243382852,8,70,788,26,COMPLETE
74,35.908083330223874,2026-04-29 11:46:29.944796,2026-04-29 11:46:32.143319,0 days 00:00:02.198523,52.92795960179745,0.75927549301202,0.02462648706178639,10,56,838,41,COMPLETE
75,35.65246424642818,2026-04-29 11:46:32.143319,2026-04-29 11:46:33.415572,0 days 00:00:01.272253,45.70123124719527,0.6970716951372957,0.015680754990122753,6,63,682,22,COMPLETE
76,35.460707307712525,2026-04-29 11:46:33.415572,2026-04-29 11:46:35.617950,0 days 00:00:02.202378,58.97537449061539,0.9514821021600657,0.01275732186369327,7,37,801,55,COMPLETE
77,35.568126625560744,2026-04-29 11:46:35.632457,2026-04-29 11:46:38.358257,0 days 00:00:02.725800,59.053014593480704,0.9831175422616498,0.007921331203541888,7,34,750,61,COMPLETE
78,35.480333092952854,2026-04-29 11:46:38.358257,2026-04-29 11:46:40.192205,0 days 00:00:01.833948,58.97800114011127,0.980655618545289,0.01260520302170501,6,36,755,61,COMPLETE
79,35.63533384448861,2026-04-29 11:46:40.192205,2026-04-29 11:46:41.745363,0 days 00:00:01.553158,59.45645550009132,0.9866239190119652,0.008982872927564542,5,37,751,66,COMPLETE
80,35.59901626639709,2026-04-29 11:46:41.745363,2026-04-29 11:46:44.165446,0 days 00:00:02.420083,54.81758286925327,0.954596882269546,0.007759241371272033,6,34,878,73,COMPLETE
81,35.48471644255132,2026-04-29 11:46:44.165446,2026-04-29 11:46:46.367140,0 days 00:00:02.201694,49.297926394549755,0.9688450272640405,0.012277551993733284,7,32,675,60,COMPLETE
82,35.53811507412337,2026-04-29 11:46:46.367140,2026-04-29 11:46:48.458739,0 days 00:00:02.091599,48.87061142725712,0.9661635285882708,0.012728129201223933,7,42,711,60,COMPLETE
83,35.5604110880303,2026-04-29 11:46:48.458739,2026-04-29 11:46:50.580164,0 days 00:00:02.121425,59.299411831877755,0.9822200149283574,0.012568057800066838,7,41,703,61,COMPLETE
84,35.61001010843654,2026-04-29 11:46:50.580164,2026-04-29 11:46:52.905003,0 days 00:00:02.324839,49.741664369273344,0.9798887728431945,0.010317085924314696,7,41,708,61,COMPLETE
85,35.53171485115974,2026-04-29 11:46:52.905003,2026-04-29 11:46:54.868407,0 days 00:00:01.963404,59.40469765687641,0.9945503428119067,0.012240916275188876,7,42,595,65,COMPLETE
86,35.74028356394845,2026-04-29 11:46:54.868407,2026-04-29 11:46:57.098237,0 days 00:00:02.229830,39.66135169860093,0.9602448593938052,0.012274335369139225,7,49,629,77,COMPLETE
87,37.00911405856171,2026-04-29 11:46:57.098237,2026-04-29 11:46:59.659183,0 days 00:00:02.560946,48.99506759512651,0.9690725701513989,0.006435889146220925,7,43,582,66,COMPLETE
88,35.684338408974796,2026-04-29 11:46:59.659183,2026-04-29 11:47:01.829630,0 days 00:00:02.170447,52.08625041370906,0.9999791050942364,0.012142106561277977,7,47,673,68,COMPLETE
89,53.603203525381296,2026-04-29 11:47:01.829630,2026-04-29 11:47:05.193595,0 days 00:00:03.363965,3.890081219157448,0.9351321129029838,0.012750294115698968,8,30,599,71,COMPLETE
90,36.75368743765326,2026-04-29 11:47:05.193595,2026-04-29 11:47:07.916404,0 days 00:00:02.722809,57.04079076446057,0.9501012926757132,0.005609808674555434,7,43,639,58,COMPLETE
91,35.608998340633605,2026-04-29 11:47:07.916404,2026-04-29 11:47:10.660676,0 days 00:00:02.744272,59.62373545386529,0.9883370573440313,0.007551055931789774,7,35,717,62,COMPLETE
92,35.61720691447162,2026-04-29 11:47:10.660676,2026-04-29 11:47:12.949140,0 days 00:00:02.288464,47.260641717547585,0.984738894284391,0.010483442451685296,7,41,686,56,COMPLETE
93,37.019584064423476,2026-04-29 11:47:12.949140,2026-04-29 11:47:16.377518,0 days 00:00:03.428378,55.8109086450098,0.9706940297201617,0.004674796836685165,7,32,741,64,COMPLETE
94,35.972608950666576,2026-04-29 11:47:16.377518,2026-04-29 11:47:19.293099,0 days 00:00:02.915581,40.990564174040074,0.935211986506238,0.00831438354131029,7,28,765,65,COMPLETE
95,35.57334026871423,2026-04-29 11:47:19.293099,2026-04-29 11:47:21.714910,0 days 00:00:02.421811,59.975203250343405,0.9584765095501204,0.009488664717229272,8,36,558,60,COMPLETE
96,35.79653066720257,2026-04-29 11:47:21.714910,2026-04-29 11:47:23.785816,0 days 00:00:02.070906,50.3763311534527,0.9977873962236363,0.02048707218715029,7,25,712,69,COMPLETE
97,35.61184290419314,2026-04-29 11:47:23.785816,2026-04-29 11:47:25.652322,0 days 00:00:01.866506,45.53631461920975,0.945151710386238,0.013214349796838804,7,40,506,82,COMPLETE
98,35.71344990493941,2026-04-29 11:47:25.652322,2026-04-29 11:47:27.179592,0 days 00:00:01.527270,51.00347937446802,0.9763167348840742,0.016100526286541114,6,45,665,54,COMPLETE
99,35.61024011490288,2026-04-29 11:47:27.179592,2026-04-29 11:47:28.823930,0 days 00:00:01.644338,55.089225088083545,0.9197498502826251,0.018897608900079788,7,34,605,61,COMPLETE
100,36.24171476335029,2026-04-29 11:47:28.823930,2026-04-29 11:47:30.909111,0 days 00:00:02.085181,47.721717046222075,0.9627082717421377,0.010959346133676131,8,37,421,72,COMPLETE
101,35.53466936812572,2026-04-29 11:47:30.909111,2026-04-29 11:47:32.626089,0 days 00:00:01.716978,55.202882608960394,0.9285113868699015,0.014055908869752264,6,38,766,58,COMPLETE
102,35.5989235013476,2026-04-29 11:47:32.626089,2026-04-29 11:47:34.657431,0 days 00:00:02.031342,56.6406471114539,0.9293941052724689,0.008659088360002575,6,32,742,58,COMPLETE
103,35.635200728442534,2026-04-29 11:47:34.657431,2026-04-29 11:47:36.233168,0 days 00:00:01.575737,52.2502036481095,0.9822505547972441,0.014660711517863344,6,42,645,62,COMPLETE
104,35.465046442432694,2026-04-29 11:47:36.233168,2026-04-29 11:47:38.375810,0 days 00:00:02.142642,40.42193568410477,0.9482498322992975,0.012615641181005123,7,38,694,59,COMPLETE
105,35.73492739421372,2026-04-29 11:47:38.375810,2026-04-29 11:47:39.888586,0 days 00:00:01.512776,40.32784744151468,0.9458420231621661,0.01944656413600928,6,52,691,55,COMPLETE
106,43.58114884831342,2026-04-29 11:47:39.889098,2026-04-29 11:47:42.988785,0 days 00:00:03.099687,7.418134043796677,0.9068555103986139,0.012745044837812643,7,37,720,57,COMPLETE
107,36.02381240296141,2026-04-29 11:47:42.988785,2026-04-29 11:47:44.720123,0 days 00:00:01.731338,35.50263010986562,0.9247925355679256,0.030178484575881286,7,49,768,59,COMPLETE
108,35.70968633066029,2026-04-29 11:47:44.720123,2026-04-29 11:47:46.726343,0 days 00:00:02.006220,46.52911136302804,0.8972804458074914,0.016460054460017748,7,45,818,52,COMPLETE
109,35.488772852285145,2026-04-29 11:47:46.726343,2026-04-29 11:47:48.169461,0 days 00:00:01.443118,31.50667908709386,0.956533155230292,0.023163074407885245,6,40,663,64,COMPLETE
110,37.55592487822096,2026-04-29 11:47:48.169461,2026-04-29 11:47:49.785360,0 days 00:00:01.615899,25.624671440523016,0.9651752724655593,0.14663561346829299,6,8,659,65,COMPLETE
111,35.557438612569136,2026-04-29 11:47:49.791865,2026-04-29 11:47:51.286440,0 days 00:00:01.494575,31.760692976093093,0.9368636995637912,0.022834293972576233,6,39,677,67,COMPLETE
112,35.62539943813084,2026-04-29 11:47:51.286440,2026-04-29 11:47:52.787278,0 days 00:00:01.500838,21.575616078569844,0.9519996295867037,0.02343792981188163,6,40,627,64,COMPLETE
113,35.7962554794035,2026-04-29 11:47:52.787278,2026-04-29 11:47:54.231572,0 days 00:00:01.444294,37.277108856957675,0.9434926996939681,0.024297111143161323,6,47,699,68,COMPLETE
114,36.12354792572304,2026-04-29 11:47:54.231572,2026-04-29 11:47:56.007850,0 days 00:00:01.776278,32.0457188391609,0.9723865762086976,0.011309578109842773,6,39,613,59,COMPLETE
115,35.801695339271774,2026-04-29 11:47:56.007850,2026-04-29 11:47:56.903368,0 days 00:00:00.895518,28.768208466028785,0.9352047313019143,0.03615271535302037,5,43,578,56,COMPLETE
116,35.77265018435621,2026-04-29 11:47:56.903368,2026-04-29 11:47:58.431838,0 days 00:00:01.528470,42.35130506225195,0.47356050844738856,0.014275768003459872,6,30,672,63,COMPLETE
117,35.54141107531805,2026-04-29 11:47:58.431838,2026-04-29 11:48:00.005613,0 days 00:00:01.573775,34.32024278166377,0.9936985858633907,0.019161541580239555,6,37,655,54,COMPLETE
118,35.59750310152556,2026-04-29 11:48:00.005613,2026-04-29 11:48:01.262091,0 days 00:00:01.256478,33.91414354558388,0.997499518120312,0.018258908198594853,5,37,634,50,COMPLETE
119,35.60495225190191,2026-04-29 11:48:01.262091,2026-04-29 11:48:02.630175,0 days 00:00:01.368084,31.597373039619487,0.9542481238510482,0.028552377609428147,6,39,653,48,COMPLETE
120,35.57279590222303,2026-04-29 11:48:02.630175,2026-04-29 11:48:04.100534,0 days 00:00:01.470359,39.48451064276052,0.9162840945817121,0.0214141516390169,6,36,684,53,COMPLETE
121,35.58299334401748,2026-04-29 11:48:04.100534,2026-04-29 11:48:06.172095,0 days 00:00:02.071561,37.13047891685102,0.9750916302049384,0.015246985686246408,7,42,728,60,COMPLETE
122,36.631620751641435,2026-04-29 11:48:06.172095,2026-04-29 11:48:08.238248,0 days 00:00:02.066153,30.034586757227398,0.9626981472603047,0.009508153022056003,6,33,673,55,COMPLETE
123,35.61759373074369,2026-04-29 11:48:08.238248,2026-04-29 11:48:10.406772,0 days 00:00:02.168524,43.23249276897658,0.9908482837342707,0.013470428921471215,7,45,698,76,COMPLETE
124,35.61824527199308,2026-04-29 11:48:10.406772,2026-04-29 11:48:11.768194,0 days 00:00:01.361422,50.714752808320256,0.9384463296273159,0.01739097555807702,6,41,590,57,COMPLETE
125,35.565571410761535,2026-04-29 11:48:11.768194,2026-04-29 11:48:13.994812,0 days 00:00:02.226618,44.659921273063475,0.9874276804151315,0.011367238803231131,7,38,645,66,COMPLETE
126,41.67238132946342,2026-04-29 11:48:13.994812,2026-04-29 11:48:14.446658,0 days 00:00:00.451846,47.55875280025332,0.9553709448355668,0.01932480061018483,6,31,100,62,COMPLETE
127,35.843496945860224,2026-04-29 11:48:14.446658,2026-04-29 11:48:16.264908,0 days 00:00:01.818250,53.72961591298544,0.9720217405966527,0.025607519775380335,7,36,768,70,COMPLETE
128,35.699739034571074,2026-04-29 11:48:16.264908,2026-04-29 11:48:18.429457,0 days 00:00:02.164549,34.76129286471414,0.8836090801302194,0.012658189059759828,7,44,710,59,COMPLETE
129,35.790926374804535,2026-04-29 11:48:18.429457,2026-04-29 11:48:20.038347,0 days 00:00:01.608890,26.19056834673055,0.9196447447833523,0.015931860364947138,6,40,619,51,COMPLETE
130,35.71365943245204,2026-04-29 11:48:20.038347,2026-04-29 11:48:22.031148,0 days 00:00:01.992801,39.99893993093643,0.9303809302513528,0.022011525552404914,7,28,726,63,COMPLETE
131,35.506393136293624,2026-04-29 11:48:22.031148,2026-04-29 11:48:24.154196,0 days 00:00:02.123048,56.60389944926836,0.9000830563729302,0.014361148503353745,7,34,743,68,COMPLETE
132,35.43404449585009,2026-04-29 11:48:24.154196,2026-04-29 11:48:26.491458,0 days 00:00:02.337262,52.85082293647817,0.9013721785377893,0.010601957919836391,7,38,750,66,COMPLETE
133,35.516302522229545,2026-04-29 11:48:26.491458,2026-04-29 11:48:29.027563,0 days 00:00:02.536105,48.73754755060828,0.8738958697076236,0.009738899783199804,7,34,758,69,COMPLETE
134,35.51234290990884,2026-04-29 11:48:29.027563,2026-04-29 11:48:31.626208,0 days 00:00:02.598645,49.7647788914075,0.8494939436381002,0.009482879294577388,7,35,793,74,COMPLETE
135,35.80768071346354,2026-04-29 11:48:31.626208,2026-04-29 11:48:34.644694,0 days 00:00:03.018486,49.58531615275191,0.8617351704677267,0.0070251547102524615,7,34,794,78,COMPLETE
136,35.56295694714594,2026-04-29 11:48:34.644694,2026-04-29 11:48:37.432308,0 days 00:00:02.787614,54.13749964507003,0.8726454862688174,0.009698246665447281,7,25,831,73,COMPLETE
137,35.54452930176188,2026-04-29 11:48:37.432308,2026-04-29 11:48:40.009644,0 days 00:00:02.577336,47.60086312891929,0.89528569415702,0.010192893402703634,7,33,806,68,COMPLETE
138,35.50476958034501,2026-04-29 11:48:40.009644,2026-04-29 11:48:42.990439,0 days 00:00:02.980795,51.66223695498388,0.8490980026988575,0.008695091132156921,7,31,753,75,COMPLETE
139,35.501170968551136,2026-04-29 11:48:42.990439,2026-04-29 11:48:45.732161,0 days 00:00:02.741722,55.54873130309915,0.8505859306781266,0.008627176437920528,7,31,759,81,COMPLETE
140,35.70752307324509,2026-04-29 11:48:45.732161,2026-04-29 11:48:49.092148,0 days 00:00:03.359987,43.46299073422733,0.8454865547489885,0.008899009087692688,8,30,750,82,COMPLETE
141,35.5405340756447,2026-04-29 11:48:49.092148,2026-04-29 11:48:51.992211,0 days 00:00:02.900063,55.651246670842184,0.8545349228732447,0.007953404727333246,7,27,784,74,COMPLETE
142,36.018035409797605,2026-04-29 11:48:51.992211,2026-04-29 11:48:55.164124,0 days 00:00:03.171913,53.02670789199732,0.8773037130540908,0.006245794740173797,7,32,766,81,COMPLETE
143,35.57458705007177,2026-04-29 11:48:55.164124,2026-04-29 11:48:57.832479,0 days 00:00:02.668355,51.40219132242098,0.8658321108000813,0.010880182383311917,7,21,737,79,COMPLETE
144,35.685199390666284,2026-04-29 11:48:57.832479,2026-04-29 11:49:00.782707,0 days 00:00:02.950228,56.51368912450667,0.8993832292159324,0.006989769367460961,7,35,778,75,COMPLETE
145,35.53969068170987,2026-04-29 11:49:00.782707,2026-04-29 11:49:03.670418,0 days 00:00:02.887711,45.88727760627199,0.824294569145513,0.00890657865396245,7,29,856,71,COMPLETE
146,35.472198842414954,2026-04-29 11:49:03.670418,2026-04-29 11:49:06.135470,0 days 00:00:02.465052,59.57075965014786,0.8885453894560584,0.011383407303667242,7,31,812,72,COMPLETE
147,35.521606781742506,2026-04-29 11:49:06.135470,2026-04-29 11:49:08.869329,0 days 00:00:02.733859,51.1337262154476,0.8857503738244816,0.011165740698521685,7,23,799,84,COMPLETE
148,35.6115030447784,2026-04-29 11:49:08.869329,2026-04-29 11:49:11.762924,0 days 00:00:02.893595,51.168224495374695,0.8855010744505459,0.010901286857740267,7,17,814,77,COMPLETE
149,35.458557281567195,2026-04-29 11:49:11.762924,2026-04-29 11:49:15.534570,0 days 00:00:03.771646,59.93666644594859,0.834624608158749,0.009897714355329042,8,15,801,85,COMPLETE
150,35.74306780150107,2026-04-29 11:49:15.534570,2026-04-29 11:49:19.696518,0 days 00:00:04.161948,56.653349496896205,0.8116331164003737,0.007984351123315575,8,13,834,85,COMPLETE
151,35.623018457788966,2026-04-29 11:49:19.696518,2026-04-29 11:49:23.248484,0 days 00:00:03.551966,48.42553199124387,0.8357626768732378,0.009126907554047397,8,23,784,89,COMPLETE
152,35.46457011971224,2026-04-29 11:49:23.248484,2026-04-29 11:49:26.138496,0 days 00:00:02.890012,59.84473587286675,0.8511274902851401,0.010259750607377004,7,20,797,86,COMPLETE
153,35.50805938869096,2026-04-29 11:49:26.138496,2026-04-29 11:49:29.181470,0 days 00:00:03.042974,59.86900142265642,0.8554975719048437,0.009975233652744867,7,14,803,92,COMPLETE
154,35.54811733062577,2026-04-29 11:49:29.181470,2026-04-29 11:49:32.438961,0 days 00:00:03.257491,59.61273994034341,0.8640061987640034,0.00977648923516872,7,15,873,93,COMPLETE
155,35.80612052673632,2026-04-29 11:49:32.438961,2026-04-29 11:49:37.522334,0 days 00:00:05.083373,54.99181976656945,0.8497300365750914,0.007109965479203209,9,9,812,87,COMPLETE
156,36.411904249993015,2026-04-29 11:49:37.522334,2026-04-29 11:49:41.087730,0 days 00:00:03.565396,52.83922458922039,0.8270495989337837,0.005945609430008605,7,17,751,83,COMPLETE
157,36.1101739797525,2026-04-29 11:49:41.087730,2026-04-29 11:49:45.971530,0 days 00:00:04.883800,59.399111103869735,0.8514766966082434,0.005170731978249579,8,21,845,96,COMPLETE
158,40.21980891421863,2026-04-29 11:49:45.971530,2026-04-29 11:49:50.370344,0 days 00:00:04.398814,11.745419200949824,0.8353175187767018,0.01012933040952788,7,12,828,80,COMPLETE
159,35.64313544863686,2026-04-29 11:49:50.370344,2026-04-29 11:49:53.639702,0 days 00:00:03.269358,59.66559217340773,0.8730767848681612,0.008678006890386197,7,13,800,92,COMPLETE
160,36.17231331040591,2026-04-29 11:49:53.639702,2026-04-29 11:49:54.421245,0 days 00:00:00.781543,45.881581828313266,0.9117332390789601,0.011551684497818867,3,26,759,100,COMPLETE
161,35.5580756578965,2026-04-29 11:49:54.421245,2026-04-29 11:49:57.377454,0 days 00:00:02.956209,51.096435750969654,0.8593081071402585,0.011376409218606841,7,19,799,84,COMPLETE
162,35.57136706247399,2026-04-29 11:49:57.377454,2026-04-29 11:49:59.910450,0 days 00:00:02.532996,55.21112318418841,0.8854705282772405,0.013636826818865067,7,23,781,90,COMPLETE
163,35.63117172682384,2026-04-29 11:49:59.910450,2026-04-29 11:50:03.775278,0 days 00:00:03.864828,49.2220124006209,0.8090739829558065,0.010168185130381225,7,15,742,86,COMPLETE
164,35.5295542220227,2026-04-29 11:50:03.775278,2026-04-29 11:50:07.055865,0 days 00:00:03.280587,52.939062488108846,0.8968676243544064,0.007767547678335086,7,31,819,72,COMPLETE
165,35.43914973313418,2026-04-29 11:50:07.055865,2026-04-29 11:50:10.163245,0 days 00:00:03.107380,55.81142903696808,0.8416868460402707,0.011821437937639739,7,28,799,94,COMPLETE
166,35.52272695634192,2026-04-29 11:50:10.163245,2026-04-29 11:50:13.311401,0 days 00:00:03.148156,59.89783627390601,0.8432271816193622,0.014353716949530295,7,34,777,95,COMPLETE
167,35.38051733188756,2026-04-29 11:50:13.311401,2026-04-29 11:50:18.292551,0 days 00:00:04.981150,54.91192299029196,0.8231846345016254,0.012189007155137911,10,29,723,94,COMPLETE
168,35.35805331531907,2026-04-29 11:50:18.292551,2026-04-29 11:50:23.283754,0 days 00:00:04.991203,56.261702487539225,0.8183350494070247,0.01220545285049823,10,28,730,93,COMPLETE
169,35.349565112209916,2026-04-29 11:50:23.283754,2026-04-29 11:50:28.496883,0 days 00:00:05.213129,54.4415987406432,0.7988669508726045,0.012020328752001118,10,28,727,90,COMPLETE
170,46.64254778223282,2026-04-29 11:50:28.496883,2026-04-29 11:50:36.683562,0 days 00:00:08.186679,55.52457227135092,0.8012293895730661,0.00155260183794623,10,28,729,94,COMPLETE
171,35.40361884687352,2026-04-29 11:50:36.699186,2026-04-29 11:50:42.058013,0 days 00:00:05.358827,55.83987049081649,0.7807401270340368,0.01209389103468189,10,29,732,91,COMPLETE
172,35.47771001077764,2026-04-29 11:50:42.058013,2026-04-29 11:50:48.756010,0 days 00:00:06.697997,56.43288850677357,0.7866521214534477,0.012328751258267249,10,26,719,90,COMPLETE
173,35.449840503612265,2026-04-29 11:50:48.756010,2026-04-29 11:50:53.872750,0 days 00:00:05.116740,53.31802068449365,0.7891305779265334,0.012091860655868014,10,25,739,90,COMPLETE
174,35.472712015572746,2026-04-29 11:50:53.872750,2026-04-29 11:50:59.137548,0 days 00:00:05.264798,54.290366913966366,0.777466642645157,0.012229327179913964,10,25,732,99,COMPLETE
175,35.49689779415701,2026-04-29 11:50:59.137548,2026-04-29 11:51:04.534252,0 days 00:00:05.396704,55.41400037316238,0.7795959135103193,0.012341749391711135,10,26,730,98,COMPLETE
176,35.47659403460291,2026-04-29 11:51:04.534252,2026-04-29 11:51:12.320008,0 days 00:00:07.785756,54.39137890051989,0.7816826278270728,0.012247624773650446,10,25,711,99,COMPLETE
177,35.46997572656592,2026-04-29 11:51:12.320008,2026-04-29 11:51:17.995116,0 days 00:00:05.675108,52.643999528557984,0.7673262866743659,0.012791801851674429,10,24,716,101,COMPLETE
178,35.41494593929415,2026-04-29 11:51:17.995116,2026-04-29 11:51:24.876231,0 days 00:00:06.881115,53.4979251556145,0.7695812159345984,0.012640734381899324,10,27,712,105,COMPLETE
179,35.47766766677068,2026-04-29 11:51:24.876231,2026-04-29 11:51:29.646425,0 days 00:00:04.770194,53.26157206136669,0.7673176053165074,0.01296662394622222,10,25,711,106,COMPLETE
180,35.52930507668118,2026-04-29 11:51:29.662053,2026-04-29 11:51:34.201866,0 days 00:00:04.539813,53.071050578256944,0.766747094259518,0.015501150452529215,10,24,715,110,COMPLETE
181,35.502431871259866,2026-04-29 11:51:34.201866,2026-04-29 11:51:38.790893,0 days 00:00:04.589027,56.59097678643718,0.7486453877603724,0.013078938272061831,10,25,699,106,COMPLETE
182,35.42898639089318,2026-04-29 11:51:38.790893,2026-04-29 11:51:43.504647,0 days 00:00:04.713754,59.68292339955315,0.7900352668625832,0.012195486141600643,10,27,719,103,COMPLETE
183,35.327460161210354,2026-04-29 11:51:43.504647,2026-04-29 11:51:47.782258,0 days 00:00:04.277611,53.14710188610933,0.7843237570777731,0.011753929889807455,10,27,717,104,COMPLETE
184,35.49349892601318,2026-04-29 11:51:47.782258,2026-04-29 11:51:51.683845,0 days 00:00:03.901587,52.34229844923025,0.7742651900035867,0.011393858809903998,10,20,705,103,COMPLETE
185,35.48633779671102,2026-04-29 11:51:51.683845,2026-04-29 11:51:55.079639,0 days 00:00:03.395794,45.334807054555505,0.7464419070727698,0.014528412146706691,10,27,727,105,COMPLETE
186,35.37945056686285,2026-04-29 11:51:55.079639,2026-04-29 11:51:58.533570,0 days 00:00:03.453931,53.3338664104545,0.790090425454228,0.013131646819681776,10,28,696,108,COMPLETE
187,35.50412976061744,2026-04-29 11:51:58.533570,2026-04-29 11:52:01.565148,0 days 00:00:03.031578,59.8769381577832,0.7894344684909941,0.016157934426436617,10,29,692,101,COMPLETE
188,35.53897617226938,2026-04-29 11:52:01.565148,2026-04-29 11:52:05.484351,0 days 00:00:03.919203,48.156976297665935,0.8015292930665978,0.011111834591990735,10,22,724,98,COMPLETE
189,56.74615933847673,2026-04-29 11:52:05.484351,2026-04-29 11:52:10.571670,0 days 00:00:05.087319,2.230855157986512,0.7822005853629623,0.013688199274369591,10,28,736,103,COMPLETE
190,35.34301386334576,2026-04-29 11:52:10.571670,2026-04-29 11:52:14.174362,0 days 00:00:03.602692,52.348420180294646,0.818666344008827,0.011286345452448906,10,27,698,100,COMPLETE
191,35.50608490107224,2026-04-29 11:52:14.174362,2026-04-29 11:52:18.007560,0 days 00:00:03.833198,53.21250567738535,0.8084031297578769,0.01086803509267957,10,24,686,108,COMPLETE
192,35.381809945996224,2026-04-29 11:52:18.007560,2026-04-29 11:52:21.574131,0 days 00:00:03.566571,56.26995296697549,0.8180598787555811,0.012170686656693123,10,27,708,99,COMPLETE
193,35.387301308929544,2026-04-29 11:52:21.574131,2026-04-29 11:52:25.185293,0 days 00:00:03.611162,50.23194228526468,0.8164077038918075,0.011838783874696137,10,28,738,96,COMPLETE
194,35.45108875916984,2026-04-29 11:52:25.185293,2026-04-29 11:52:28.779046,0 days 00:00:03.593753,47.72387129756121,0.8252863685835925,0.010798325774413375,10,29,700,96,COMPLETE
195,35.44786614237124,2026-04-29 11:52:28.779046,2026-04-29 11:52:31.964489,0 days 00:00:03.185443,46.92342179339303,0.8191457193968416,0.015014489556582597,10,28,690,97,COMPLETE
196,35.41458969571881,2026-04-29 11:52:31.964489,2026-04-29 11:52:35.137474,0 days 00:00:03.172985,46.40824171125257,0.814283970758184,0.014907966184500533,10,29,701,96,COMPLETE
197,35.398921441483836,2026-04-29 11:52:35.137474,2026-04-29 11:52:38.239498,0 days 00:00:03.102024,46.36003507543492,0.8193412494095673,0.015382127155386427,10,29,688,96,COMPLETE
198,35.46896434026617,2026-04-29 11:52:38.239498,2026-04-29 11:52:41.253070,0 days 00:00:03.013572,49.140849565909576,0.8189912356755378,0.01609364018823633,10,29,682,95,COMPLETE
199,35.473585467313384,2026-04-29 11:52:41.253070,2026-04-29 11:52:44.193363,0 days 00:00:02.940293,45.451998447776944,0.8185469291102566,0.014749150795707011,9,28,695,94,COMPLETE
200,35.52054590346404,2026-04-29 11:52:44.193363,2026-04-29 11:52:47.996726,0 days 00:00:03.803363,43.2458265300705,0.799758415137507,0.01759647919269588,10,27,672,97,COMPLETE
201,35.47563676282932,2026-04-29 11:52:47.996726,2026-04-29 11:52:51.257645,0 days 00:00:03.260919,47.15227132800573,0.8233386311029227,0.014514479085064726,10,29,740,91,COMPLETE
202,35.39577297198131,2026-04-29 11:52:51.257645,2026-04-29 11:52:56.821066,0 days 00:00:05.563421,49.942161115831716,0.81285303233225,0.010230527813067764,10,27,700,96,COMPLETE
203,35.373783258723776,2026-04-29 11:52:56.821066,2026-04-29 11:53:00.253305,0 days 00:00:03.432239,49.383504657047254,0.7970006891121589,0.013793489491857377,10,27,706,96,COMPLETE
204,35.53558229714061,2026-04-29 11:53:00.253305,2026-04-29 11:53:03.619179,0 days 00:00:03.365874,43.19860632580638,0.8113889045619748,0.01385774353459419,10,27,703,96,COMPLETE
205,35.44514693610805,2026-04-29 11:53:03.619179,2026-04-29 11:53:07.315469,0 days 00:00:03.696290,46.68061784687077,0.7982954195536407,0.010712729413903747,10,30,696,103,COMPLETE
206,35.486284970578474,2026-04-29 11:53:07.315469,2026-04-29 11:53:10.400893,0 days 00:00:03.085424,46.103164925686166,0.7906247606936858,0.016582406943082773,10,29,688,103,COMPLETE
207,35.40816773140092,2026-04-29 11:53:10.400893,2026-04-29 11:53:13.928442,0 days 00:00:03.527549,49.15840320884242,0.804019496831186,0.011206028475006175,10,27,666,97,COMPLETE
208,35.375933654081855,2026-04-29 11:53:13.928442,2026-04-29 11:53:17.298776,0 days 00:00:03.370334,50.14029504832794,0.7993756267163988,0.014740350287217307,10,27,678,107,COMPLETE
209,35.44971597672482,2026-04-29 11:53:17.298776,2026-04-29 11:53:20.729804,0 days 00:00:03.431028,43.30065918365157,0.79968081845643,0.01440270407708374,10,27,664,108,COMPLETE
210,35.51403265365276,2026-04-29 11:53:20.729804,2026-04-29 11:53:23.704477,0 days 00:00:02.974673,49.90448423561099,0.809162907202084,0.017641306754282417,10,30,671,102,COMPLETE
211,35.454662332007025,2026-04-29 11:53:23.704477,2026-04-29 11:53:26.926157,0 days 00:00:03.221680,44.44940590820838,0.7979788507247058,0.015325358974413632,10,27,667,107,COMPLETE
212,35.40074951235906,2026-04-29 11:53:26.926157,2026-04-29 11:53:30.217515,0 days 00:00:03.291358,47.677386028654645,0.813155573592552,0.014460802165847114,10,27,652,109,COMPLETE
213,35.38329262172718,2026-04-29 11:53:30.217515,2026-04-29 11:53:33.218171,0 days 00:00:03.000656,49.00377341020239,0.8144190294434285,0.01342432461454938,9,30,684,105,COMPLETE
214,35.41120464782066,2026-04-29 11:53:33.218171,2026-04-29 11:53:36.432935,0 days 00:00:03.214764,50.394519294778114,0.8100528641807024,0.013429566354557824,10,30,652,105,COMPLETE
215,35.46720590598191,2026-04-29 11:53:36.432935,2026-04-29 11:53:39.277984,0 days 00:00:02.845049,50.095983595581096,0.8130367530310126,0.013398664510598055,9,32,644,105,COMPLETE
216,35.50970792423616,2026-04-29 11:53:39.277984,2026-04-29 11:53:42.797825,0 days 00:00:03.519841,50.06522611776636,0.8304078862495248,0.013668119960043152,10,26,715,110,COMPLETE
217,35.56222415886829,2026-04-29 11:53:42.797825,2026-04-29 11:53:46.503228,0 days 00:00:03.705403,50.85499051764167,0.8145426165442087,0.01151693935936519,10,22,654,105,COMPLETE
218,35.534684977106195,2026-04-29 11:53:46.503228,2026-04-29 11:53:49.993634,0 days 00:00:03.490406,41.721363926444006,0.7888715964237673,0.011757844786219041,10,30,679,99,COMPLETE
219,35.44155023927682,2026-04-29 11:53:49.993634,2026-04-29 11:53:52.844467,0 days 00:00:02.850833,50.120345798919715,0.804417902992925,0.016211300499465467,9,27,720,93,COMPLETE
220,35.427992956503054,2026-04-29 11:53:52.844467,2026-04-29 11:53:56.113091,0 days 00:00:03.268624,47.3902067430332,0.7588046834141707,0.013550794765773573,10,29,646,108,COMPLETE
221,35.368809647782726,2026-04-29 11:53:56.113091,2026-04-29 11:53:59.323730,0 days 00:00:03.210639,50.73143850819513,0.7628706360415001,0.013319441895820665,10,29,639,108,COMPLETE
222,35.47648169006868,2026-04-29 11:53:59.323730,2026-04-29 11:54:02.485072,0 days 00:00:03.161342,47.03296410725232,0.7555930542589124,0.013686146977100019,10,31,643,108,COMPLETE
223,35.52668287041722,2026-04-29 11:54:02.485072,2026-04-29 11:54:05.768578,0 days 00:00:03.283506,50.43797048217009,0.7344848554512321,0.013445414911472069,10,26,661,104,COMPLETE
224,35.485002445635324,2026-04-29 11:54:05.768578,2026-04-29 11:54:08.928111,0 days 00:00:03.159533,45.16773151775148,0.7619253467543267,0.015625015276472788,10,30,682,107,COMPLETE
225,35.49883158603253,2026-04-29 11:54:08.928111,2026-04-29 11:54:12.322517,0 days 00:00:03.394406,51.88799790011029,0.775319685302097,0.012831139708711229,10,24,627,109,COMPLETE
226,35.63215839957564,2026-04-29 11:54:12.322517,2026-04-29 11:54:15.219617,0 days 00:00:02.897100,47.92279149539963,0.7911504298478498,0.018072714892398107,10,32,708,101,COMPLETE
227,38.54429226635066,2026-04-29 11:54:15.219617,2026-04-29 11:54:19.730450,0 days 00:00:04.510833,17.825773434116634,0.8092676283804863,0.01062686692872126,10,28,649,107,COMPLETE
228,35.56601789090301,2026-04-29 11:54:19.730450,2026-04-29 11:54:23.072268,0 days 00:00:03.341818,41.94037086882998,0.8272574035522177,0.015195366867746722,10,26,675,100,COMPLETE
229,35.38453226278896,2026-04-29 11:54:23.072268,2026-04-29 11:54:26.654017,0 days 00:00:03.581749,54.86255809261702,0.7723834797307603,0.012059722282276626,10,29,710,110,COMPLETE
230,39.044077011526895,2026-04-29 11:54:26.654017,2026-04-29 11:54:28.718447,0 days 00:00:02.064430,54.804550050519175,0.7757398381325701,0.2836772114147406,10,29,703,109,COMPLETE
231,35.40543270628744,2026-04-29 11:54:28.718447,2026-04-29 11:54:32.205714,0 days 00:00:03.487267,51.952751367035766,0.720174300773109,0.01228189179068915,10,30,727,110,COMPLETE
232,35.411241138355415,2026-04-29 11:54:32.205714,2026-04-29 11:54:35.663424,0 days 00:00:03.457710,50.81002835014532,0.7084487537933993,0.012239468953961585,10,30,720,105,COMPLETE
233,47.28101888592326,2026-04-29 11:54:35.663424,2026-04-29 11:54:40.441920,0 days 00:00:04.778496,5.713550715070969,0.7132236574280767,0.013246638653088446,10,32,685,110,COMPLETE
234,35.41674108205065,2026-04-29 11:54:40.441920,2026-04-29 11:54:44.012430,0 days 00:00:03.570510,48.85420039320677,0.6869859782102791,0.011853683539441528,10,30,727,106,COMPLETE
235,35.44559097446813,2026-04-29 11:54:44.012430,2026-04-29 11:54:47.521865,0 days 00:00:03.509435,50.68831396174664,0.6733958469848513,0.01167858686281188,10,31,732,105,COMPLETE
236,35.43283251563046,2026-04-29 11:54:47.521865,2026-04-29 11:54:51.303214,0 days 00:00:03.781349,51.861102032172745,0.7032112745433391,0.00993824168708505,10,30,717,105,COMPLETE
237,35.530308357584616,2026-04-29 11:54:51.303214,2026-04-29 11:54:54.916232,0 days 00:00:03.613018,44.98209395822206,0.653798021152005,0.011686666587387698,10,28,703,110,COMPLETE
238,35.56282211106303,2026-04-29 11:54:54.931855,2026-04-29 11:54:58.449010,0 days 00:00:03.517155,49.65075743201757,0.6907162616519034,0.014403690051347949,10,24,735,107,COMPLETE
239,37.133694574522316,2026-04-29 11:54:58.449010,2026-04-29 11:54:59.900139,0 days 00:00:01.451129,55.27315515184788,0.7152527482835885,0.016466363341966744,10,26,210,97,COMPLETE
240,35.44964976196142,2026-04-29 11:54:59.900139,2026-04-29 11:55:03.163178,0 days 00:00:03.263039,52.80769403451144,0.6805590966894837,0.012197900942552888,10,32,694,101,COMPLETE
241,35.43914424616694,2026-04-29 11:55:03.163178,2026-04-29 11:55:06.438951,0 days 00:00:03.275773,47.798926246341814,0.7583679707093183,0.013327040287523982,10,29,658,108,COMPLETE
242,52.14710398509938,2026-04-29 11:55:06.438951,2026-04-29 11:55:11.560464,0 days 00:00:05.121513,3.4069857254725244,0.8186394316985967,0.013956989151300496,10,29,722,106,COMPLETE
243,35.49369564881995,2026-04-29 11:55:11.560464,2026-04-29 11:55:15.281181,0 days 00:00:03.720717,47.56098189210214,0.7393299193998649,0.010725800509572034,10,27,677,108,COMPLETE
244,35.404664013309436,2026-04-29 11:55:15.281181,2026-04-29 11:55:18.753033,0 days 00:00:03.471852,48.364627037101215,0.7975271647502128,0.012772457137733772,10,30,707,104,COMPLETE
245,35.45996695504903,2026-04-29 11:55:18.753033,2026-04-29 11:55:22.204030,0 days 00:00:03.450997,55.40583268586451,0.7186016803517705,0.011852367150676914,10,31,710,104,COMPLETE
246,35.3600720946866,2026-04-29 11:55:22.204030,2026-04-29 11:55:25.929758,0 days 00:00:03.725728,51.10366520834935,0.8003822651199484,0.009637751233230279,10,33,742,95,COMPLETE
247,35.348510204011845,2026-04-29 11:55:25.929758,2026-04-29 11:55:29.440831,0 days 00:00:03.511073,53.63629814670911,0.7992935893454796,0.010218093795176493,10,33,700,95,COMPLETE
248,35.39202074251271,2026-04-29 11:55:29.440831,2026-04-29 11:55:33.026979,0 days 00:00:03.586148,51.36562380933169,0.8058885022028476,0.009466406259155713,9,33,745,95,COMPLETE
249,35.41859393021557,2026-04-29 11:55:33.026979,2026-04-29 11:55:36.505651,0 days 00:00:03.478672,51.800154282486645,0.8032929871897251,0.009112107800722498,9,33,739,93,COMPLETE
250,35.36478418790364,2026-04-29 11:55:36.505651,2026-04-29 11:55:40.273430,0 days 00:00:03.767779,55.8744896800935,0.7955015198842008,0.009622350470916155,10,33,753,95,COMPLETE
251,35.333749433308256,2026-04-29 11:55:40.273430,2026-04-29 11:55:44.080840,0 days 00:00:03.807410,55.72779036392599,0.7931129760772446,0.009327176792576837,10,33,749,95,COMPLETE
252,35.411492235026174,2026-04-29 11:55:44.080840,2026-04-29 11:55:48.013098,0 days 00:00:03.932258,56.73543006727938,0.796009640468776,0.00855153500713686,10,32,755,93,COMPLETE
253,35.34414864047914,2026-04-29 11:55:48.013098,2026-04-29 11:55:51.701375,0 days 00:00:03.688277,55.60102441607719,0.782442224159771,0.009783280902803951,10,33,751,95,COMPLETE
254,35.319696289493564,2026-04-29 11:55:51.701375,2026-04-29 11:55:55.368373,0 days 00:00:03.666998,56.16023507441117,0.781430879340665,0.010077928978554569,10,34,759,95,COMPLETE
255,35.35983017503823,2026-04-29 11:55:55.368373,2026-04-29 11:55:58.879964,0 days 00:00:03.511591,56.02384608598693,0.7826447048961158,0.009310059267632606,9,34,767,95,COMPLETE
256,35.35928472481505,2026-04-29 11:55:58.879964,2026-04-29 11:56:02.444830,0 days 00:00:03.564866,56.24540793488103,0.7863834151758528,0.009306653971506587,9,34,771,95,COMPLETE
257,35.4563763260992,2026-04-29 11:56:02.444830,2026-04-29 11:56:06.281924,0 days 00:00:03.837094,56.459424862287996,0.7839961604853725,0.007714003674871209,9,34,775,95,COMPLETE
258,35.38913038642873,2026-04-29 11:56:06.281924,2026-04-29 11:56:09.762817,0 days 00:00:03.480893,56.180163943682956,0.8299381128685768,0.009470012788236719,9,34,762,95,COMPLETE
259,35.38970196948935,2026-04-29 11:56:09.762817,2026-04-29 11:56:13.215305,0 days 00:00:03.452488,56.289041798975745,0.8301056995618318,0.009412971303687154,9,35,764,95,COMPLETE
260,35.378410604609655,2026-04-29 11:56:13.215305,2026-04-29 11:56:16.782650,0 days 00:00:03.567345,57.160108130808744,0.8330025669665508,0.009027498302154982,9,34,769,94,COMPLETE
261,35.366418159030516,2026-04-29 11:56:16.782650,2026-04-29 11:56:20.393898,0 days 00:00:03.611248,56.07451463178207,0.7819553197323944,0.008544302878935518,9,35,767,94,COMPLETE
262,35.44331877415705,2026-04-29 11:56:20.394409,2026-04-29 11:56:24.105009,0 days 00:00:03.710600,56.770903279216824,0.8315760493842296,0.00796737753084755,9,35,766,92,COMPLETE
263,35.35086672017688,2026-04-29 11:56:24.105009,2026-04-29 11:56:27.801183,0 days 00:00:03.696174,55.950539662754,0.7761359939840516,0.008656194284076178,9,36,772,94,COMPLETE
264,35.34346791823336,2026-04-29 11:56:27.801183,2026-04-29 11:56:31.500792,0 days 00:00:03.699609,56.89175905730864,0.777832833680192,0.008446119697379071,9,35,776,98,COMPLETE
265,35.582495322909,2026-04-29 11:56:31.500792,2026-04-29 11:56:35.596944,0 days 00:00:04.096152,57.17338532886963,0.7748640763863763,0.0069335511187957975,9,35,781,98,COMPLETE
266,35.3510608538375,2026-04-29 11:56:35.596944,2026-04-29 11:56:39.227494,0 days 00:00:03.630550,56.199969457273966,0.788325883607072,0.008536424450991956,9,33,770,93,COMPLETE
267,35.35939601478806,2026-04-29 11:56:39.227494,2026-04-29 11:56:42.929939,0 days 00:00:03.702445,59.221260580178495,0.7848352803446724,0.008193462874218519,9,33,772,89,COMPLETE
268,35.48737138715096,2026-04-29 11:56:42.929939,2026-04-29 11:56:46.789119,0 days 00:00:03.859180,59.223563501887725,0.7885393834591304,0.007449769534675124,9,33,774,91,COMPLETE
269,35.384936499226036,2026-04-29 11:56:46.789119,2026-04-29 11:56:50.338294,0 days 00:00:03.549175,59.13824471562865,0.7866026464748914,0.008148186907568836,9,37,755,89,COMPLETE
270,35.364324781245855,2026-04-29 11:56:50.338294,2026-04-29 11:56:53.913874,0 days 00:00:03.575580,55.38348581632712,0.7697371394640657,0.008629896643060518,9,36,777,93,COMPLETE
271,35.3700085468072,2026-04-29 11:56:53.913874,2026-04-29 11:56:57.473583,0 days 00:00:03.559709,56.5440417733213,0.7712115412697134,0.00861828315521687,9,35,778,88,COMPLETE
272,35.76839461321155,2026-04-29 11:56:57.473583,2026-04-29 11:57:01.616656,0 days 00:00:04.143073,55.21110834976812,0.7662609015045542,0.006550583748040697,9,35,782,93,COMPLETE
273,35.35286019869297,2026-04-29 11:57:01.616656,2026-04-29 11:57:05.179822,0 days 00:00:03.563166,59.585080168787485,0.7529258303758362,0.00839989236179626,9,36,776,92,COMPLETE
274,35.3679717071798,2026-04-29 11:57:05.179822,2026-04-29 11:57:08.719345,0 days 00:00:03.539523,59.999575067718695,0.749831428645163,0.008453258364472114,9,36,773,89,COMPLETE
275,35.33897064656235,2026-04-29 11:57:08.719345,2026-04-29 11:57:12.247949,0 days 00:00:03.528604,59.302185641851864,0.7510239843176328,0.008334278565549488,9,38,774,88,COMPLETE
276,35.47672366153822,2026-04-29 11:57:12.247949,2026-04-29 11:57:15.996237,0 days 00:00:03.748288,59.906985984413986,0.742874332046845,0.007316945425211183,9,38,783,88,COMPLETE
277,35.3943451095615,2026-04-29 11:57:15.996237,2026-04-29 11:57:19.596512,0 days 00:00:03.600275,57.60243292947296,0.754183722391683,0.008208724803341984,9,37,765,88,COMPLETE
278,35.35891214725691,2026-04-29 11:57:19.596512,2026-04-29 11:57:23.271048,0 days 00:00:03.674536,59.73564884573943,0.7532677950022795,0.008037470004035683,9,36,784,91,COMPLETE
279,35.356144541148616,2026-04-29 11:57:23.271048,2026-04-29 11:57:26.926840,0 days 00:00:03.655792,59.8119498140865,0.7594874017024416,0.008138259764172002,9,35,786,91,COMPLETE
280,35.61003465841732,2026-04-29 11:57:26.926840,2026-04-29 11:57:30.932830,0 days 00:00:04.005990,58.94801033473158,0.7521797818000835,0.006593642981778219,9,37,785,91,COMPLETE
281,35.31599274508871,2026-04-29 11:57:30.932830,2026-04-29 11:57:34.534377,0 days 00:00:03.601547,59.724596681964535,0.7653613030092515,0.008375245864116579,9,36,789,88,COMPLETE
282,35.41209537202524,2026-04-29 11:57:34.534377,2026-04-29 11:57:38.315689,0 days 00:00:03.781312,59.74475867895461,0.7469302348869048,0.007597280750783746,9,36,797,90,COMPLETE
283,35.440184134066065,2026-04-29 11:57:38.315689,2026-04-29 11:57:41.835879,0 days 00:00:03.520190,54.455530481394916,0.7584346913296748,0.008460330402191078,9,36,755,92,COMPLETE
284,35.82456589145484,2026-04-29 11:57:41.835879,2026-04-29 11:57:46.523974,0 days 00:00:04.688095,59.883091839048326,0.7669407997104701,0.0058474028707715476,9,39,787,89,COMPLETE
285,35.56408885659141,2026-04-29 11:57:46.523974,2026-04-29 11:57:50.350231,0 days 00:00:03.826257,54.86951056130132,0.7752578567629512,0.007335523396974486,9,36,766,92,COMPLETE
286,35.357247772583165,2026-04-29 11:57:50.350231,2026-04-29 11:57:54.023747,0 days 00:00:03.673516,59.82836594886609,0.7332954412803933,0.008553106650399987,9,33,828,87,COMPLETE
287,35.43694828294355,2026-04-29 11:57:54.023747,2026-04-29 11:57:57.549923,0 days 00:00:03.526176,56.99207890141216,0.7331846228970862,0.008299130769812516,9,36,755,90,COMPLETE
288,35.537231603541855,2026-04-29 11:57:57.549923,2026-04-29 11:58:01.585377,0 days 00:00:04.035454,59.35759600580494,0.7450214985024011,0.006930355955199519,9,33,821,87,COMPLETE
289,35.34530221942008,2026-04-29 11:58:01.601000,2026-04-29 11:58:05.222027,0 days 00:00:03.621027,59.77025245172752,0.7827900918330405,0.008959610748361475,9,34,822,92,COMPLETE
290,35.36288907129859,2026-04-29 11:58:05.222027,2026-04-29 11:58:08.811441,0 days 00:00:03.589414,59.790524066979756,0.7807580082102771,0.009139910413051788,9,33,813,93,COMPLETE
291,35.32411205429368,2026-04-29 11:58:08.811441,2026-04-29 11:58:12.469484,0 days 00:00:03.658043,53.83669711691614,0.7789422879416531,0.00916997438112626,9,33,836,92,COMPLETE
292,35.35106936185323,2026-04-29 11:58:12.469484,2026-04-29 11:58:16.474934,0 days 00:00:04.005450,59.83868496808233,0.7763072639293481,0.007660163021853887,9,33,853,92,COMPLETE
293,35.36527709484547,2026-04-29 11:58:16.474934,2026-04-29 11:58:20.536238,0 days 00:00:04.061304,59.050705478252596,0.7808435499094208,0.007570696212385877,9,33,861,91,COMPLETE
294,35.35680976386896,2026-04-29 11:58:20.536238,2026-04-29 11:58:24.127694,0 days 00:00:03.591456,59.748572362222546,0.7618746141810354,0.009215666504046439,9,33,820,92,COMPLETE
295,35.76918031368599,2026-04-29 11:58:24.127694,2026-04-29 11:58:28.456352,0 days 00:00:04.328658,53.719903026643536,0.7596370099468017,0.006087168987669149,9,39,839,87,COMPLETE
296,35.42921434055144,2026-04-29 11:58:28.456352,2026-04-29 11:58:32.623990,0 days 00:00:04.167638,59.98770078996546,0.7659801554539458,0.007008435545167883,9,33,848,91,COMPLETE
297,35.380662307052795,2026-04-29 11:58:32.623990,2026-04-29 11:58:36.531764,0 days 00:00:03.907774,53.99771455361493,0.7317092920970635,0.00803459909096578,9,33,860,90,COMPLETE
298,35.31363942145782,2026-04-29 11:58:36.531764,2026-04-29 11:58:39.980169,0 days 00:00:03.448405,59.929752179660376,0.7529460225312615,0.009426017743003239,9,38,835,92,COMPLETE
299,35.61606371849238,2026-04-29 11:58:39.980169,2026-04-29 11:58:44.349052,0 days 00:00:04.368883,55.21025169481097,0.740984915961785,0.006609468980283292,9,38,826,92,COMPLETE
300,35.3120542901092,2026-04-29 11:58:44.349052,2026-04-29 11:58:48.122917,0 days 00:00:03.773865,59.4182516437629,0.7561984209193962,0.007670015791579896,9,40,829,88,COMPLETE
301,35.34931524582355,2026-04-29 11:58:48.122917,2026-04-29 11:58:51.937815,0 days 00:00:03.814898,59.943278983128074,0.7259892795209207,0.007614667607733503,9,38,833,86,COMPLETE
302,36.1309210122065,2026-04-29 11:58:51.937815,2026-04-29 11:58:56.553493,0 days 00:00:04.615678,59.66467355137325,0.7496049940868476,0.004994279409852494,9,38,840,86,COMPLETE
303,44.65739183953026,2026-04-29 11:58:56.553493,2026-04-29 11:59:01.758124,0 days 00:00:05.204631,9.434372729798156,0.7280213159587503,0.007461943003514638,9,41,904,87,COMPLETE
304,35.923219996737245,2026-04-29 11:59:01.758124,2026-04-29 11:59:06.322772,0 days 00:00:04.564648,54.12925044889887,0.7268451306429737,0.0054787230909801735,9,40,880,91,COMPLETE
305,50.034343877445636,2026-04-29 11:59:06.322772,2026-04-29 11:59:11.210536,0 days 00:00:04.887764,7.93026585615439,0.7547797005234689,0.006254692125493433,9,39,833,85,COMPLETE
306,35.3304698756283,2026-04-29 11:59:11.210536,2026-04-29 11:59:15.037675,0 days 00:00:03.827139,59.735850259801914,0.7615576258633242,0.007665538340856354,9,37,823,88,COMPLETE
307,35.48224541441048,2026-04-29 11:59:15.037675,2026-04-29 11:59:19.004116,0 days 00:00:03.966441,53.79497419533829,0.7397939084256965,0.007348950208093422,9,37,858,88,COMPLETE
308,35.31341027252498,2026-04-29 11:59:19.004116,2026-04-29 11:59:22.660944,0 days 00:00:03.656828,59.539017975180684,0.7615141605686003,0.007872761296379815,9,40,824,84,COMPLETE
309,35.794148658683376,2026-04-29 11:59:22.660944,2026-04-29 11:59:26.653640,0 days 00:00:03.992696,53.022033279632865,0.7633896770826198,0.006580519041425723,9,41,819,87,COMPLETE
310,35.37708952383189,2026-04-29 11:59:26.653640,2026-04-29 11:59:30.507194,0 days 00:00:03.853554,56.65871163178315,0.7696955346136637,0.007497998752127517,9,38,842,85,COMPLETE
311,39.435604476542714,2026-04-29 11:59:30.507194,2026-04-29 11:59:35.152933,0 days 00:00:04.645739,13.897088616870395,0.7399840317160415,0.008871532140699719,9,40,875,83,COMPLETE
312,35.45143248294964,2026-04-29 11:59:35.152933,2026-04-29 11:59:38.429031,0 days 00:00:03.276098,53.34189660103661,0.7601810630765959,0.00993946859932955,9,43,817,89,COMPLETE
313,35.580439167866004,2026-04-29 11:59:38.429031,2026-04-29 11:59:41.920316,0 days 00:00:03.491285,59.59566462776865,0.7696082521911656,0.007956068055335877,9,60,833,98,COMPLETE
314,35.71353619725572,2026-04-29 11:59:41.920316,2026-04-29 11:59:44.590807,0 days 00:00:02.670491,59.61059745080384,0.7474299075819723,0.009865861430513725,9,96,820,93,COMPLETE
315,35.55194183930111,2026-04-29 11:59:44.590807,2026-04-29 11:59:48.634712,0 days 00:00:04.043905,53.58668723660433,0.7293505807112627,0.006909221730756885,9,38,852,89,COMPLETE
316,35.288595989309925,2026-04-29 11:59:48.634712,2026-04-29 11:59:52.087420,0 days 00:00:03.452708,59.8114107817836,0.7767745906006691,0.008974176981689633,9,36,807,84,COMPLETE
317,35.34889991793767,2026-04-29 11:59:52.087420,2026-04-29 11:59:55.598382,0 days 00:00:03.510962,56.23208637277906,0.7774506255556289,0.008695474856907397,9,35,811,84,COMPLETE
318,35.351158623145295,2026-04-29 11:59:55.598382,2026-04-29 11:59:59.163937,0 days 00:00:03.565555,53.1660421298794,0.7722481913101782,0.009008204721643837,9,37,807,83,COMPLETE
319,35.460449079891205,2026-04-29 11:59:59.163937,2026-04-29 12:00:02.845726,0 days 00:00:03.681789,53.661490944567504,0.7756026196030603,0.007586731206289741,9,40,803,81,COMPLETE
320,35.939022423438175,2026-04-29 12:00:02.845726,2026-04-29 12:00:06.995171,0 days 00:00:04.149445,52.99809007266145,0.7778825909712005,0.006061397016013819,9,36,805,83,COMPLETE
321,35.30261629587207,2026-04-29 12:00:06.995171,2026-04-29 12:00:10.239385,0 days 00:00:03.244214,55.44552493720671,0.7742851276723394,0.010075473113648021,9,38,804,84,COMPLETE
322,37.902346058697404,2026-04-29 12:00:10.239385,2026-04-29 12:00:14.868716,0 days 00:00:04.629331,52.883636122420114,0.7769730556060049,0.0037330140269552572,9,42,805,84,COMPLETE
323,35.34652993240695,2026-04-29 12:00:14.868716,2026-04-29 12:00:18.273479,0 days 00:00:03.404763,55.766754184541455,0.7864559239584846,0.010238974500000041,9,39,891,84,COMPLETE
324,35.34033895931696,2026-04-29 12:00:18.273479,2026-04-29 12:00:21.757219,0 days 00:00:03.483740,54.087767450890155,0.7928164687870094,0.010118191873616482,9,39,922,83,COMPLETE
325,35.356002888109245,2026-04-29 12:00:21.757219,2026-04-29 12:00:25.128837,0 days 00:00:03.371618,55.760033054741065,0.7901064977530872,0.01042818112719849,9,40,901,85,COMPLETE
326,35.38101781957248,2026-04-29 12:00:25.128837,2026-04-29 12:00:28.662754,0 days 00:00:03.533917,52.432247980526704,0.7905852952294585,0.010143920066042518,9,39,956,80,COMPLETE
327,35.55559557123704,2026-04-29 12:00:28.662754,2026-04-29 12:00:32.230735,0 days 00:00:03.567981,55.92465254510985,0.7838745300034479,0.010113795929986031,9,44,948,85,COMPLETE
328,40.23892863382811,2026-04-29 12:00:32.230735,2026-04-29 12:00:36.050927,0 days 00:00:03.820192,10.666858520842423,0.7919513066776859,0.010124053459933207,9,82,882,82,COMPLETE
329,38.08532017956033,2026-04-29 12:00:36.050927,2026-04-29 12:00:38.103043,0 days 00:00:02.052116,21.50505758080367,0.7726476141528258,0.2111554312831092,9,41,868,86,COMPLETE
330,50.86696119991907,2026-04-29 12:00:38.103043,2026-04-29 12:00:42.971739,0 days 00:00:04.868696,4.885048899381904,0.565152473333779,0.009067888583584576,9,42,915,85,COMPLETE
331,35.39482624757867,2026-04-29 12:00:42.971739,2026-04-29 12:00:46.835914,0 days 00:00:03.864175,55.61270447310611,0.7824659349300338,0.007304768785252576,9,38,842,83,COMPLETE
332,35.349254753529934,2026-04-29 12:00:46.835914,2026-04-29 12:00:50.443885,0 days 00:00:03.607971,51.93824913032122,0.7950659729080978,0.00933391702677096,9,38,923,81,COMPLETE
333,35.740389753751295,2026-04-29 12:00:50.443885,2026-04-29 12:00:51.615385,0 days 00:00:01.171500,51.78530248917995,0.7957375585748064,0.010166303976064264,4,39,937,84,COMPLETE
334,35.366473070915625,2026-04-29 12:00:51.615385,2026-04-29 12:00:55.426601,0 days 00:00:03.811216,51.58447707356899,0.7983906577100887,0.00900360598101036,9,37,979,80,COMPLETE
335,35.30035343368346,2026-04-29 12:00:55.426601,2026-04-29 12:00:58.790639,0 days 00:00:03.364038,55.26999422908725,0.7690078955297518,0.01047481010942548,9,40,924,79,COMPLETE
336,35.4949078782703,2026-04-29 12:00:58.790639,2026-04-29 12:01:02.150166,0 days 00:00:03.359527,52.31095425096589,0.7686610249896716,0.010577097601805127,9,43,937,81,COMPLETE
337,35.263648777313975,2026-04-29 12:01:02.150166,2026-04-29 12:01:05.593081,0 days 00:00:03.442915,55.48866996094423,0.7615646162547364,0.009643100366601364,9,40,923,79,COMPLETE
338,35.437929523164115,2026-04-29 12:01:05.593081,2026-04-29 12:01:09.203600,0 days 00:00:03.610519,51.49278681965324,0.756068918033468,0.010629544390999675,9,41,909,79,COMPLETE
339,35.292119765086376,2026-04-29 12:01:09.203600,2026-04-29 12:01:13.288015,0 days 00:00:04.084415,55.18256939370611,0.7613764844440442,0.009395799563460806,9,40,967,77,COMPLETE
340,35.473561430001475,2026-04-29 12:01:13.288015,2026-04-29 12:01:16.487427,0 days 00:00:03.199412,55.33020536900365,0.7622852871524716,0.009604148437230365,8,43,973,82,COMPLETE
341,35.537400455646385,2026-04-29 12:01:16.487427,2026-04-29 12:01:20.027801,0 days 00:00:03.540374,51.01404469420845,0.7547008496017313,0.009422676054258077,9,46,933,81,COMPLETE
342,35.32786733507258,2026-04-29 12:01:20.027801,2026-04-29 12:01:23.363462,0 days 00:00:03.335661,55.90466279549621,0.741598132418656,0.010120870834985344,9,40,920,77,COMPLETE
343,35.328418548565466,2026-04-29 12:01:23.363462,2026-04-29 12:01:26.725695,0 days 00:00:03.362233,52.5920501625929,0.7660614871862129,0.010732410324647139,9,40,959,76,COMPLETE
344,35.58617393756481,2026-04-29 12:01:26.725695,2026-04-29 12:01:30.005427,0 days 00:00:03.279732,55.74778142204014,0.7449118941347165,0.01062555494393543,9,45,963,77,COMPLETE
345,35.67160438249029,2026-04-29 12:01:30.005427,2026-04-29 12:01:33.051915,0 days 00:00:03.046488,49.20013931375413,0.4355298973257316,0.010513536853065487,9,40,894,78,COMPLETE
346,35.54175988114678,2026-04-29 12:01:33.051915,2026-04-29 12:01:36.102838,0 days 00:00:03.050923,55.961639351609925,0.7623811376992292,0.010549787181071454,8,42,988,77,COMPLETE
347,37.847519354649215,2026-04-29 12:01:36.102838,2026-04-29 12:01:38.016386,0 days 00:00:01.913548,52.344014719579896,0.7670214904764016,0.0963261641564371,9,68,922,76,COMPLETE
348,35.4384978653515,2026-04-29 12:01:38.016386,2026-04-29 12:01:41.537057,0 days 00:00:03.520671,55.73882331117067,0.746898785256994,0.009305904253788353,9,41,961,79,COMPLETE
349,35.679294361369905,2026-04-29 12:01:41.537057,2026-04-29 12:01:44.987666,0 days 00:00:03.450609,48.54511888514356,0.4989401850010051,0.008501261641669332,9,39,926,78,COMPLETE
350,39.342818440670136,2026-04-29 12:01:44.987666,2026-04-29 12:01:50.232775,0 days 00:00:05.245109,55.76227073048785,0.7656500115201913,0.0024518699159947607,9,44,956,75,COMPLETE
351,35.32319908504972,2026-04-29 12:01:50.234778,2026-04-29 12:01:53.497102,0 days 00:00:03.262324,52.14710173693363,0.7743010561217676,0.01073864620199674,9,40,892,79,COMPLETE
352,35.37830545612863,2026-04-29 12:01:53.497102,2026-04-29 12:01:56.745775,0 days 00:00:03.248673,49.36013213360937,0.7556606054572887,0.010700889647954494,9,40,891,79,COMPLETE
353,35.437366264924506,2026-04-29 12:01:56.745775,2026-04-29 12:02:00.136331,0 days 00:00:03.390556,52.88682608633218,0.7789234820526816,0.009768506492482832,9,42,917,77,COMPLETE
354,35.57692303099371,2026-04-29 12:02:00.136331,2026-04-29 12:02:03.534851,0 days 00:00:03.398520,46.2303108649483,0.7694323147434302,0.010636952776798233,9,48,998,79,COMPLETE
355,35.41618558173925,2026-04-29 12:02:03.534851,2026-04-29 12:02:06.955193,0 days 00:00:03.420342,51.612290101479836,0.7399186009051765,0.009629085839554043,9,41,947,74,COMPLETE
356,35.33670534358889,2026-04-29 12:02:06.955193,2026-04-29 12:02:10.238211,0 days 00:00:03.283018,56.067947520166186,0.7532256282385907,0.010891376650649152,9,39,900,82,COMPLETE
357,35.30664372835689,2026-04-29 12:02:10.238211,2026-04-29 12:02:13.904009,0 days 00:00:03.665798,59.86319249629216,0.7536922525351366,0.008207288729384496,9,39,885,81,COMPLETE
358,35.60373571856133,2026-04-29 12:02:13.904009,2026-04-29 12:02:17.916952,0 days 00:00:04.012943,59.990570450484874,0.7440588053575691,0.006655529212852992,9,44,908,82,COMPLETE
359,35.25496472236773,2026-04-29 12:02:17.916952,2026-04-29 12:02:21.468226,0 days 00:00:03.551274,59.808707177727996,0.7532235355801525,0.008491487066250303,9,40,877,80,COMPLETE
360,35.50637696262301,2026-04-29 12:02:21.468226,2026-04-29 12:02:25.082624,0 days 00:00:03.614398,56.36479739782759,0.7475621853134186,0.007691265909336442,9,42,879,76,COMPLETE
361,37.753774372509625,2026-04-29 12:02:25.083130,2026-04-29 12:02:27.056238,0 days 00:00:01.973108,59.907926671140146,0.752748916549973,0.008203313958638518,9,40,344,80,COMPLETE
362,35.75215610145766,2026-04-29 12:02:27.056238,2026-04-29 12:02:31.011829,0 days 00:00:03.955591,49.85043636116741,0.7368377634839959,0.006809657208277517,9,46,933,78,COMPLETE
363,38.78977056195869,2026-04-29 12:02:31.011829,2026-04-29 12:02:35.684285,0 days 00:00:04.672456,16.573161172099002,0.7577819127594142,0.00804409219856265,9,39,895,82,COMPLETE
364,35.476425149977466,2026-04-29 12:02:35.684285,2026-04-29 12:02:38.921613,0 days 00:00:03.237328,53.175787131500144,0.7623969711207296,0.011000732645558379,9,43,915,80,COMPLETE
365,35.30279979567298,2026-04-29 12:02:38.921613,2026-04-29 12:02:42.526824,0 days 00:00:03.605211,56.70989753909045,0.7387456627592183,0.009217496507781501,9,40,973,78,COMPLETE
366,35.43281110778974,2026-04-29 12:02:42.526824,2026-04-29 12:02:46.155930,0 days 00:00:03.629106,56.33304718527803,0.7244762998011249,0.008761664796837897,9,41,979,77,COMPLETE
367,35.64341000679568,2026-04-29 12:02:46.155930,2026-04-29 12:02:50.117465,0 days 00:00:03.961535,48.603507890563634,0.7362122407370405,0.007013739465081832,9,38,875,79,COMPLETE
368,35.7411335575028,2026-04-29 12:02:50.117465,2026-04-29 12:02:54.485518,0 days 00:00:04.368053,52.4810677256882,0.7510146289659597,0.00563590913951929,9,40,950,75,COMPLETE
369,35.42522725676973,2026-04-29 12:02:54.485518,2026-04-29 12:02:58.403749,0 days 00:00:03.918231,59.93480330703769,0.7412753808625084,0.007769899131503621,9,43,969,82,COMPLETE
370,35.33065462365836,2026-04-29 12:02:58.403749,2026-04-29 12:03:02.012194,0 days 00:00:03.608445,56.47896702804486,0.7182720796841358,0.00870655765854421,9,38,906,80,COMPLETE
371,35.44439888589578,2026-04-29 12:03:02.012194,2026-04-29 12:03:04.997231,0 days 00:00:02.985037,44.8503762442766,0.7094882176451297,0.010983031207499966,8,38,908,80,COMPLETE
372,35.463614133430426,2026-04-29 12:03:04.997231,2026-04-29 12:03:08.601183,0 days 00:00:03.603952,52.66407593013921,0.7213289496670401,0.009104310587839939,9,41,938,83,COMPLETE
373,35.30952546139971,2026-04-29 12:03:08.601183,2026-04-29 12:03:11.982002,0 days 00:00:03.380819,56.63707755980558,0.7324245513552604,0.009445339401517927,9,39,894,78,COMPLETE
374,35.319436357633506,2026-04-29 12:03:11.982002,2026-04-29 12:03:15.584490,0 days 00:00:03.602488,56.2107047193464,0.7249716668470909,0.007981040156987867,9,40,868,77,COMPLETE
375,35.69979314632196,2026-04-29 12:03:15.584490,2026-04-29 12:03:19.436114,0 days 00:00:03.851624,59.84582378320586,0.6993247851576953,0.006228548933897109,9,42,876,73,COMPLETE
376,35.37732583059337,2026-04-29 12:03:19.436114,2026-04-29 12:03:23.217392,0 days 00:00:03.781278,56.634304945037655,0.7167189525398958,0.007161724298904225,9,40,894,76,COMPLETE
377,35.57622365460885,2026-04-29 12:03:23.217392,2026-04-29 12:03:26.744466,0 days 00:00:03.527074,55.67494484192358,0.7298925492429398,0.008013575497078484,9,44,862,77,COMPLETE
378,35.31023953799171,2026-04-29 12:03:26.744466,2026-04-29 12:03:30.289929,0 days 00:00:03.545463,59.802075648773055,0.7220504932090616,0.008930203740548186,9,37,867,78,COMPLETE
379,35.34007647029477,2026-04-29 12:03:30.289929,2026-04-29 12:03:33.287328,0 days 00:00:02.997399,59.99692099971003,0.714948781364716,0.009135169497840497,8,37,868,75,COMPLETE
380,59.16487614648884,2026-04-29 12:03:33.287328,2026-04-29 12:03:38.031509,0 days 00:00:04.744181,2.7053646290867377,0.7251578946402308,0.007112865054730923,9,40,887,78,COMPLETE
381,35.600500329362475,2026-04-29 12:03:38.031509,2026-04-29 12:03:41.344650,0 days 00:00:03.313141,49.61337068289844,0.7034232905798806,0.009297014737503235,9,45,862,79,COMPLETE
382,35.363816303484754,2026-04-29 12:03:41.344650,2026-04-29 12:03:45.178115,0 days 00:00:03.833465,56.1142948930012,0.7364018297881154,0.007689041079153126,9,37,891,80,COMPLETE
383,35.53807800919921,2026-04-29 12:03:45.178115,2026-04-29 12:03:48.568886,0 days 00:00:03.390771,51.81302228883982,0.725313702945577,0.008452387358317033,9,42,851,73,COMPLETE
384,35.481454454274065,2026-04-29 12:03:48.568886,2026-04-29 12:03:52.663937,0 days 00:00:04.095051,56.477888077197875,0.7374660588146763,0.006470688926044711,9,39,905,78,COMPLETE
385,35.352925468523566,2026-04-29 12:03:52.663937,2026-04-29 12:03:56.056281,0 days 00:00:03.392344,52.37652617467269,0.7429719851356933,0.009409473198669875,9,37,875,75,COMPLETE
386,35.45553882234591,2026-04-29 12:03:56.056281,2026-04-29 12:03:59.316629,0 days 00:00:03.260348,56.00746008037552,0.7173920473087969,0.010958609210817693,9,41,930,81,COMPLETE
387,35.41133863259105,2026-04-29 12:03:59.316629,2026-04-29 12:04:03.305902,0 days 00:00:03.989273,47.63626721913197,0.7333405037683568,0.008021964930659152,9,39,999,78,COMPLETE
388,35.43827674181224,2026-04-29 12:04:03.305902,2026-04-29 12:04:06.659552,0 days 00:00:03.353650,56.54477062446003,0.7492578208152891,0.009175166618808722,9,43,903,76,COMPLETE
389,35.35539522838077,2026-04-29 12:04:06.659552,2026-04-29 12:04:10.524823,0 days 00:00:03.865271,59.94848905128466,0.7597268244836528,0.007112209262491707,9,37,847,81,COMPLETE
390,35.464746130772696,2026-04-29 12:04:10.524823,2026-04-29 12:04:14.031439,0 days 00:00:03.506616,49.83191745203839,0.712048754814339,0.009743634118948916,9,41,954,79,COMPLETE
391,35.34321366590094,2026-04-29 12:04:14.031439,2026-04-29 12:04:17.200270,0 days 00:00:03.168831,53.876364714049,0.7537731868860635,0.011216455574805854,9,39,888,77,COMPLETE
392,36.72034257448365,2026-04-29 12:04:17.200270,2026-04-29 12:04:19.773486,0 days 00:00:02.573216,53.20008990398933,0.7281505229311788,0.008425441308022643,9,37,462,81,COMPLETE
393,35.755694086028114,2026-04-29 12:04:19.773486,2026-04-29 12:04:22.299635,0 days 00:00:02.526149,56.59377247967225,0.6976717153267324,0.00954697294077982,8,88,867,83,COMPLETE
394,35.67313148197268,2026-04-29 12:04:22.299635,2026-04-29 12:04:26.132640,0 days 00:00:03.833005,50.55353744062648,0.740241415986259,0.007367287909602932,9,45,908,80,COMPLETE
395,35.31850211341036,2026-04-29 12:04:26.132640,2026-04-29 12:04:29.395212,0 days 00:00:03.262572,59.9286231642159,0.762597187923927,0.010925835299161439,9,40,972,74,COMPLETE
396,35.51829712095137,2026-04-29 12:04:29.395212,2026-04-29 12:04:33.571543,0 days 00:00:04.176331,59.784882546003104,0.7639110378362659,0.006076602303715373,9,43,973,73,COMPLETE
397,35.40078807709977,2026-04-29 12:04:33.571543,2026-04-29 12:04:37.214749,0 days 00:00:03.643206,53.15570299860621,0.7665994517156992,0.008503946388701687,9,41,981,71,COMPLETE
398,48.63839448399671,2026-04-29 12:04:37.214749,2026-04-29 12:04:42.476189,0 days 00:00:05.261440,59.67468182590457,0.6333328318506615,0.0010310156037622428,9,36,949,74,COMPLETE
399,35.57587940757772,2026-04-29 12:04:42.476189,2026-04-29 12:04:45.799050,0 days 00:00:03.322861,46.85657948936351,0.7427151551583597,0.00998047469248685,9,54,961,77,COMPLETE
400,37.25468807267046,2026-04-29 12:04:45.799050,2026-04-29 12:04:47.725660,0 days 00:00:01.926610,56.06345223580998,0.7629133086394131,0.07080677374933284,9,47,846,76,COMPLETE
401,35.25767304149644,2026-04-29 12:04:47.727663,2026-04-29 12:04:51.583628,0 days 00:00:03.855965,59.79568515553178,0.722728429153785,0.00783610884159404,9,38,933,78,COMPLETE
402,35.86572240126121,2026-04-29 12:04:51.583628,2026-04-29 12:04:56.034057,0 days 00:00:04.450429,56.74824044363983,0.7215938736832409,0.005215127850005128,9,40,919,78,COMPLETE
403,35.53254027439256,2026-04-29 12:04:56.034057,2026-04-29 12:05:00.068719,0 days 00:00:04.034662,52.56000662489147,0.7202658220938079,0.006696188520759869,9,38,932,75,COMPLETE
404,35.499796658983044,2026-04-29 12:05:00.068719,2026-04-29 12:05:03.853286,0 days 00:00:03.784567,56.363301293543934,0.7069132129689937,0.007788948686910812,9,42,941,79,COMPLETE
405,40.16311966128551,2026-04-29 12:05:03.853286,2026-04-29 12:05:08.837691,0 days 00:00:04.984405,12.669435714676776,0.7346804315571585,0.008046289596098153,9,37,961,76,COMPLETE
406,35.35766291563912,2026-04-29 12:05:08.837691,2026-04-29 12:05:12.559336,0 days 00:00:03.721645,49.7994293550012,0.6948017859823334,0.00879951875303785,9,40,983,78,COMPLETE
407,35.562980111364894,2026-04-29 12:05:12.559336,2026-04-29 12:05:16.345706,0 days 00:00:03.786370,56.95917792860175,0.7488514807652719,0.007634686806171946,9,44,940,80,COMPLETE
408,35.471534673678036,2026-04-29 12:05:16.345706,2026-04-29 12:05:20.299464,0 days 00:00:03.953758,59.63571508239126,0.7329638475048841,0.0064718083291995555,9,38,879,73,COMPLETE
409,35.42296000815675,2026-04-29 12:05:20.299464,2026-04-29 12:05:23.310006,0 days 00:00:03.010542,59.65097838469495,0.7686499090199008,0.010943497556232723,9,42,835,77,COMPLETE
410,36.22192305745357,2026-04-29 12:05:23.310006,2026-04-29 12:05:24.186323,0 days 00:00:00.876317,52.58886323556398,0.7460981364907949,0.008905438832992071,3,36,924,84,COMPLETE
411,35.42295429914514,2026-04-29 12:05:24.186323,2026-04-29 12:05:27.136566,0 days 00:00:02.950243,52.496666239514546,0.7548059434364567,0.01001030222507202,8,39,854,81,COMPLETE
412,35.50369411305634,2026-04-29 12:05:27.152196,2026-04-29 12:05:31.242308,0 days 00:00:04.090112,59.97608703029813,0.7085190920928531,0.007000743006403625,9,41,967,79,COMPLETE
413,35.380588116413854,2026-04-29 12:05:31.242308,2026-04-29 12:05:34.370388,0 days 00:00:03.128080,48.052791767114634,0.7258904457867515,0.011267749561094557,9,36,861,75,COMPLETE
414,35.30075309022554,2026-04-29 12:05:34.370388,2026-04-29 12:05:38.194842,0 days 00:00:03.824454,53.98494746069803,0.7671190695517148,0.00826567264074825,9,40,915,86,COMPLETE
415,35.942647664305845,2026-04-29 12:05:38.194842,2026-04-29 12:05:42.800651,0 days 00:00:04.605809,46.1362760747336,0.7694371028091489,0.00596431478380798,9,44,994,86,COMPLETE
416,35.39669195716561,2026-04-29 12:05:42.800651,2026-04-29 12:05:46.789557,0 days 00:00:03.988906,50.62009554852842,0.7612323468429084,0.007688656099329571,9,40,936,85,COMPLETE
417,35.83005629986659,2026-04-29 12:05:46.789557,2026-04-29 12:05:49.342991,0 days 00:00:02.553434,54.21716717226931,0.7730892218985675,0.010054613306416582,9,42,508,87,COMPLETE
418,35.51827903598547,2026-04-29 12:05:49.342991,2026-04-29 12:05:53.184389,0 days 00:00:03.841398,53.63908508137232,0.75387162264868,0.007112867572538937,9,40,834,83,COMPLETE
419,45.013135158895935,2026-04-29 12:05:53.184389,2026-04-29 12:05:58.270973,0 days 00:00:05.086584,8.326645640146166,0.7409673227429525,0.00841306052673636,9,38,886,87,COMPLETE
420,35.57217904461432,2026-04-29 12:05:58.270973,2026-04-29 12:06:01.810150,0 days 00:00:03.539177,43.679783233829575,0.7631738278042167,0.009549158971922739,9,46,925,82,COMPLETE
421,35.48419552354203,2026-04-29 12:06:01.810150,2026-04-29 12:06:05.174388,0 days 00:00:03.364238,51.05060785368424,0.7692359309071863,0.011276048202556148,9,43,955,85,COMPLETE
422,38.06451524884914,2026-04-29 12:06:05.174388,2026-04-29 12:06:09.270154,0 days 00:00:04.095766,18.868918247232564,0.7499186459751565,0.00839886973979576,9,36,866,70,COMPLETE
423,35.323486131460704,2026-04-29 12:06:09.270154,2026-04-29 12:06:12.661035,0 days 00:00:03.390881,59.61063921675476,0.7578353400129327,0.007605272008091456,8,40,915,77,COMPLETE
424,35.471193452469905,2026-04-29 12:06:12.661035,2026-04-29 12:06:15.640619,0 days 00:00:02.979584,56.135477575473395,0.7771463104424308,0.009836117940871091,8,41,915,75,COMPLETE
425,35.41265895312857,2026-04-29 12:06:15.640619,2026-04-29 12:06:18.605585,0 days 00:00:02.964966,48.63108632345552,0.7377574982104577,0.011117848621175546,8,39,948,72,COMPLETE
426,35.57329464677569,2026-04-29 12:06:18.605585,2026-04-29 12:06:22.153162,0 days 00:00:03.547577,59.99087300453778,0.750980715742077,0.006664983741680096,8,43,897,78,COMPLETE
427,35.24477372698282,2026-04-29 12:06:22.153162,2026-04-29 12:06:25.762755,0 days 00:00:03.609593,59.96250921401762,0.7733268704526309,0.009069734227624547,9,40,974,76,COMPLETE
428,35.47889972703311,2026-04-29 12:06:25.762755,2026-04-29 12:06:29.530021,0 days 00:00:03.767266,59.81222195861272,0.7748555372561016,0.007814501122851272,9,45,977,77,COMPLETE
429,35.53461598343746,2026-04-29 12:06:29.530021,2026-04-29 12:06:32.803629,0 days 00:00:03.273608,55.964142840526435,0.7341190100826379,0.008807887725814334,9,50,883,74,COMPLETE
430,38.98130996142562,2026-04-29 12:06:32.803629,2026-04-29 12:06:35.311899,0 days 00:00:02.508270,55.86265258744047,0.7570449907409942,0.005731305592501045,9,41,432,80,COMPLETE
431,45.78239485842291,2026-04-29 12:06:35.320902,2026-04-29 12:06:40.365269,0 days 00:00:05.044367,6.848764136182404,0.7774221417274501,0.009166555159998294,9,38,921,78,COMPLETE
432,36.0644043541309,2026-04-29 12:06:40.365269,2026-04-29 12:06:44.224020,0 days 00:00:03.858751,59.77310781799832,0.4077991435424392,0.006977067004613167,9,42,1000,82,COMPLETE
433,35.86727576506598,2026-04-29 12:06:44.224020,2026-04-29 12:06:45.440327,0 days 00:00:01.216307,53.91040551406157,0.7454885730835117,0.00789697128656357,4,39,909,76,COMPLETE
434,35.62506507117417,2026-04-29 12:06:45.440327,2026-04-29 12:06:48.398418,0 days 00:00:02.958091,55.97414286247113,0.759097701234197,0.009483106574934707,9,77,892,79,COMPLETE
435,35.341219366464784,2026-04-29 12:06:48.398930,2026-04-29 12:06:52.124145,0 days 00:00:03.725215,59.99629294970756,0.7753994093433372,0.008692469301145108,9,35,939,81,COMPLETE
436,35.58114123586315,2026-04-29 12:06:52.124145,2026-04-29 12:06:56.077475,0 days 00:00:03.953330,50.46496151601951,0.744919805795847,0.007284596034657587,9,43,977,74,COMPLETE
437,35.32660697836227,2026-04-29 12:06:56.077475,2026-04-29 12:06:59.389407,0 days 00:00:03.311932,54.019292934721996,0.7315530110263492,0.010158396030973037,9,40,855,84,COMPLETE
438,35.40985225091648,2026-04-29 12:06:59.389407,2026-04-29 12:07:03.258344,0 days 00:00:03.868937,53.16904583272916,0.7280303663615625,0.008155232137134665,9,37,853,85,COMPLETE
439,37.50155067305777,2026-04-29 12:07:03.258344,2026-04-29 12:07:05.163620,0 days 00:00:01.905276,49.981005185988224,0.7825897598885253,0.1448171403179284,9,39,839,84,COMPLETE
440,35.59363973547012,2026-04-29 12:07:05.163620,2026-04-29 12:07:09.384489,0 days 00:00:04.220869,56.32880273745096,0.7650055825565532,0.006416393399517964,9,35,871,83,COMPLETE
441,64.51814120770867,2026-04-29 12:07:09.384489,2026-04-29 12:07:10.399582,0 days 00:00:01.015093,3.7480044719368335,0.7142712786290581,0.009209187094693651,9,44,175,86,COMPLETE
442,35.559095363943655,2026-04-29 12:07:10.400127,2026-04-29 12:07:13.403416,0 days 00:00:03.003289,46.59056838328844,0.7302882008396433,0.010078332638984703,8,41,855,82,COMPLETE
443,35.34130963835102,2026-04-29 12:07:13.403416,2026-04-29 12:07:17.066577,0 days 00:00:03.663161,59.91198263302464,0.7565428288184151,0.007704667867446214,9,37,828,80,COMPLETE
444,35.63188947126562,2026-04-29 12:07:17.066577,2026-04-29 12:07:20.141200,0 days 00:00:03.074623,53.42298175346737,0.7724058856280117,0.011498222309055301,9,47,873,84,COMPLETE
445,35.34293947022926,2026-04-29 12:07:20.141200,2026-04-29 12:07:23.627122,0 days 00:00:03.485922,56.320385098000315,0.74883666313651,0.008772703387085613,9,39,844,81,COMPLETE
446,35.60660682394761,2026-04-29 12:07:23.627122,2026-04-29 12:07:27.502911,0 days 00:00:03.875789,52.16736350444171,0.7833962531287817,0.007148422365781312,9,42,886,79,COMPLETE
447,35.38687549287565,2026-04-29 12:07:27.502911,2026-04-29 12:07:31.007524,0 days 00:00:03.504613,49.29416830545801,0.7629604342212304,0.00966400105535072,9,36,808,88,COMPLETE
448,36.294469247738206,2026-04-29 12:07:31.007524,2026-04-29 12:07:36.088941,0 days 00:00:05.081417,56.16563153414716,0.68761259861586,0.0043328938172610635,9,40,965,83,COMPLETE
449,35.303828917541736,2026-04-29 12:07:36.088941,2026-04-29 12:07:39.798034,0 days 00:00:03.709093,59.89620609868732,0.7330329268026845,0.008246525247527307,9,38,866,86,COMPLETE
450,35.63450644980784,2026-04-29 12:07:39.798034,2026-04-29 12:07:44.115330,0 days 00:00:04.317296,59.65301428819829,0.7260614075196177,0.006127251009961021,9,35,862,86,COMPLETE
451,35.29877234144509,2026-04-29 12:07:44.115330,2026-04-29 12:07:47.867334,0 days 00:00:03.752004,59.904095250339225,0.7355878319892908,0.008113364903901544,9,38,897,84,COMPLETE
452,35.40710325509842,2026-04-29 12:07:47.867334,2026-04-29 12:07:51.988831,0 days 00:00:04.121497,59.865113119337586,0.7389925440036161,0.006993510946502844,9,37,902,88,COMPLETE
453,37.062660841384385,2026-04-29 12:07:51.988831,2026-04-29 12:07:56.436224,0 days 00:00:04.447393,24.721066692501502,0.7481054360734886,0.008022716398513182,9,35,881,86,COMPLETE
454,36.05345650668385,2026-04-29 12:07:56.436224,2026-04-29 12:08:01.022043,0 days 00:00:04.585819,59.766721454230776,0.7169489391918203,0.004832471346667076,9,38,902,78,COMPLETE
455,35.459249859181554,2026-04-29 12:08:01.022043,2026-04-29 12:08:05.266101,0 days 00:00:04.244058,59.95274630572291,0.7007070062506396,0.006355343332081973,9,38,938,81,COMPLETE
456,60.222291483664506,2026-04-29 12:08:05.266101,2026-04-29 12:08:09.917118,0 days 00:00:04.651017,2.097373567144937,0.7381970682503539,0.007672075915291864,8,36,917,76,COMPLETE
457,35.42917572248352,2026-04-29 12:08:09.917118,2026-04-29 12:08:13.546461,0 days 00:00:03.629343,56.25258301487027,0.7536490411449213,0.008314919084961549,9,42,890,83,COMPLETE
458,35.484221984899236,2026-04-29 12:08:13.546461,2026-04-29 12:08:17.267280,0 days 00:00:03.720819,54.703704710047894,0.7188706938792819,0.007079201204885186,9,39,877,72,COMPLETE
459,35.31698870824022,2026-04-29 12:08:17.267280,2026-04-29 12:08:21.051982,0 days 00:00:03.784702,56.319474650910784,0.7586338557387174,0.008167122810316181,9,37,929,79,COMPLETE
460,35.54860619653666,2026-04-29 12:08:21.051982,2026-04-29 12:08:25.373925,0 days 00:00:04.321943,56.45960979192212,0.7451644194723506,0.005934009440661964,9,38,944,77,COMPLETE
461,35.804556189360824,2026-04-29 12:08:25.373925,2026-04-29 12:08:28.893516,0 days 00:00:03.519591,56.45988561400446,0.4644663506701925,0.00786519633278936,9,41,928,79,COMPLETE
462,35.68941288980944,2026-04-29 12:08:28.903521,2026-04-29 12:08:33.384390,0 days 00:00:04.480869,59.863528255130504,0.7583289721118913,0.005508654103885308,9,37,910,81,COMPLETE
463,41.416749601397086,2026-04-29 12:08:33.400020,2026-04-29 12:08:34.966249,0 days 00:00:01.566229,56.322994961346716,0.7242594713270258,0.006748632846770047,9,44,275,75,COMPLETE
464,35.31494389470022,2026-04-29 12:08:34.966249,2026-04-29 12:08:38.728413,0 days 00:00:03.762164,59.92735368348264,0.7363899695374264,0.0083821366855205,9,39,971,80,COMPLETE
465,35.41511055450358,2026-04-29 12:08:38.728413,2026-04-29 12:08:42.848597,0 days 00:00:04.120184,51.85943958468227,0.708189006615392,0.008639337841036853,9,35,975,82,COMPLETE
466,35.31546290968574,2026-04-29 12:08:42.848597,2026-04-29 12:08:46.666089,0 days 00:00:03.817492,56.227586957229136,0.7309229688987126,0.008567689714617847,9,38,989,80,COMPLETE
467,35.32190012246612,2026-04-29 12:08:46.666089,2026-04-29 12:08:50.550865,0 days 00:00:03.884776,56.3128298859951,0.725611657121826,0.008445808038966213,9,37,967,84,COMPLETE
468,35.33342756764263,2026-04-29 12:08:50.550865,2026-04-29 12:08:54.680792,0 days 00:00:04.129927,56.85835563315731,0.7356680102400989,0.007467977771304298,9,35,1000,80,COMPLETE
469,35.33869848488466,2026-04-29 12:08:54.680792,2026-04-29 12:08:58.443259,0 days 00:00:03.762467,59.8577543741971,0.7171455832672802,0.008721408140930387,9,38,982,82,COMPLETE
470,37.840927313601,2026-04-29 12:08:58.443259,2026-04-29 12:09:03.383724,0 days 00:00:04.940465,22.533119383907216,0.7385605166991634,0.006686454155288665,9,39,955,85,COMPLETE
471,35.36851606639624,2026-04-29 12:09:03.383724,2026-04-29 12:09:07.338230,0 days 00:00:03.954506,53.91978392896082,0.7077218933868288,0.008105631387477755,9,36,991,80,COMPLETE
472,35.45490343289473,2026-04-29 12:09:07.338230,2026-04-29 12:09:11.116475,0 days 00:00:03.778245,53.26130538128822,0.7301949152894177,0.008945776028034577,9,41,976,86,COMPLETE
473,35.32229429314913,2026-04-29 12:09:11.116475,2026-04-29 12:09:15.158677,0 days 00:00:04.042202,56.37794041740963,0.7403332431674164,0.00725911172101648,9,38,964,78,COMPLETE
474,49.37883745966783,2026-04-29 12:09:15.158677,2026-04-29 12:09:20.493114,0 days 00:00:05.334437,4.99665966181062,0.7478656687865919,0.009203136686610797,9,42,949,83,COMPLETE
475,35.2931698249207,2026-04-29 12:09:20.493114,2026-04-29 12:09:24.465695,0 days 00:00:03.972581,59.79254434792115,0.7231027444528056,0.0079976697860454,9,35,990,80,COMPLETE
476,35.4023864212535,2026-04-29 12:09:24.465695,2026-04-29 12:09:28.796235,0 days 00:00:04.330540,59.82661776238053,0.7098288833136442,0.006478830907791846,9,37,992,81,COMPLETE
477,35.39375229571914,2026-04-29 12:09:28.796235,2026-04-29 12:09:32.844258,0 days 00:00:04.048023,50.18271588369861,0.6940998583377819,0.007599410990933044,9,39,1000,79,COMPLETE
478,35.31468830006628,2026-04-29 12:09:32.844258,2026-04-29 12:09:36.844992,0 days 00:00:04.000734,59.812725006664444,0.7280596228687588,0.007850694100644078,9,35,982,82,COMPLETE
479,35.34853382745679,2026-04-29 12:09:36.844992,2026-04-29 12:09:41.148402,0 days 00:00:04.303410,56.72644818637091,0.733220681802221,0.0070570321922032294,9,35,988,84,COMPLETE
480,35.55195975323302,2026-04-29 12:09:41.148402,2026-04-29 12:09:45.789144,0 days 00:00:04.640742,59.70658341228572,0.720338567578981,0.005722462731997127,9,35,971,83,COMPLETE
481,35.373711586125225,2026-04-29 12:09:45.789144,2026-04-29 12:09:49.650987,0 days 00:00:03.861843,53.124368301998274,0.7349757857135633,0.008324657885650153,9,37,969,81,COMPLETE
482,35.35806570556779,2026-04-29 12:09:49.650987,2026-04-29 12:09:53.432875,0 days 00:00:03.781888,59.82726206971782,0.7027309679943514,0.009026800482132839,9,37,985,86,COMPLETE
483,35.353393395369075,2026-04-29 12:09:53.432875,2026-04-29 12:09:57.548024,0 days 00:00:04.115149,59.74593093888562,0.7463150494338137,0.007192546088593389,9,35,952,82,COMPLETE
484,47.52953711132777,2026-04-29 12:09:57.548024,2026-04-29 12:10:03.124015,0 days 00:00:05.575991,6.256193394124441,0.6821920204063406,0.008188831380622718,9,39,1000,84,COMPLETE
485,35.85288342862588,2026-04-29 12:10:03.124015,2026-04-29 12:10:04.966741,0 days 00:00:01.842726,53.748687596431,0.7235954507735796,0.006400324094663644,5,36,961,80,COMPLETE
486,35.46402563439327,2026-04-29 12:10:04.966741,2026-04-29 12:10:08.547696,0 days 00:00:03.580955,56.24824355142163,0.7499827246293896,0.009649646958705143,9,42,977,87,COMPLETE
487,35.28618798816413,2026-04-29 12:10:08.547696,2026-04-29 12:10:12.371147,0 days 00:00:03.823451,59.85914713560751,0.7409583849689637,0.007828464725708473,9,38,944,79,COMPLETE
488,35.56552825313525,2026-04-29 12:10:12.371147,2026-04-29 12:10:16.499877,0 days 00:00:04.128730,49.50627646612115,0.7107065934338161,0.007203743581499501,9,35,933,82,COMPLETE
489,35.936030636846034,2026-04-29 12:10:16.499877,2026-04-29 12:10:21.259082,0 days 00:00:04.759205,52.57609861296601,0.7324810761400499,0.005244916103885132,9,37,949,80,COMPLETE
490,35.44155430260539,2026-04-29 12:10:21.259082,2026-04-29 12:10:25.563032,0 days 00:00:04.303950,56.474317908937834,0.718766272621271,0.0065319869664937835,9,38,939,85,COMPLETE
491,53.0019456826242,2026-04-29 12:10:25.563032,2026-04-29 12:10:30.921760,0 days 00:00:05.358728,4.3511522668348865,0.7421649533512075,0.007857810461943868,9,35,948,79,COMPLETE
492,36.663814145326334,2026-04-29 12:10:30.921760,2026-04-29 12:10:33.317564,0 days 00:00:02.395804,53.39622848441606,0.7285440908406684,0.04995093814358113,9,39,930,83,COMPLETE
493,35.337473880441195,2026-04-29 12:10:33.317564,2026-04-29 12:10:37.209156,0 days 00:00:03.891592,59.896401579313135,0.7381297645284978,0.008337493464662586,9,37,963,88,COMPLETE
494,35.522167915613466,2026-04-29 12:10:37.209156,2026-04-29 12:10:41.260754,0 days 00:00:04.051598,49.919343358773645,0.7528745274125115,0.007428907962029289,9,41,985,81,COMPLETE
495,35.63101007536979,2026-04-29 12:10:41.260754,2026-04-29 12:10:45.424126,0 days 00:00:04.163372,59.90599261938794,0.7202284925007009,0.006147555603839341,9,45,951,79,COMPLETE
496,35.582956310825274,2026-04-29 12:10:45.424126,2026-04-29 12:10:48.814644,0 days 00:00:03.390518,56.015431679453165,0.7459265785610609,0.00891919799801869,9,58,923,85,COMPLETE
497,35.343951997238506,2026-04-29 12:10:48.814644,2026-04-29 12:10:52.844171,0 days 00:00:04.029527,59.96876977656775,0.7335477552929209,0.007884800804904628,9,34,982,82,COMPLETE
498,35.468785005940966,2026-04-29 12:10:52.844171,2026-04-29 12:10:57.034048,0 days 00:00:04.189877,53.34366473643266,0.7585781913814118,0.006619196192718001,9,39,936,78,COMPLETE
499,37.74654209807421,2026-04-29 12:10:57.034048,2026-04-29 12:10:59.181275,0 days 00:00:02.147227,47.9653930398316,0.7074645220431591,0.009162487411788751,9,43,375,87,COMPLETE
500,35.30983661902665,2026-04-29 12:10:59.181275,2026-04-29 12:11:03.387454,0 days 00:00:04.206179,56.11206165447093,0.7462981668526227,0.007198944676407988,9,37,967,84,COMPLETE
501,35.40576472593794,2026-04-29 12:11:03.387454,2026-04-29 12:11:07.672520,0 days 00:00:04.285066,52.35544942940953,0.7272206197981321,0.0070702875841554685,9,40,987,89,COMPLETE
502,41.20301648355907,2026-04-29 12:11:07.672520,2026-04-29 12:11:13.270348,0 days 00:00:05.597828,15.218300297791028,0.7439349263162501,0.005861222823163293,9,34,974,84,COMPLETE
503,35.39591065302306,2026-04-29 12:11:13.270348,2026-04-29 12:11:17.500603,0 days 00:00:04.230255,56.078210300372135,0.6963126398004315,0.006954081780711935,9,38,959,86,COMPLETE
504,35.50231782564508,2026-04-29 12:11:17.500603,2026-04-29 12:11:21.493729,0 days 00:00:03.993126,50.694204651115214,0.7164678313456148,0.00772787234204814,9,41,960,83,COMPLETE
505,37.76943784993509,2026-04-29 12:11:21.494233,2026-04-29 12:11:24.766089,0 days 00:00:03.271856,56.516901156881985,0.7371714053787892,0.005407456010605823,9,36,550,85,COMPLETE
506,35.5898362734891,2026-04-29 12:11:24.766089,2026-04-29 12:11:28.215988,0 days 00:00:03.449899,53.035113652613425,0.5406378568280645,0.009655426695840928,9,43,999,81,COMPLETE
507,35.32703813700569,2026-04-29 12:11:28.215988,2026-04-29 12:11:31.993537,0 days 00:00:03.777549,59.82604429805918,0.744521001621307,0.008547932024442276,9,39,973,83,COMPLETE
508,45.57943397411905,2026-04-29 12:11:31.993537,2026-04-29 12:11:37.719293,0 days 00:00:05.725756,47.171704504230114,0.7297484906834099,0.0014986400068078827,9,36,941,81,COMPLETE
509,35.81229183061181,2026-04-29 12:11:37.720068,2026-04-29 12:11:41.514725,0 days 00:00:03.794657,56.09915163147105,0.7556046219441722,0.006249723076126827,9,66,908,89,COMPLETE
510,35.522354520111136,2026-04-29 12:11:41.514725,2026-04-29 12:11:45.627893,0 days 00:00:04.113168,50.576656736890996,0.7664317661370824,0.007497358180318495,9,41,964,87,COMPLETE
511,35.36936497176258,2026-04-29 12:11:45.627893,2026-04-29 12:11:49.157122,0 days 00:00:03.529229,56.12473714961328,0.7109934663697889,0.009324836420152754,9,38,944,77,COMPLETE
512,35.2952485050258,2026-04-29 12:11:49.157122,2026-04-29 12:11:51.792836,0 days 00:00:02.635714,59.919589417184625,0.7497790753161154,0.008745960797186005,9,35,1000,31,COMPLETE
513,38.34175643545057,2026-04-29 12:11:51.792836,2026-04-29 12:11:55.562500,0 days 00:00:03.769664,59.916943885962645,0.7279436123419857,0.0027629949773376014,9,34,991,40,COMPLETE
514,35.32001169242138,2026-04-29 12:11:55.562500,2026-04-29 12:11:57.827042,0 days 00:00:02.264542,53.48648793407409,0.7471063315419672,0.009985585330889514,9,32,985,24,COMPLETE
515,37.82647092425831,2026-04-29 12:11:57.827042,2026-04-29 12:11:58.757501,0 days 00:00:00.930459,44.39595720358277,0.7349152268480845,0.008583938997880663,9,39,488,15,COMPLETE
516,35.52447458492601,2026-04-29 12:11:58.757501,2026-04-29 12:12:02.914543,0 days 00:00:04.157042,56.053548503992026,0.7174994092169823,0.00688439218965318,9,43,998,82,COMPLETE
517,35.38298366338965,2026-04-29 12:12:02.914543,2026-04-29 12:12:06.501253,0 days 00:00:03.586710,50.528620538730934,0.7521809627188825,0.00994594115576848,9,37,974,80,COMPLETE
518,35.471366588931794,2026-04-29 12:12:06.501253,2026-04-29 12:12:10.325222,0 days 00:00:03.823969,53.72459406066223,0.7408973686078609,0.00781269814117544,9,41,956,76,COMPLETE
519,40.5485605267653,2026-04-29 12:12:10.325222,2026-04-29 12:12:14.046347,0 days 00:00:03.721125,10.864245234365603,0.7198322278438397,0.008757294483146822,9,46,998,45,COMPLETE
520,35.35095575429189,2026-04-29 12:12:14.046347,2026-04-29 12:12:18.269286,0 days 00:00:04.222939,55.243215190599386,0.75217127050392,0.007470236801021879,9,34,980,84,COMPLETE
521,35.373937824790616,2026-04-29 12:12:18.269286,2026-04-29 12:12:21.898650,0 days 00:00:03.629364,48.04903914631542,0.7320793155857224,0.009368122881860577,9,39,964,78,COMPLETE
522,35.29831286401498,2026-04-29 12:12:21.898650,2026-04-29 12:12:25.825764,0 days 00:00:03.927114,59.946350424406376,0.7683578398191008,0.008126991299434646,9,36,1000,80,COMPLETE
523,35.6145034063083,2026-04-29 12:12:25.825764,2026-04-29 12:12:28.562641,0 days 00:00:02.736877,59.56133279619533,0.7679761466087777,0.005986128131325593,9,32,899,31,COMPLETE
524,35.31349063502822,2026-04-29 12:12:28.562641,2026-04-29 12:12:32.823419,0 days 00:00:04.260778,56.569370561395296,0.7669341775606,0.0071866616444890685,9,35,998,82,COMPLETE
525,35.481722105528775,2026-04-29 12:12:32.823419,2026-04-29 12:12:36.141741,0 days 00:00:03.318322,52.63255810282544,0.7703655952401616,0.006527726969861426,9,34,999,34,COMPLETE
526,36.08978743866089,2026-04-29 12:12:36.141741,2026-04-29 12:12:38.811395,0 days 00:00:02.669654,56.422511812450026,0.7669724978452875,0.004841995053782948,9,35,983,26,COMPLETE
527,35.48028613145912,2026-04-29 12:12:38.811395,2026-04-29 12:12:43.061656,0 days 00:00:04.250261,50.86682388230662,0.7604603124066405,0.007197098402478027,9,32,922,84,COMPLETE
