number,value,datetime_start,datetime_complete,duration,params_colsample_bytree,params_huber_slope,params_learning_rate,params_max_depth,params_min_child_weight,params_n_estimators,state
0,36.67216213773976,2026-04-29 12:49:25.575092,2026-04-29 12:49:27.470396,0 days 00:00:01.895304,0.6854338455214246,55.30569816258421,0.0561367737350401,5,2,500,COMPLETE
1,66.25014486476586,2026-04-29 12:49:27.471413,2026-04-29 12:49:28.758696,0 days 00:00:01.287283,0.6694931763848635,9.463912158825527,0.06835816651491282,3,88,800,COMPLETE
2,60.84044637456283,2026-04-29 12:49:28.758696,2026-04-29 12:49:30.694686,0 days 00:00:01.935990,0.9687491401181942,5.716664831547408,0.06850781024062262,3,88,1000,COMPLETE
3,36.2458653527578,2026-04-29 12:49:30.694686,2026-04-29 12:49:31.910333,0 days 00:00:01.215647,0.9628196684301851,36.15211370010557,0.00799290068539951,4,36,500,COMPLETE
4,57.815395247293566,2026-04-29 12:49:31.922838,2026-04-29 12:49:33.034858,0 days 00:00:01.112020,0.7261516782376982,4.591139774381715,0.09538845571877823,6,50,400,COMPLETE
5,59.20081510183421,2026-04-29 12:49:33.034858,2026-04-29 12:49:35.307897,0 days 00:00:02.273039,0.6996702353138285,4.729224796308136,0.004100388692057233,5,26,800,COMPLETE
6,66.22322482007802,2026-04-29 12:49:35.307897,2026-04-29 12:49:35.563839,0 days 00:00:00.255942,0.5901316668081563,2.5172527093898545,0.004330790908238223,5,71,100,COMPLETE
7,36.05522110007572,2026-04-29 12:49:35.563839,2026-04-29 12:49:37.742982,0 days 00:00:02.179143,0.9488180369771777,31.440848828975348,0.03828767277486881,7,62,600,COMPLETE
8,35.99316341093956,2026-04-29 12:49:37.758607,2026-04-29 12:49:39.241039,0 days 00:00:01.482432,0.5424630534247714,37.21732539927738,0.018141754916760303,5,11,600,COMPLETE
9,61.32019680604451,2026-04-29 12:49:39.241039,2026-04-29 12:49:42.196189,0 days 00:00:02.955150,0.9187925137902296,5.621888600880877,0.016723820924610652,10,75,600,COMPLETE
10,59.85731764219821,2026-04-29 12:49:42.210697,2026-04-29 12:49:43.083990,0 days 00:00:00.873293,0.500842420610617,19.08532569688733,0.0012557078028760963,8,5,100,COMPLETE
11,64.114521780046,2026-04-29 12:49:43.084565,2026-04-29 12:49:45.727456,0 days 00:00:02.642891,0.8420794722412406,23.85418679668356,0.2571965728980068,8,57,700,COMPLETE
12,35.55021046998295,2026-04-29 12:49:45.727456,2026-04-29 12:49:47.271789,0 days 00:00:01.544333,0.8155463402593652,58.82210241834201,0.02263200037809101,7,23,300,COMPLETE
13,35.60495468454584,2026-04-29 12:49:47.271789,2026-04-29 12:49:48.919708,0 days 00:00:01.647919,0.830836248277386,59.96930692852535,0.019631878004064907,7,21,300,COMPLETE
14,35.476817117360014,2026-04-29 12:49:48.919708,2026-04-29 12:49:51.539998,0 days 00:00:02.620290,0.8264144902062709,55.027932941261625,0.018586432341998617,9,24,300,COMPLETE
15,67.88203244268746,2026-04-29 12:49:51.539998,2026-04-29 12:49:53.630279,0 days 00:00:02.090281,0.808002162563944,14.189720185057805,0.006572922337308644,10,39,300,COMPLETE
16,37.37970316853242,2026-04-29 12:49:53.630279,2026-04-29 12:49:54.944776,0 days 00:00:01.314497,0.8815567500010877,48.9822689932505,0.17080454122263222,9,21,200,COMPLETE
17,62.6917329000489,2026-04-29 12:49:54.945283,2026-04-29 12:49:56.603288,0 days 00:00:01.658005,0.7740544251289992,21.190470867461734,0.034071187601641746,9,38,300,COMPLETE
18,70.87810842171598,2026-04-29 12:49:56.603288,2026-04-29 12:49:59.152607,0 days 00:00:02.549319,0.7740890857651943,11.11006146568141,0.0014824600435254978,8,14,400,COMPLETE
19,36.57216871082213,2026-04-29 12:49:59.152607,2026-04-29 12:50:00.898772,0 days 00:00:01.746165,0.8734946831837422,30.29743937625701,0.009101972205078569,9,32,200,COMPLETE
20,35.826157221927105,2026-04-29 12:50:00.898772,2026-04-29 12:50:02.321872,0 days 00:00:01.423100,0.6195050848969175,44.37908321489791,0.029550289826195772,6,47,400,COMPLETE
21,35.56521306904181,2026-04-29 12:50:02.322611,2026-04-29 12:50:04.169249,0 days 00:00:01.846638,0.8195766717800721,55.86451815168626,0.017193699446994334,7,21,300,COMPLETE
22,35.99454238277125,2026-04-29 12:50:04.169249,2026-04-29 12:50:05.489450,0 days 00:00:01.320201,0.8001968681077761,59.79244309682705,0.012735774294991321,7,14,200,COMPLETE
23,35.730663178295245,2026-04-29 12:50:05.489450,2026-04-29 12:50:07.142218,0 days 00:00:01.652768,0.8929247848973388,41.820545045516255,0.02641151245600323,8,28,300,COMPLETE
24,36.014265877040316,2026-04-29 12:50:07.142218,2026-04-29 12:50:08.491286,0 days 00:00:01.349068,0.7519599880182514,26.938413816379754,0.011839543143450001,6,21,400,COMPLETE
25,71.17313640428276,2026-04-29 12:50:08.491286,2026-04-29 12:50:09.267064,0 days 00:00:00.775778,0.852855448841613,16.151773436317864,0.002683065563455578,7,41,200,COMPLETE
26,35.932205316541705,2026-04-29 12:50:09.267064,2026-04-29 12:50:10.275322,0 days 00:00:01.008258,0.9213631576337075,43.74264069062962,0.04914493931015352,9,9,100,COMPLETE
27,35.93676654784296,2026-04-29 12:50:10.275322,2026-04-29 12:50:14.527691,0 days 00:00:04.252369,0.8029611800756414,34.499502184843244,0.005338389326204493,10,26,500,COMPLETE
28,52.06722600075434,2026-04-29 12:50:14.527691,2026-04-29 12:50:15.478407,0 days 00:00:00.950716,0.7294458245395072,2.2776469327922992,0.12002846045587545,8,99,300,COMPLETE
29,36.409321644943795,2026-04-29 12:50:15.478407,2026-04-29 12:50:17.431661,0 days 00:00:01.953254,0.6565232313389264,48.2332781175392,0.022436960558374196,6,2,500,COMPLETE
30,36.01532302324033,2026-04-29 12:50:17.431661,2026-04-29 12:50:18.368435,0 days 00:00:00.936774,0.9902900988979604,52.97344759364757,0.012492413346964727,4,44,400,COMPLETE
31,35.61413624574886,2026-04-29 12:50:18.368435,2026-04-29 12:50:19.810169,0 days 00:00:01.441734,0.8314942035925457,58.944756877082334,0.021500207246827375,7,21,300,COMPLETE
32,35.983219918045634,2026-04-29 12:50:19.810169,2026-04-29 12:50:20.701470,0 days 00:00:00.891301,0.824868181837152,50.79781039857305,0.050664311740965806,7,15,200,COMPLETE
33,35.68088228072046,2026-04-29 12:50:20.701470,2026-04-29 12:50:22.131056,0 days 00:00:01.429586,0.7642287028448861,58.71234303336419,0.015284107325100691,7,32,300,COMPLETE
34,35.713064878234164,2026-04-29 12:50:22.131056,2026-04-29 12:50:23.892665,0 days 00:00:01.761609,0.868210150859164,39.35996624870506,0.009903581679864404,6,19,500,COMPLETE
35,37.31984213071621,2026-04-29 12:50:23.892665,2026-04-29 12:50:24.775047,0 days 00:00:00.882382,0.9102137466261088,25.931306112512576,0.06272972622033009,4,7,400,COMPLETE
36,36.56364000453856,2026-04-29 12:50:24.775047,2026-04-29 12:50:28.380114,0 days 00:00:03.605067,0.6967142399213782,35.47018298275973,0.04040771192490939,8,33,1000,COMPLETE
37,56.94332412264172,2026-04-29 12:50:28.380114,2026-04-29 12:50:29.458610,0 days 00:00:01.078496,0.8026069009575872,3.167500916266049,0.0069206516504854735,9,27,200,COMPLETE
38,66.69803466420379,2026-04-29 12:50:29.458610,2026-04-29 12:50:30.861031,0 days 00:00:01.402421,0.7284382538848488,10.15774809376716,0.025278146912914076,3,57,900,COMPLETE
39,37.60314757286263,2026-04-29 12:50:30.861031,2026-04-29 12:50:31.241036,0 days 00:00:00.380005,0.8582308259639381,29.783985366354045,0.017121062470535398,5,1,100,COMPLETE
40,64.7536528351503,2026-04-29 12:50:31.241036,2026-04-29 12:50:33.553485,0 days 00:00:02.312449,0.7893051194358806,8.209348130467408,0.08551033952247167,7,16,700,COMPLETE
41,35.575698764847786,2026-04-29 12:50:33.553485,2026-04-29 12:50:34.924857,0 days 00:00:01.371372,0.8260072456901139,59.04994834954337,0.021023539399168855,7,22,300,COMPLETE
42,35.65043198574294,2026-04-29 12:50:34.924857,2026-04-29 12:50:36.001510,0 days 00:00:01.076653,0.8236481253022804,48.76464659973921,0.019688784045835087,6,26,300,COMPLETE
43,35.93248594078608,2026-04-29 12:50:36.001510,2026-04-29 12:50:37.196386,0 days 00:00:01.194876,0.8452343330196455,41.249950701988055,0.03572860775092833,7,22,300,COMPLETE
44,35.82651709680583,2026-04-29 12:50:37.196386,2026-04-29 12:50:39.994722,0 days 00:00:02.798336,0.9444052347528562,58.27757091495772,0.01487190528721431,8,11,400,COMPLETE
45,36.923834302609826,2026-04-29 12:50:39.994722,2026-04-29 12:50:40.845488,0 days 00:00:00.850766,0.8965524160826843,36.191247176753265,0.008871330147886427,6,31,200,COMPLETE
46,35.91462663905046,2026-04-29 12:50:40.845488,2026-04-29 12:50:42.724139,0 days 00:00:01.878651,0.7467962680931884,47.928832779818975,0.027986644795895414,7,19,500,COMPLETE
47,35.83170392030491,2026-04-29 12:50:42.724139,2026-04-29 12:50:43.410007,0 days 00:00:00.685868,0.8225605605442636,51.491546830947385,0.04166373466839017,8,36,100,COMPLETE
48,65.27170426284053,2026-04-29 12:50:43.410007,2026-04-29 12:50:44.345430,0 days 00:00:00.935423,0.785113512755362,7.828584465531147,0.011098779365787032,6,53,300,COMPLETE
49,38.39553844593365,2026-04-29 12:50:44.345430,2026-04-29 12:50:45.409082,0 days 00:00:01.063652,0.6670770398345238,31.182561288098196,0.0037418459578748885,5,73,400,COMPLETE
50,35.79671371307904,2026-04-29 12:50:45.409082,2026-04-29 12:50:46.723011,0 days 00:00:01.313929,0.8450837530965325,22.96161697364575,0.020091615956880762,9,24,200,COMPLETE
51,35.46584194829593,2026-04-29 12:50:46.723011,2026-04-29 12:50:48.187157,0 days 00:00:01.464146,0.830381842737484,59.91133845449187,0.020393412952596692,7,15,300,COMPLETE
52,35.75720901509108,2026-04-29 12:50:48.187157,2026-04-29 12:50:49.698935,0 days 00:00:01.511778,0.8784323685987673,43.74541567386598,0.014564212175942256,7,16,300,COMPLETE
53,36.3832390536981,2026-04-29 12:50:49.698935,2026-04-29 12:50:52.171275,0 days 00:00:02.472340,0.8139654919712814,53.67310076893163,0.029936564500201948,8,6,400,COMPLETE
54,35.858349626884326,2026-04-29 12:50:52.171275,2026-04-29 12:50:53.486814,0 days 00:00:01.315539,0.7842591946736172,38.9730973623798,0.023365007843826193,7,12,300,COMPLETE
55,36.136528312611205,2026-04-29 12:50:53.486814,2026-04-29 12:50:54.536793,0 days 00:00:01.049979,0.7597659927277364,44.97344662400146,0.017583301351301216,8,67,200,COMPLETE
56,35.65980633164779,2026-04-29 12:50:54.536793,2026-04-29 12:50:56.099220,0 days 00:00:01.562427,0.8624623708394952,53.29389393184996,0.03248732753714329,7,30,400,COMPLETE
57,36.42816702219476,2026-04-29 12:50:56.099220,2026-04-29 12:50:57.254491,0 days 00:00:01.155271,0.8337979051556956,36.285671802296385,0.007575809021095737,6,35,300,COMPLETE
58,37.1291338150254,2026-04-29 12:50:57.254491,2026-04-29 12:50:58.799070,0 days 00:00:01.544579,0.745406142446488,59.15844752456144,0.010984285500021831,10,80,200,COMPLETE
59,64.11446260168074,2026-04-29 12:50:58.799070,2026-04-29 12:51:01.121929,0 days 00:00:02.322859,0.9000035543333398,19.57739605693541,0.005607738203869114,7,18,600,COMPLETE
60,35.93492520368579,2026-04-29 12:51:01.121929,2026-04-29 12:51:03.446964,0 days 00:00:02.325035,0.9376010610604535,32.25031273993215,0.024529318555774875,9,25,400,COMPLETE
61,35.51528447151542,2026-04-29 12:51:03.446964,2026-04-29 12:51:04.836911,0 days 00:00:01.389947,0.8398168849846888,57.82325551644866,0.02049085020950709,7,23,300,COMPLETE
62,35.67180216497038,2026-04-29 12:51:04.836911,2026-04-29 12:51:06.151407,0 days 00:00:01.314496,0.8113095452506737,45.53428477672403,0.01901059374028484,7,23,300,COMPLETE
63,35.71850962535105,2026-04-29 12:51:06.151407,2026-04-29 12:51:08.394644,0 days 00:00:02.243237,0.8431820386996209,55.06283657480497,0.013678551018663289,8,10,300,COMPLETE
64,35.745848646350424,2026-04-29 12:51:08.394644,2026-04-29 12:51:09.240209,0 days 00:00:00.845565,0.7771265542755253,59.71901067318389,0.04505476827685423,7,41,200,COMPLETE
65,35.904379418455704,2026-04-29 12:51:09.240209,2026-04-29 12:51:10.315795,0 days 00:00:01.075586,0.8853505856998134,40.825274200794645,0.03047628522249994,6,14,300,COMPLETE
66,35.59622888337238,2026-04-29 12:51:10.315795,2026-04-29 12:51:11.724071,0 days 00:00:01.408276,0.7926275929789145,51.51559151617101,0.015822660735850546,6,28,400,COMPLETE
67,35.71817127299327,2026-04-29 12:51:11.724071,2026-04-29 12:51:13.087014,0 days 00:00:01.362943,0.7952897609462871,49.51625951708606,0.016885589545699554,6,29,400,COMPLETE
68,35.90852842238397,2026-04-29 12:51:13.087014,2026-04-29 12:51:14.461357,0 days 00:00:01.374343,0.7156182776242836,45.887677364203014,0.012799754200035679,5,18,500,COMPLETE
69,67.3001380356382,2026-04-29 12:51:14.461357,2026-04-29 12:51:15.873320,0 days 00:00:01.411963,0.8595131320614253,14.23540220925245,0.009540351700701227,6,4,400,COMPLETE
70,56.88375902674875,2026-04-29 12:51:15.873320,2026-04-29 12:51:16.801783,0 days 00:00:00.928463,0.7672659248804689,3.980877671284349,0.02249321418170402,8,28,200,COMPLETE
71,35.61110825239238,2026-04-29 12:51:16.817409,2026-04-29 12:51:18.281483,0 days 00:00:01.464074,0.8137873946951464,52.764289575997125,0.01567723961607974,7,21,300,COMPLETE
72,35.60009707135005,2026-04-29 12:51:18.281483,2026-04-29 12:51:19.596374,0 days 00:00:01.314891,0.8344916750649167,52.4867669237498,0.026252992829461613,7,25,300,COMPLETE
73,35.85498560155528,2026-04-29 12:51:19.596374,2026-04-29 12:51:20.822086,0 days 00:00:01.225712,0.8291022710826549,41.500698548870936,0.026499874121920113,7,34,300,COMPLETE
74,35.85720798640515,2026-04-29 12:51:20.822086,2026-04-29 12:51:21.568918,0 days 00:00:00.746832,0.8675725217961362,53.99703325840046,0.03800163213497503,6,24,200,COMPLETE
75,36.06639298554531,2026-04-29 12:51:21.568918,2026-04-29 12:51:24.048865,0 days 00:00:02.479947,0.7999477918763198,47.64022600025103,0.019351288467673856,8,8,400,COMPLETE
76,36.57373883347422,2026-04-29 12:51:24.055871,2026-04-29 12:51:25.374270,0 days 00:00:01.318399,0.851936964011624,33.55095695168299,0.05862618251288305,7,12,300,COMPLETE
77,36.41033369030019,2026-04-29 12:51:25.374270,2026-04-29 12:51:26.578637,0 days 00:00:01.204367,0.8157469872852301,39.20863313133498,0.07642180827154058,7,18,300,COMPLETE
78,35.83195245854358,2026-04-29 12:51:26.578637,2026-04-29 12:51:27.595540,0 days 00:00:01.016903,0.796005149576106,54.927233932182126,0.03565350781203558,5,39,400,COMPLETE
79,36.82083043136406,2026-04-29 12:51:27.595540,2026-04-29 12:51:28.329322,0 days 00:00:00.733782,0.5463606780445708,28.34538350215843,0.011440959358025422,6,28,200,COMPLETE
80,35.74454191716703,2026-04-29 12:51:28.329322,2026-04-29 12:51:30.320471,0 days 00:00:01.991149,0.8358340107859695,49.29275830348412,0.022420811900728727,7,23,500,COMPLETE
81,35.73518609098977,2026-04-29 12:51:30.320471,2026-04-29 12:51:31.681826,0 days 00:00:01.361355,0.8347243915600292,59.93929087485794,0.02729993896736226,7,20,300,COMPLETE
82,35.74024612500124,2026-04-29 12:51:31.681826,2026-04-29 12:51:33.145017,0 days 00:00:01.463191,0.8739143106951494,45.39568273530751,0.016586994411510046,7,16,300,COMPLETE
83,35.75474296039948,2026-04-29 12:51:33.145017,2026-04-29 12:51:34.334512,0 days 00:00:01.189495,0.8524272899744805,50.99671541183291,0.013516346224284539,6,25,300,COMPLETE
84,35.80497456501277,2026-04-29 12:51:34.334512,2026-04-29 12:51:35.350205,0 days 00:00:01.015693,0.7800628153259258,54.46650656881818,0.020438355940822783,7,31,200,COMPLETE
85,35.70158581685822,2026-04-29 12:51:35.350205,2026-04-29 12:51:37.466962,0 days 00:00:02.116757,0.8264077168996597,43.273359661533625,0.018323004555809708,8,21,400,COMPLETE
86,35.742749854729155,2026-04-29 12:51:37.466962,2026-04-29 12:51:38.830465,0 days 00:00:01.363503,0.8064374224298223,59.83915423657726,0.0323052019851167,7,13,300,COMPLETE
87,36.03286417723643,2026-04-29 12:51:38.830465,2026-04-29 12:51:40.955582,0 days 00:00:02.125117,0.8850145864737041,37.15427518003247,0.02544688865956546,6,27,700,COMPLETE
88,36.72745174335993,2026-04-29 12:51:40.955582,2026-04-29 12:51:44.472158,0 days 00:00:03.516576,0.817822332932056,56.381735481043215,0.04884833965905265,8,36,900,COMPLETE
89,64.71837375627885,2026-04-29 12:51:44.472158,2026-04-29 12:51:45.022446,0 days 00:00:00.550288,0.8440134341404708,49.61942562965096,0.0010233043469095205,4,16,200,COMPLETE
90,35.57330664615878,2026-04-29 12:51:45.022446,2026-04-29 12:51:47.677261,0 days 00:00:02.654815,0.7944440862565896,46.67104062191932,0.015254025186127429,9,23,400,COMPLETE
91,35.56811723654167,2026-04-29 12:51:47.677261,2026-04-29 12:51:50.347946,0 days 00:00:02.670685,0.7940279324638332,47.65291630682937,0.015117909664813222,9,23,400,COMPLETE
92,35.60332431723951,2026-04-29 12:51:50.348951,2026-04-29 12:51:52.888516,0 days 00:00:02.539565,0.7579402168239703,42.87790210794708,0.015399112097883262,9,23,400,COMPLETE
93,35.62919884153072,2026-04-29 12:51:52.888516,2026-04-29 12:51:56.652402,0 days 00:00:03.763886,0.7383481079668379,46.911489555016864,0.008118430873357552,9,19,500,COMPLETE
94,35.5575442213565,2026-04-29 12:51:56.668034,2026-04-29 12:52:00.281805,0 days 00:00:03.613771,0.7915760595799939,51.04859096629083,0.01082636925611838,10,26,400,COMPLETE
95,35.6782164045196,2026-04-29 12:52:00.281805,2026-04-29 12:52:03.273426,0 days 00:00:02.991621,0.787072826608598,38.36184012820798,0.01106762721219446,10,30,400,COMPLETE
96,35.49708301736251,2026-04-29 12:52:03.273426,2026-04-29 12:52:07.365878,0 days 00:00:04.092452,0.7672058103349558,50.053857278293926,0.010332588957571947,10,27,500,COMPLETE
97,35.62582092573946,2026-04-29 12:52:07.365878,2026-04-29 12:52:11.413815,0 days 00:00:04.047937,0.7728871398488513,56.23716727134882,0.010065255223501962,10,32,500,COMPLETE
98,35.70436392272801,2026-04-29 12:52:11.413815,2026-04-29 12:52:15.852553,0 days 00:00:04.438738,0.7206858967179743,41.650837193802154,0.012797842454375475,10,17,600,COMPLETE
99,35.60634738188582,2026-04-29 12:52:15.852553,2026-04-29 12:52:19.827144,0 days 00:00:03.974591,0.7697921245999788,47.59847969444938,0.008984053710291245,10,21,400,COMPLETE
100,36.06294039693321,2026-04-29 12:52:19.827144,2026-04-29 12:52:23.275632,0 days 00:00:03.448488,0.8044309175106434,33.73970841896861,0.0059333711147569,9,14,400,COMPLETE
101,35.56466708959225,2026-04-29 12:52:23.275632,2026-04-29 12:52:27.029226,0 days 00:00:03.753594,0.7907380401155233,51.219396923463485,0.014365628133098649,10,27,500,COMPLETE
102,35.69995943091202,2026-04-29 12:52:27.029226,2026-04-29 12:52:31.438752,0 days 00:00:04.409526,0.7553120533775511,44.723252304187,0.007156145384018225,10,26,500,COMPLETE
103,35.51519374850015,2026-04-29 12:52:31.438752,2026-04-29 12:52:35.061690,0 days 00:00:03.622938,0.78740266373972,55.41194863099692,0.014668254356706633,9,24,600,COMPLETE
104,35.64223530372233,2026-04-29 12:52:35.061690,2026-04-29 12:52:38.442644,0 days 00:00:03.380954,0.7899236660991151,55.574860640060045,0.014181548501259996,9,37,600,COMPLETE
105,35.59747385224816,2026-04-29 12:52:38.442644,2026-04-29 12:52:41.888620,0 days 00:00:03.445976,0.7803191356106309,49.213594181563735,0.01195527024571744,9,33,600,COMPLETE
106,36.090294569936745,2026-04-29 12:52:41.888620,2026-04-29 12:52:47.601348,0 days 00:00:05.712728,0.8037659991776378,51.209926837433905,0.0047175425541617815,10,23,500,COMPLETE
107,35.93500246417483,2026-04-29 12:52:47.602347,2026-04-29 12:52:51.567209,0 days 00:00:03.964862,0.7343950807959116,39.87307174417159,0.01783908306996525,10,30,700,COMPLETE
108,35.57095536160549,2026-04-29 12:52:51.567209,2026-04-29 12:52:55.306985,0 days 00:00:03.739776,0.7093206067032913,55.56789371288708,0.008340745177019335,9,26,500,COMPLETE
109,35.65204914304086,2026-04-29 12:52:55.306985,2026-04-29 12:52:59.422945,0 days 00:00:04.115960,0.6917326155351856,57.16108403958895,0.008318192961711462,10,46,600,COMPLETE
110,35.56626681545317,2026-04-29 12:52:59.422945,2026-04-29 12:53:02.856856,0 days 00:00:03.433911,0.707330913617713,54.759133667166644,0.0101544162795791,9,27,500,COMPLETE
111,35.63591372385108,2026-04-29 12:53:02.856856,2026-04-29 12:53:06.303988,0 days 00:00:03.447132,0.6871111921866846,52.36863189311383,0.009569353411382995,9,25,500,COMPLETE
112,35.59214955816149,2026-04-29 12:53:06.303988,2026-04-29 12:53:09.782844,0 days 00:00:03.478856,0.714571248396209,55.215492479167814,0.010405320052970379,9,27,500,COMPLETE
113,35.74754213295445,2026-04-29 12:53:09.782844,2026-04-29 12:53:14.548758,0 days 00:00:04.765914,0.6784108851297306,42.857017818066154,0.006437578101053088,10,20,500,COMPLETE
114,35.48308045818244,2026-04-29 12:53:14.548758,2026-04-29 12:53:18.128919,0 days 00:00:03.580161,0.7459091901292559,51.135638253817866,0.012576879986538758,9,28,600,COMPLETE
115,67.0417604568453,2026-04-29 12:53:18.128919,2026-04-29 12:53:20.843333,0 days 00:00:02.714414,0.7431006880006664,11.835686947289782,0.01280628869932805,9,29,600,COMPLETE
116,35.71546502225992,2026-04-29 12:53:20.843333,2026-04-29 12:53:24.781146,0 days 00:00:03.937813,0.6381094781249338,50.45906262914465,0.014050724181417647,10,41,700,COMPLETE
117,52.19292818331021,2026-04-29 12:53:24.781146,2026-04-29 12:53:26.678145,0 days 00:00:01.896999,0.763320731041001,2.027280508041483,0.02190746694012475,9,94,600,COMPLETE
118,35.63554812125563,2026-04-29 12:53:26.678145,2026-04-29 12:53:31.435618,0 days 00:00:04.757473,0.8163824184804152,46.85250882514597,0.012110679587579637,10,19,600,COMPLETE
119,59.648884379732365,2026-04-29 12:53:31.435618,2026-04-29 12:53:33.700817,0 days 00:00:02.265199,0.7509910899039948,5.2883772078169065,0.01746689100952525,9,34,500,COMPLETE
120,35.44698091170286,2026-04-29 12:53:33.700817,2026-04-29 12:53:38.289431,0 days 00:00:04.588614,0.774615105696743,59.619868794832506,0.010588650784797184,10,31,600,COMPLETE
121,35.59297082282701,2026-04-29 12:53:38.289431,2026-04-29 12:53:42.832273,0 days 00:00:04.542842,0.7749680241053536,59.50686791740447,0.010593226647873101,10,32,600,COMPLETE
122,35.71199903256825,2026-04-29 12:53:42.832273,2026-04-29 12:53:46.708149,0 days 00:00:03.875876,0.8121410865903538,52.42110798430589,0.019546268019636357,10,28,600,COMPLETE
123,35.64660376605144,2026-04-29 12:53:46.708149,2026-04-29 12:53:51.334158,0 days 00:00:04.626009,0.766508296352852,56.51414599748072,0.01429000241618513,10,22,600,COMPLETE
124,35.64921388297005,2026-04-29 12:53:51.334158,2026-04-29 12:53:56.631039,0 days 00:00:05.296881,0.729831504598027,49.28740664733788,0.009287657329555419,10,25,700,COMPLETE
125,35.757821816487116,2026-04-29 12:53:56.631039,2026-04-29 12:54:00.184839,0 days 00:00:03.553800,0.7811959869964977,44.46795757800848,0.016795615172855924,9,17,500,COMPLETE
126,35.60657657884946,2026-04-29 12:54:00.184839,2026-04-29 12:54:04.188382,0 days 00:00:04.003543,0.7012605464721652,52.71515659918307,0.011663462196656859,9,30,600,COMPLETE
127,36.14297111596025,2026-04-29 12:54:04.188382,2026-04-29 12:54:05.580550,0 days 00:00:01.392168,0.8227664056264179,47.31938711714814,0.007585951379413011,3,20,700,COMPLETE
128,37.64192301913245,2026-04-29 12:54:05.580550,2026-04-29 12:54:07.028604,0 days 00:00:01.448054,0.8009281807055335,59.99638063004246,0.18250803821288786,8,27,300,COMPLETE
129,35.766164183749474,2026-04-29 12:54:07.028604,2026-04-29 12:54:10.941203,0 days 00:00:03.912599,0.7889714900244478,55.389544829789976,0.024138800195202953,10,24,500,COMPLETE
130,35.885504641493775,2026-04-29 12:54:10.941203,2026-04-29 12:54:13.981234,0 days 00:00:03.040031,0.7542649094190528,40.91035646769822,0.020623188064673444,9,29,600,COMPLETE
131,35.613728393670314,2026-04-29 12:54:13.981234,2026-04-29 12:54:17.941910,0 days 00:00:03.960676,0.714155035076054,55.40531778414244,0.008071546520223596,9,25,500,COMPLETE
132,35.747548632213906,2026-04-29 12:54:17.941910,2026-04-29 12:54:22.952709,0 days 00:00:05.010799,0.7022437654882144,51.19465294108877,0.0066219792402986795,9,22,500,COMPLETE
133,35.61251393037024,2026-04-29 12:54:22.952709,2026-04-29 12:54:26.425002,0 days 00:00:03.472293,0.6600043660113791,56.303127884836734,0.013239864297521175,9,26,500,COMPLETE
134,62.80463580460643,2026-04-29 12:54:26.425002,2026-04-29 12:54:28.198598,0 days 00:00:01.773596,0.8505410346895578,6.650355175616457,0.010653747427839035,9,31,300,COMPLETE
135,35.622022461698045,2026-04-29 12:54:28.198598,2026-04-29 12:54:32.793429,0 days 00:00:04.594831,0.8381268638119906,49.31856460839929,0.015300916912419301,10,27,600,COMPLETE
136,35.768085617320615,2026-04-29 12:54:32.793429,2026-04-29 12:54:35.731716,0 days 00:00:02.938287,0.7057215095665369,44.50983200129201,0.008910606068291721,8,15,400,COMPLETE
137,42.477769673643394,2026-04-29 12:54:35.732715,2026-04-29 12:54:41.415809,0 days 00:00:05.683094,0.7402208135817315,52.54048237416803,0.0018067560035259095,9,18,500,COMPLETE
138,35.650088198790684,2026-04-29 12:54:41.415809,2026-04-29 12:54:43.732293,0 days 00:00:02.316484,0.8089772693232283,59.75168525054236,0.018933750028612424,10,51,300,COMPLETE
139,35.562133274470185,2026-04-29 12:54:43.732293,2026-04-29 12:54:47.973928,0 days 00:00:04.241635,0.7241060055086945,54.56555284078185,0.012060752413702793,10,23,400,COMPLETE
140,35.62711132041702,2026-04-29 12:54:47.973928,2026-04-29 12:54:51.270890,0 days 00:00:03.296962,0.7709085282833857,46.863650328422736,0.016319316063141888,10,23,400,COMPLETE
141,35.640487896079506,2026-04-29 12:54:51.270890,2026-04-29 12:54:55.412761,0 days 00:00:04.141871,0.727665046949185,54.93987851272754,0.012748658588586304,10,20,400,COMPLETE
142,35.88378291632715,2026-04-29 12:54:55.413761,2026-04-29 12:54:58.795649,0 days 00:00:03.381888,0.7224639346367543,50.19834415197656,0.009929165549040995,10,24,300,COMPLETE
143,35.52332091614268,2026-04-29 12:54:58.796566,2026-04-29 12:55:02.716189,0 days 00:00:03.919623,0.8252705340180289,56.09700112370643,0.0111557504477901,9,26,500,COMPLETE
144,35.701841339244304,2026-04-29 12:55:02.716189,2026-04-29 12:55:05.704588,0 days 00:00:02.988399,0.8225901788163066,52.653327454328526,0.011911863479094757,10,34,300,COMPLETE
145,35.469347784966644,2026-04-29 12:55:05.704588,2026-04-29 12:55:09.283821,0 days 00:00:03.579233,0.7985361294463613,57.16892701547754,0.013738954761324538,9,21,400,COMPLETE
146,35.54079715516404,2026-04-29 12:55:09.290772,2026-04-29 12:55:13.413179,0 days 00:00:04.122407,0.805084783283525,58.9887022684356,0.013711563285174219,10,28,500,COMPLETE
147,35.512754180504714,2026-04-29 12:55:13.413179,2026-04-29 12:55:16.460238,0 days 00:00:03.047059,0.8303550221452646,58.08565373728967,0.013952253490109293,10,29,300,COMPLETE
148,35.44085479944023,2026-04-29 12:55:16.460238,2026-04-29 12:55:20.164909,0 days 00:00:03.704671,0.833693918020412,57.68028296035565,0.013799876205326295,10,30,400,COMPLETE
149,35.6530520244019,2026-04-29 12:55:20.164909,2026-04-29 12:55:23.826085,0 days 00:00:03.661176,0.8339776409335786,58.19660507026056,0.011371974685471214,10,38,400,COMPLETE
150,35.39379879781568,2026-04-29 12:55:23.826085,2026-04-29 12:55:27.789354,0 days 00:00:03.963269,0.84976624216707,59.99224392017442,0.014073119697065498,10,31,400,COMPLETE
151,35.64209993521239,2026-04-29 12:55:27.789354,2026-04-29 12:55:31.617239,0 days 00:00:03.827885,0.8621203691890823,59.02484883265927,0.012678642408770615,10,32,400,COMPLETE
152,35.48153151497791,2026-04-29 12:55:31.617239,2026-04-29 12:55:34.993363,0 days 00:00:03.376124,0.8445500394265298,59.77627384884672,0.01717139495326709,10,29,400,COMPLETE
153,35.590180886872126,2026-04-29 12:55:34.993363,2026-04-29 12:55:38.150109,0 days 00:00:03.156746,0.8443451138136877,58.57431285119984,0.017776311412792813,10,35,400,COMPLETE
154,35.51561235476197,2026-04-29 12:55:38.150109,2026-04-29 12:55:40.907100,0 days 00:00:02.756991,0.8706582244024441,59.09460476724478,0.02101508419444194,10,30,300,COMPLETE
155,35.49392574922631,2026-04-29 12:55:40.907100,2026-04-29 12:55:43.732290,0 days 00:00:02.825190,0.8682011916833356,59.971383045683105,0.020852520045162547,10,30,300,COMPLETE
156,35.47395149758437,2026-04-29 12:55:43.732290,2026-04-29 12:55:46.298572,0 days 00:00:02.566282,0.8733123639753768,59.26253831450339,0.021856162984293093,10,31,300,COMPLETE
157,35.59636995490895,2026-04-29 12:55:46.298572,2026-04-29 12:55:48.742096,0 days 00:00:02.443524,0.8759576964912076,59.917913041222874,0.023636825398132378,10,33,300,COMPLETE
158,35.5810758570458,2026-04-29 12:55:48.742096,2026-04-29 12:55:51.048654,0 days 00:00:02.306558,0.9016268058679621,54.200820820252545,0.029930860587879828,10,30,300,COMPLETE
159,35.656373094806106,2026-04-29 12:55:51.048654,2026-04-29 12:55:53.565149,0 days 00:00:02.516495,0.8697739637969332,49.22761491886393,0.020661643223497003,10,36,300,COMPLETE
160,35.57575596317211,2026-04-29 12:55:53.565149,2026-04-29 12:55:56.175724,0 days 00:00:02.610575,0.8554656658542937,56.2826512743042,0.02212336210009608,10,31,300,COMPLETE
161,35.52503740271923,2026-04-29 12:55:56.175724,2026-04-29 12:55:59.158780,0 days 00:00:02.983056,0.8878840549175581,59.20853536508668,0.01627922497878458,10,29,300,COMPLETE
162,35.61741677220061,2026-04-29 12:55:59.158780,2026-04-29 12:56:02.007934,0 days 00:00:02.849154,0.8946019832958104,53.366384356253164,0.016048171923087853,10,30,300,COMPLETE
163,35.68328817245856,2026-04-29 12:56:02.007934,2026-04-29 12:56:04.884769,0 days 00:00:02.876835,0.8894224235004126,59.38900388970837,0.019476347549952196,10,33,300,COMPLETE
164,35.501438341889454,2026-04-29 12:56:04.884769,2026-04-29 12:56:07.883124,0 days 00:00:02.998355,0.9075408834214381,55.743212685369855,0.016811699665828017,10,29,300,COMPLETE
165,54.589276173705784,2026-04-29 12:56:07.884129,2026-04-29 12:56:09.765152,0 days 00:00:01.881023,0.9213756236554957,3.116690411549549,0.017811213494191864,10,32,300,COMPLETE
166,35.5964996943302,2026-04-29 12:56:09.765152,2026-04-29 12:56:11.569035,0 days 00:00:01.803883,0.8635953974037185,52.81239694777683,0.025430222912996275,10,40,200,COMPLETE
167,35.69829973598546,2026-04-29 12:56:11.569035,2026-04-29 12:56:13.906740,0 days 00:00:02.337705,0.9077539003015068,49.573214641006494,0.01848192067601671,10,43,300,COMPLETE
168,35.705210008366144,2026-04-29 12:56:13.906740,2026-04-29 12:56:16.742138,0 days 00:00:02.835398,0.8546617635786954,55.22778143053521,0.015044757569776537,10,36,300,COMPLETE
169,35.687361925337385,2026-04-29 12:56:16.743560,2026-04-29 12:56:18.893144,0 days 00:00:02.149584,0.9696666648710911,44.77926356012629,0.021100762021069495,10,29,200,COMPLETE
170,35.75101899940479,2026-04-29 12:56:18.893144,2026-04-29 12:56:21.525580,0 days 00:00:02.632436,0.8442387491415404,47.933578528598666,0.013530255153335629,10,35,300,COMPLETE
171,35.492636269230175,2026-04-29 12:56:21.541201,2026-04-29 12:56:24.917027,0 days 00:00:03.375826,0.928449685350284,56.408724988337255,0.016418002845583625,10,29,300,COMPLETE
172,35.6924166054968,2026-04-29 12:56:24.917027,2026-04-29 12:56:27.168762,0 days 00:00:02.251735,0.9238483634615264,54.94694321984483,0.016528241936500924,10,61,300,COMPLETE
173,35.43148966307191,2026-04-29 12:56:27.168762,2026-04-29 12:56:29.791648,0 days 00:00:02.622886,0.8318996591678828,59.91454979605224,0.02271582873599837,10,31,300,COMPLETE
174,35.63077192388756,2026-04-29 12:56:29.791648,2026-04-29 12:56:32.592439,0 days 00:00:02.800791,0.8799385853362918,52.68339185925132,0.023598838305470875,10,31,300,COMPLETE
175,65.23568200308624,2026-04-29 12:56:32.592439,2026-04-29 12:56:34.599651,0 days 00:00:02.007212,0.8349587325579808,17.5341004197795,0.02907675301501832,10,33,300,COMPLETE
176,35.471327909056,2026-04-29 12:56:34.599651,2026-04-29 12:56:37.367918,0 days 00:00:02.768267,0.9331280131633353,51.55888800001555,0.019492027632646364,10,29,300,COMPLETE
177,35.44142271530103,2026-04-29 12:56:37.367918,2026-04-29 12:56:40.047246,0 days 00:00:02.679328,0.9334924299204878,50.77336565117078,0.018761059749695993,10,28,300,COMPLETE
178,35.4222932727541,2026-04-29 12:56:40.047246,2026-04-29 12:56:42.936177,0 days 00:00:02.888931,0.9354726002669681,50.633272933811305,0.01833509716578167,10,28,300,COMPLETE
179,35.5170893310172,2026-04-29 12:56:42.936177,2026-04-29 12:56:45.770702,0 days 00:00:02.834525,0.9533764107043323,50.16607967384268,0.018754004493561925,10,29,300,COMPLETE
180,35.63508475161681,2026-04-29 12:56:45.771702,2026-04-29 12:56:47.751537,0 days 00:00:01.979835,0.9398891178500842,46.16636305785775,0.0269185823832628,10,28,200,COMPLETE
181,35.66294235395949,2026-04-29 12:56:47.751537,2026-04-29 12:56:50.875782,0 days 00:00:03.124245,0.9345746453261662,51.89709411461578,0.014734632580724898,10,32,300,COMPLETE
182,35.89567057498696,2026-04-29 12:56:50.875782,2026-04-29 12:56:53.196202,0 days 00:00:02.320420,0.955202282508703,56.17893930849635,0.01716377387026703,10,80,300,COMPLETE
183,35.4331551857514,2026-04-29 12:56:53.197201,2026-04-29 12:56:55.919470,0 days 00:00:02.722269,0.9283283658232957,50.470212647249205,0.02314840335438264,10,28,300,COMPLETE
184,35.54242993048687,2026-04-29 12:56:55.919470,2026-04-29 12:56:58.609053,0 days 00:00:02.689583,0.9288403559845919,48.513265606072615,0.02348176461990017,10,28,300,COMPLETE
185,35.674062916158725,2026-04-29 12:56:58.618057,2026-04-29 12:57:00.982752,0 days 00:00:02.364695,0.9147839318043108,43.254847475338984,0.01902463596118551,10,34,300,COMPLETE
186,35.44580412707124,2026-04-29 12:57:00.982752,2026-04-29 12:57:03.618102,0 days 00:00:02.635350,0.912932434016083,59.98913408901283,0.022850051378312034,10,31,300,COMPLETE
187,35.73309998955356,2026-04-29 12:57:03.618102,2026-04-29 12:57:06.565448,0 days 00:00:02.947346,0.9630501231758446,52.09758896792679,0.025914137980659373,10,38,400,COMPLETE
188,35.64694916099817,2026-04-29 12:57:06.565448,2026-04-29 12:57:09.019918,0 days 00:00:02.454470,0.9753198177641772,46.98911074303888,0.02192719826646422,10,31,300,COMPLETE
189,35.64292484501417,2026-04-29 12:57:09.019918,2026-04-29 12:57:12.374255,0 days 00:00:03.354337,0.9485491881915392,59.91853040070625,0.023402876687131542,10,25,400,COMPLETE
190,35.70926952317203,2026-04-29 12:57:12.374255,2026-04-29 12:57:14.588840,0 days 00:00:02.214585,0.9309969596876443,51.56781400351818,0.032705223404638765,10,34,300,COMPLETE
191,35.52581434613845,2026-04-29 12:57:14.588840,2026-04-29 12:57:17.395095,0 days 00:00:02.806255,0.9109858785688469,55.24080248579838,0.020025208115061543,10,28,300,COMPLETE
192,35.47147727317929,2026-04-29 12:57:17.395095,2026-04-29 12:57:20.414100,0 days 00:00:03.019005,0.9045531956697433,59.67771263858723,0.01746794000756921,10,30,300,COMPLETE
193,35.54632445077249,2026-04-29 12:57:20.414100,2026-04-29 12:57:23.370770,0 days 00:00:02.956670,0.9035289847941305,59.98554269092344,0.01773643868316504,10,31,300,COMPLETE
194,35.51708659424354,2026-04-29 12:57:23.370770,2026-04-29 12:57:26.682706,0 days 00:00:03.311936,0.9181344332620618,52.92320975874469,0.01630251419950691,10,26,300,COMPLETE
195,35.536067732851656,2026-04-29 12:57:26.682706,2026-04-29 12:57:29.585291,0 days 00:00:02.902585,0.938204340849354,55.16894048736016,0.02083603023245769,10,27,300,COMPLETE
196,35.57194725650518,2026-04-29 12:57:29.585291,2026-04-29 12:57:31.986759,0 days 00:00:02.401468,0.9262857251463182,59.88099138289032,0.01851156508370963,10,30,200,COMPLETE
197,35.67613272811288,2026-04-29 12:57:31.986759,2026-04-29 12:57:34.448937,0 days 00:00:02.462178,0.9428963390910081,49.58925664139842,0.028515289342888078,10,32,300,COMPLETE
198,35.72215441036385,2026-04-29 12:57:34.448937,2026-04-29 12:57:37.770011,0 days 00:00:03.321074,0.9138619389712915,55.205715877897525,0.022263028491929786,10,27,400,COMPLETE
199,35.63538066201791,2026-04-29 12:57:37.771011,2026-04-29 12:57:40.479380,0 days 00:00:02.708369,0.9032625685434428,49.38567448366694,0.015630135763384345,10,34,300,COMPLETE
200,35.46277311568238,2026-04-29 12:57:40.479380,2026-04-29 12:57:43.167721,0 days 00:00:02.688341,0.9301396851363998,55.88045405974232,0.019412651404056652,10,29,300,COMPLETE
201,35.89710638955226,2026-04-29 12:57:43.167721,2026-04-29 12:57:45.384788,0 days 00:00:02.217067,0.9291314695417742,24.581539778113743,0.01927799814696704,10,29,300,COMPLETE
202,35.53790708090726,2026-04-29 12:57:45.385836,2026-04-29 12:57:47.976604,0 days 00:00:02.590768,0.939398326127329,55.69668943802657,0.025454303628992633,10,31,300,COMPLETE
203,35.536142802506205,2026-04-29 12:57:47.977604,2026-04-29 12:57:51.236139,0 days 00:00:03.258535,0.9185094692442026,59.979418820801236,0.017442102520324167,10,25,300,COMPLETE
204,35.54272225979842,2026-04-29 12:57:51.236139,2026-04-29 12:57:54.500876,0 days 00:00:03.264737,0.9529501917233936,52.781862365494334,0.021492370217022196,10,29,400,COMPLETE
205,35.62145362851905,2026-04-29 12:57:54.500876,2026-04-29 12:57:57.368848,0 days 00:00:02.867972,0.896064135975848,52.37020084771859,0.015572952205634004,10,32,300,COMPLETE
206,35.58939762828444,2026-04-29 12:57:57.368848,2026-04-29 12:58:00.506192,0 days 00:00:03.137344,0.9121580766765633,56.18353528225391,0.013491726484394348,10,27,300,COMPLETE
207,35.65919250269724,2026-04-29 12:58:00.506192,2026-04-29 12:58:03.013156,0 days 00:00:02.506964,0.9280774795826635,46.123123030623574,0.019930472770824822,10,37,300,COMPLETE
208,35.60123997909025,2026-04-29 12:58:03.013156,2026-04-29 12:58:06.073966,0 days 00:00:03.060810,0.8520255105221116,56.201497974235025,0.023916977507468296,10,30,400,COMPLETE
209,35.51578749650892,2026-04-29 12:58:06.073966,2026-04-29 12:58:08.965160,0 days 00:00:02.891194,0.9452102541675861,50.310036065734245,0.017394358427132592,10,25,300,COMPLETE
210,35.66927630010913,2026-04-29 12:58:08.965160,2026-04-29 12:58:11.943041,0 days 00:00:02.977881,0.9338662199484309,59.866721504729675,0.015777780437753915,10,33,300,COMPLETE
211,35.53726599194928,2026-04-29 12:58:11.943041,2026-04-29 12:58:15.082770,0 days 00:00:03.139729,0.9216048618116043,55.67970252960738,0.013786339744760484,10,29,300,COMPLETE
212,35.55740335694768,2026-04-29 12:58:15.083788,2026-04-29 12:58:18.464079,0 days 00:00:03.380291,0.8311302888625637,52.78190804680303,0.012876302126288252,10,27,300,COMPLETE
213,35.508069791330335,2026-04-29 12:58:18.464079,2026-04-29 12:58:21.367238,0 days 00:00:02.903159,0.8614545007976357,56.59580620075191,0.01853586368885053,10,29,300,COMPLETE
214,35.73568539610361,2026-04-29 12:58:21.367238,2026-04-29 12:58:23.580499,0 days 00:00:02.213261,0.86381331868533,56.435542828236855,0.01876360323993054,10,31,200,COMPLETE
215,35.50943242301001,2026-04-29 12:58:23.580904,2026-04-29 12:58:26.305081,0 days 00:00:02.724177,0.8790613283818229,50.41235705316131,0.021543742405867383,10,28,300,COMPLETE
216,35.59326017560022,2026-04-29 12:58:26.305081,2026-04-29 12:58:28.991678,0 days 00:00:02.686597,0.8460814974073618,59.79522771831243,0.017100981605820083,10,35,300,COMPLETE
217,35.7379995771585,2026-04-29 12:58:28.991678,2026-04-29 12:58:31.938599,0 days 00:00:02.946921,0.8911495531386523,53.57051271903705,0.024452324845603488,10,26,400,COMPLETE
218,35.59901940824453,2026-04-29 12:58:31.938599,2026-04-29 12:58:34.307397,0 days 00:00:02.368798,0.9071442462358279,47.025349569714855,0.020570734849264655,10,30,300,COMPLETE
219,35.56003793428719,2026-04-29 12:58:34.307397,2026-04-29 12:58:36.774182,0 days 00:00:02.466785,0.858679216292264,59.97157301525102,0.026875738952408846,10,32,300,COMPLETE
220,35.743562375263046,2026-04-29 12:58:36.774182,2026-04-29 12:58:39.254078,0 days 00:00:02.479896,0.8401375017062674,51.8793239783835,0.015103824539029127,10,24,200,COMPLETE
221,35.53519843505073,2026-04-29 12:58:39.254078,2026-04-29 12:58:41.853329,0 days 00:00:02.599251,0.8805803125978706,49.61161513781814,0.023037058405513795,10,28,300,COMPLETE
222,35.566400024454126,2026-04-29 12:58:41.853329,2026-04-29 12:58:44.492644,0 days 00:00:02.639315,0.8765983745215835,55.19410495472225,0.01932516819255092,10,28,300,COMPLETE
223,35.668543662119575,2026-04-29 12:58:44.492644,2026-04-29 12:58:46.851654,0 days 00:00:02.359010,0.8723430055624384,50.53210655138242,0.021547531757669686,10,30,300,COMPLETE
224,35.53266152173867,2026-04-29 12:58:46.851654,2026-04-29 12:58:49.943609,0 days 00:00:03.091955,0.8979688228625216,56.08535468352258,0.017574539946765732,10,27,300,COMPLETE
225,35.5998025667077,2026-04-29 12:58:49.944834,2026-04-29 12:58:52.490006,0 days 00:00:02.545172,0.8514756721971418,53.20306003720771,0.01989497785812873,10,32,300,COMPLETE
226,35.55879194229341,2026-04-29 12:58:52.491012,2026-04-29 12:58:55.169255,0 days 00:00:02.678243,0.8662811078292819,48.20542165481834,0.02262957494223883,10,29,300,COMPLETE
227,35.59049094899683,2026-04-29 12:58:55.169255,2026-04-29 12:58:58.213679,0 days 00:00:03.044424,0.9235287414146922,56.39280258354467,0.0166809851539427,10,25,300,COMPLETE
228,35.52684509367948,2026-04-29 12:58:58.213679,2026-04-29 12:59:01.498660,0 days 00:00:03.284981,0.8197192402853892,52.1035738671331,0.018205918359682702,10,28,400,COMPLETE
229,35.666828775787174,2026-04-29 12:59:01.498660,2026-04-29 12:59:04.232306,0 days 00:00:02.733646,0.9168084535552714,43.963431367921125,0.014977132420240862,10,34,300,COMPLETE
230,35.435286736396165,2026-04-29 12:59:04.232306,2026-04-29 12:59:07.132930,0 days 00:00:02.900624,0.9400078387297567,59.81390799554584,0.020889499210237656,10,31,300,COMPLETE
231,36.174471621686635,2026-04-29 12:59:07.132930,2026-04-29 12:59:12.765412,0 days 00:00:05.632482,0.9587969983787078,56.91715767883961,0.025606448278272288,10,30,800,COMPLETE
232,35.59603777465909,2026-04-29 12:59:12.765412,2026-04-29 12:59:15.563527,0 days 00:00:02.798115,0.9444758762741087,59.86459295272643,0.02144462305807638,10,32,300,COMPLETE
233,35.603490344699736,2026-04-29 12:59:15.563527,2026-04-29 12:59:18.583770,0 days 00:00:03.020243,0.9302873040300579,55.916710866975656,0.01934865123184996,10,26,300,COMPLETE
234,35.586309561753964,2026-04-29 12:59:18.583770,2026-04-29 12:59:20.922388,0 days 00:00:02.338618,0.598518688757017,53.74891044806664,0.022318956383413326,10,30,300,COMPLETE
235,35.56983802395992,2026-04-29 12:59:20.923386,2026-04-29 12:59:24.340027,0 days 00:00:03.416641,0.8859001230625921,59.7756353919697,0.01222038662136571,10,28,300,COMPLETE
236,35.522997630927065,2026-04-29 12:59:24.340027,2026-04-29 12:59:27.485843,0 days 00:00:03.145816,0.9351020361873856,50.3746118432313,0.017199250901656526,10,33,400,COMPLETE
237,35.52167250265277,2026-04-29 12:59:27.485843,2026-04-29 12:59:29.933287,0 days 00:00:02.447444,0.9459916924593931,56.363910777980806,0.027839285317620394,10,31,300,COMPLETE
238,35.53613976714439,2026-04-29 12:59:29.933287,2026-04-29 12:59:33.368473,0 days 00:00:03.435186,0.9104177618890518,59.92861744511744,0.014368202444043925,10,22,300,COMPLETE
239,35.865180588071034,2026-04-29 12:59:33.368473,2026-04-29 12:59:36.687820,0 days 00:00:03.319347,0.5238606608063744,52.456992146023474,0.019880553971088188,10,11,300,COMPLETE
240,35.64106064049678,2026-04-29 12:59:36.687820,2026-04-29 12:59:40.798501,0 days 00:00:04.110681,0.759573338195876,48.11708068099016,0.01623410533741005,10,26,600,COMPLETE
241,35.50550407927223,2026-04-29 12:59:40.798501,2026-04-29 12:59:43.884432,0 days 00:00:03.085931,0.8376997031669919,56.084793173224845,0.013850059976857164,10,29,300,COMPLETE
242,38.56870895794663,2026-04-29 12:59:43.885574,2026-04-29 12:59:45.879093,0 days 00:00:01.993519,0.8397438851677478,56.07969229161843,0.2974756623690167,10,29,300,COMPLETE
243,35.550428518329944,2026-04-29 12:59:45.879093,2026-04-29 12:59:49.116654,0 days 00:00:03.237561,0.8566770262739369,53.47786934830936,0.013487628271719192,10,28,300,COMPLETE
244,35.57886210757295,2026-04-29 12:59:49.116654,2026-04-29 12:59:52.183893,0 days 00:00:03.067239,0.8348609083103092,56.563482221709144,0.018528050258871526,10,31,300,COMPLETE
245,35.605050416113635,2026-04-29 12:59:52.185072,2026-04-29 12:59:55.088605,0 days 00:00:02.903533,0.9349699230110861,51.18487044259562,0.023826834467131366,10,27,300,COMPLETE
246,35.66620272798596,2026-04-29 12:59:55.088605,2026-04-29 12:59:58.199233,0 days 00:00:03.110628,0.8464590289240784,55.93695862668827,0.011844579977268375,10,33,300,COMPLETE
247,35.47611684901621,2026-04-29 12:59:58.199233,2026-04-29 13:00:01.328109,0 days 00:00:03.128876,0.8246735554189762,59.770063639695714,0.01568770495004064,10,30,300,COMPLETE
248,35.583275668377546,2026-04-29 13:00:01.328109,2026-04-29 13:00:04.234616,0 days 00:00:02.906507,0.8254064771666455,59.48649584355787,0.01519320811438514,10,35,300,COMPLETE
249,67.12369188703019,2026-04-29 13:00:04.234616,2026-04-29 13:00:06.614720,0 days 00:00:02.380104,0.823352552198877,13.575185858024412,0.016407268951230874,10,30,400,COMPLETE
250,35.856781535788926,2026-04-29 13:00:06.614720,2026-04-29 13:00:10.180798,0 days 00:00:03.566078,0.843173095245561,56.77371283762316,0.010172235671301481,10,31,300,COMPLETE
