date,actual,predicted
0,0.0,19.17762
1,-0.01,10.887603
2,5.95,6.3013372
3,0.22,7.078063
4,1.0,7.5120153
5,6.4,8.648406
6,0.0,16.719711
7,9.79,18.621872
8,85.02,38.05407
9,85.0,99.334656
10,8.11,74.1053
11,-0.01,0.35072234
12,0.0,-11.585916
13,-0.01,-17.09056
14,-1.68,-22.39759
15,-1.99,-22.766068
16,-2.04,-19.693283
17,-2.07,-15.967164
18,-2.05,-13.47889
19,-1.8,-12.111733
20,-1.1,7.8897924
21,-0.02,10.4968405
22,0.51,6.793952
23,1.31,4.57907
24,1.36,0.12753205
25,1.3,-3.8264856
26,1.32,-3.8842402
27,1.35,-4.0775614
28,1.64,-3.09694
29,2.5,-0.83306974
30,3.33,7.5144644
31,70.03,14.434379
32,80.06,71.77843
33,80.05,95.089455
34,70.08,58.03555
35,33.08,37.84926
36,6.05,14.95497
37,4.99,-3.8455973
38,4.73,-5.6371775
39,3.76,-4.6676493
40,3.9,2.613181
41,6.08,7.380538
42,40.01,19.678955
43,79.05,48.879116
44,132.39,81.57182
45,169.15,118.00335
46,169.07,142.21744
47,143.34,123.925766
48,118.07,104.48995
49,105.36,93.50564
50,105.02,94.51064
51,105.03,95.55475
52,105.04,101.426834
53,107.28,108.75383
54,110.31,118.77147
55,129.32,126.935776
56,189.22,148.61253
57,221.7,187.59273
58,180.07,177.11943
59,129.57,144.12709
60,120.0,105.90201
61,92.48,95.539566
62,104.0,84.05552
63,100.6,87.747894
64,99.9,89.9797
65,99.52,88.679756
66,98.27,98.27997
67,112.46,105.499825
68,150.6,120.05147
69,201.92,144.33606
70,198.63,165.43579
71,141.92,150.3001
72,117.08,116.100555
73,108.36,95.44999
74,100.33,91.14196
75,96.36,85.31381
76,102.3,89.6098
77,127.65,95.26308
78,142.5,109.91349
79,160.9,129.2927
80,176.95,144.21178
81,184.89,160.52942
82,169.28,147.7207
83,70.07,125.21467
84,98.83,74.29935
85,25.03,75.61868
86,88.58,37.444427
87,46.87,65.34215
88,34.04,41.28638
89,33.8,36.876602
90,53.15,37.56086
91,62.71,56.339905
92,99.91,83.091225
93,109.69,111.4018
94,119.65,117.01351
95,99.7,109.04734
96,54.83,89.08584
97,48.19,64.859726
98,47.42,58.302452
99,42.16,57.116936
100,47.09,56.610275
101,48.23,63.04797
102,90.01,67.072365
103,90.1,97.70698
104,105.14,117.37153
105,90.75,126.285706
106,90.01,101.335495
107,40.0,75.99366
108,13.97,49.898926
109,25.01,19.770706
110,9.3,34.595425
111,7.59,18.974548
112,5.68,8.926696
113,7.01,9.289451
114,24.08,18.65689
115,40.01,31.917171
116,33.05,52.08461
117,133.88,51.253586
118,120.09,118.2048
119,33.03,104.22148
120,90.06,31.443687
121,7.9,60.744125
122,7.63,25.526703
123,52.79,14.221259
124,9.65,44.041344
125,6.12,33.666172
126,89.01,30.003548
127,90.04,99.28629
128,120.06,122.01622
129,90.06,122.885826
130,89.04,96.24163
131,20.69,64.69262
132,15.06,26.371712
133,30.01,15.679145
134,123.99,21.846909
135,60.1,67.9343
136,107.14,47.157314
137,101.4,68.49903
138,60.09,86.42162
139,109.36,62.538906
140,147.93,95.46198
141,170.43,149.62796
142,148.06,137.58162
143,132.05,108.04407
144,100.34,105.44467
145,75.14,87.99669
146,61.92,70.180855
147,54.65,68.585175
148,75.16,62.29941
149,100.82,75.94069
150,101.88,103.70149
151,106.0,109.65476
152,280.21,122.20515
153,109.21,220.85385
154,97.08,125.838745
155,39.05,65.16224
156,15.07,45.168682
157,15.07,31.62941
158,10.46,31.501907
159,9.14,30.764286
160,9.01,21.043625
161,9.16,15.656623
162,5.45,12.295585
163,0.0,16.96315
164,1.77,23.308586
165,10.56,39.340046
166,3.34,39.911324
167,38.27,19.751541
168,27.49,38.33356
169,15.69,25.856316
170,14.87,15.259566
171,6.81,17.596443
172,15.95,13.069854
173,15.49,19.683846
174,0.06,29.769257
175,55.18,22.03489
176,97.0,81.08452
177,82.61,91.10947
178,64.18,66.13282
179,5.08,32.27822
180,5.09,3.1689749
181,7.15,-7.222352
182,-4.37,5.6583624
183,-4.4,-8.43113
184,-4.43,-14.320512
185,-4.35,-12.952798
186,-4.33,-14.370255
187,-3.97,-10.200189
188,-0.84,-3.1334696
189,-3.01,1.2857885
190,-2.61,-1.7407084
191,-3.03,-1.4012613
192,-3.01,-6.5510645
193,-3.04,-9.166238
194,-3.07,-9.588548
195,-3.06,-10.401887
196,-2.61,-7.6270456
197,-2.1,-4.5434885
198,-0.59,-2.019082
199,39.43,10.329017
200,134.41,60.99173
201,127.16,106.38441
202,130.02,96.442924
203,91.49,68.5733
204,72.55,47.890907
205,44.85,43.254013
206,64.69,30.343445
207,55.95,40.194286
208,57.31,38.620853
209,46.48,47.53296
210,69.42,50.395805
211,97.65,71.44619
212,139.56,99.182785
213,159.37,131.97342
214,162.35,133.81354
215,143.5,122.314835
216,117.0,113.25351
217,105.44,98.39495
218,103.47,94.76558
219,94.79,94.02438
220,109.49,89.70253
221,116.75,101.45743
222,138.96,113.28339
223,171.72,133.06062
224,203.87,169.52962
225,200.04,186.17719
226,110.04,174.65628
227,120.01,103.21513
228,35.08,103.19663
229,50.01,57.233276
230,50.04,67.00728
231,50.01,64.06458
232,9.93,72.360725
233,5.84,46.008423
234,30.01,38.96782
235,121.65,67.57283
236,156.26,135.9388
237,176.4,162.43182
238,191.13,151.04002
239,159.11,146.35255
240,134.58,120.15765
241,111.41,109.651955
242,107.05,99.84154
243,102.97,95.11054
244,111.74,96.88703
245,122.19,112.09464
246,155.34,123.46143
247,174.29,142.86055
248,176.55,180.58594
249,174.18,166.03818
250,110.01,158.7025
251,130.03,108.85301
252,15.99,106.03716
253,10.08,38.131386
254,7.38,36.483837
255,30.03,24.512222
256,30.01,27.33348
257,14.97,23.93435
258,8.0,29.596764
259,100.96,31.954388
260,126.2,109.34214
261,176.36,134.24231
262,156.82,148.50613
263,115.66,135.2472
264,84.58,92.34521
265,76.92,81.345795
266,70.09,77.26858
267,64.0,74.43305
268,72.95,74.93549
269,95.32,79.97489
270,146.46,104.03953
271,161.26,140.733
272,165.04,160.22813
273,129.39,153.54477
274,120.02,112.67601
275,143.66,106.41987
276,90.07,96.07484
277,40.01,71.74857
278,29.25,41.35072
279,2.91,32.456688
280,6.99,9.73175
281,7.41,2.2759466
282,2.45,7.1014853
283,91.2,26.324852
284,119.41,85.390755
285,136.12,130.30055
286,136.52,128.75433
287,127.0,107.20369
288,122.51,99.57336
289,123.82,90.707825
290,124.5,94.055336
291,119.04,103.410645
292,118.86,98.81619
293,124.08,103.59804
294,134.25,125.38493
295,135.36,133.61385
296,135.97,134.90346
297,127.43,130.15974
298,116.42,118.475914
299,89.19,110.37277
300,96.96,80.08151
301,40.01,75.38686
302,77.07,54.516243
303,65.54,59.143112
304,55.85,64.6376
305,22.57,53.45041
306,6.74,29.324295
307,38.16,46.708282
308,95.26,79.400024
309,98.62,127.46029
310,106.77,121.800606
311,124.76,107.510765
312,99.68,111.801125
313,33.1,88.624245
314,30.01,56.787457
315,26.3,51.509434
316,31.0,56.93553
317,95.32,61.85766
318,95.32,102.22905
319,88.46,119.72975
320,88.45,125.21486
321,85.5,106.93812
322,81.7,92.23689
323,73.35,74.89237
324,40.01,61.43212
325,10.04,40.854385
326,7.26,26.734406
327,37.27,17.571213
328,39.74,17.035866
329,33.67,14.763968
330,36.43,10.004073
331,34.6,32.440975
332,43.35,43.259727
333,66.82,47.43402
334,74.57,65.03452
335,58.62,73.25156
336,9.96,54.426895
337,31.1,22.82631
338,20.8,31.847862
339,10.0,27.31623
340,13.21,21.648445
341,43.4,29.29367
342,86.07,52.316082
343,112.25,87.82405
344,130.77,110.98337
345,118.56,116.861855
346,112.17,98.058365
347,100.78,83.25252
348,95.76,72.651955
349,40.15,64.02775
350,95.69,35.387367
351,30.36,67.52742
352,18.61,31.33324
353,15.63,15.520247
354,18.35,5.703307
355,34.32,19.241875
356,40.01,33.122833
357,58.2,49.182915
358,99.31,59.28959
359,114.59,81.640625
360,148.93,82.07402
361,76.7,86.49903
362,99.55,55.22042
363,148.93,61.73716
364,75.42,87.91325
365,81.37,67.8034
366,95.74,74.75344
367,124.41,96.98411
368,135.51,116.69045
369,138.94,114.712364
370,124.69,115.73335
371,112.47,106.87567
372,102.18,89.8104
373,95.69,80.813934
374,95.71,78.38175
375,99.77,66.67879
376,101.28,91.27669
377,100.06,92.33475
378,98.61,95.491005
379,105.13,103.12453
380,250.03,115.459755
381,250.02,195.78535
382,250.01,202.52156
383,250.03,174.39442
384,250.0,175.89409
385,199.99,184.29713
386,190.1,176.80928
387,190.08,165.70312
388,190.07,166.82182
389,190.01,169.28531
390,175.04,174.41301
391,180.35,174.94363
392,177.51,183.0405
393,173.6,180.70135
394,171.54,163.76442
395,150.39,159.58522
396,132.43,138.66792
397,102.84,118.15665
398,120.0,112.47844
399,108.41,108.97482
400,94.54,97.94843
401,120.01,86.93342
402,120.08,101.85997
403,180.95,118.243034
404,158.95,158.33476
405,165.1,154.18376
406,165.06,156.39825
407,136.35,158.32042
408,128.37,145.75449
409,125.0,129.80301
410,118.99,128.6056
411,117.79,133.52675
412,135.22,119.329956
413,210.0,125.66169
414,210.0,172.4394
415,182.51,183.70595
416,165.08,157.79666
417,157.64,150.0847
418,133.45,140.38907
419,119.31,130.38785
420,114.1,108.74044
421,102.78,99.36626
422,99.07,93.39922
423,94.56,93.85258
424,89.45,96.51923
425,86.06,89.60339
426,87.85,82.90912
427,95.62,99.42276
428,124.32,123.214455
429,162.06,146.96426
430,162.04,168.89873
431,144.23,156.99268
432,129.94,136.67236
433,124.92,123.976746
434,119.03,124.365204
435,115.59,122.73464
436,123.57,123.91097
437,138.97,138.36516
438,145.67,146.30664
439,152.68,151.59886
440,156.54,153.89731
441,159.43,150.2047
442,149.82,147.75934
443,138.9,139.9609
444,120.06,122.34366
445,112.8,103.556755
446,89.71,102.50344
447,90.17,84.85824
448,87.88,88.02797
449,87.27,88.076035
450,90.03,85.12949
451,100.0,101.22129
452,146.86,112.983864
453,162.02,147.64622
454,162.06,157.50446
455,162.03,140.7664
456,165.01,140.54216
457,140.0,142.01654
458,131.11,133.4164
459,120.09,126.68379
460,151.11,124.92815
461,134.17,155.33525
462,165.03,149.46826
463,175.08,158.29536
464,162.04,164.29433
465,162.04,150.23924
466,152.98,141.55412
467,127.16,133.43713
468,117.06,115.916176
469,104.85,105.76478
470,104.56,102.539116
471,97.19,102.357025
472,94.04,95.68117
473,93.04,93.74493
474,95.76,88.3625
475,195.01,91.711784
476,160.04,169.15497
477,161.1,164.07146
478,195.03,146.75249
479,152.7,173.2333
480,160.06,152.7907
481,170.06,134.8267
482,170.07,148.70146
483,170.08,147.88432
484,170.06,148.10574
485,170.04,159.05864
486,160.06,158.95851
487,220.0,147.41953
488,158.7,177.94594
489,155.34,147.58725
490,142.42,129.22455
491,112.82,128.85822
492,195.05,106.53276
493,122.16,140.89378
494,145.99,114.51295
495,145.06,110.341225
496,145.01,116.47813
497,145.02,114.5082
498,145.02,112.81785
499,180.0,125.88493
500,180.01,146.94814
501,135.6,154.19466
502,157.38,124.766495
503,180.02,134.89769
504,167.2,149.04424
505,158.39,135.76816
506,150.4,125.53725
507,150.4,120.29474
508,150.4,126.55087
509,84.47,127.71166
510,111.23,98.10709
511,160.05,120.53531
512,151.62,156.14644
513,151.65,142.88043
514,150.7,127.65323
515,180.05,123.72993
516,150.39,146.5731
517,52.62,118.61756
518,83.68,58.922874
519,70.24,72.45024
520,25.34,60.062252
521,22.35,39.309692
522,21.15,32.337288
523,63.1,46.319794
524,65.06,66.82457
525,65.02,73.21867
526,32.73,82.72975
527,24.28,54.836758
528,65.05,51.148563
529,65.02,71.66618
530,65.0,74.5576
531,50.92,73.67789
532,22.42,63.283367
533,61.58,41.94479
534,58.02,69.65407
535,90.73,87.09423
536,91.45,91.29114
537,58.69,97.06589
538,44.11,73.49317
539,40.88,60.176586
540,34.28,62.464123
541,30.3,42.254025
542,24.59,40.83864
543,18.56,35.857338
544,12.58,35.497303
545,11.85,34.898186
546,11.56,34.263157
547,17.31,40.383286
548,37.44,64.51943
549,77.65,70.70465
550,97.3,96.24457
551,111.0,112.638794
552,103.0,121.31501
553,90.0,106.65818
554,96.17,93.67632
555,102.54,101.49009
556,114.62,112.68413
557,123.98,114.5514
558,139.45,124.669136
559,145.9,138.86987
560,165.84,143.48912
561,147.32,154.24562
562,145.93,145.15808
563,100.02,139.61577
564,116.87,109.60195
565,100.08,107.231804
566,71.96,106.87883
567,70.09,83.80075
568,70.06,75.04592
569,70.04,84.61425
570,64.8,81.658966
571,62.23,97.398224
572,70.35,92.86456
573,92.6,98.629234
574,110.5,111.17071
575,109.77,111.561035
576,101.6,113.33268
577,93.98,106.20081
578,99.5,102.31435
579,101.5,105.87539
580,94.13,106.38501
581,101.6,113.877525
582,116.52,117.7389
583,115.02,135.93623
584,109.09,126.63883
585,109.06,116.07546
586,109.02,111.22436
587,55.21,105.90686
588,17.71,80.35374
589,13.33,46.812077
590,9.93,46.58462
591,3.06,44.43188
592,3.4,18.93328
593,4.09,23.631012
594,5.02,27.836151
595,9.37,31.815681
596,40.01,38.747627
597,73.55,63.139835
598,83.66,87.90732
599,86.37,86.48677
600,69.23,81.814575
601,58.17,71.40104
602,50.88,65.745674
603,47.64,64.90685
604,51.18,66.019104
605,59.95,66.98412
606,70.55,78.418274
607,89.0,90.569176
608,80.69,100.84447
609,79.56,96.50065
610,77.15,90.733925
611,53.15,89.80975
612,31.68,66.69439
613,31.5,38.70319
614,17.79,39.76549
615,47.01,31.22371
616,40.01,43.167065
617,16.39,42.959427
618,14.91,23.116562
619,52.0,26.920578
620,28.22,61.33572
621,90.4,49.491806
622,90.94,82.49107
623,85.44,87.468544
624,85.01,75.171646
625,85.03,73.29525
626,85.02,75.75723
627,58.95,82.56763
628,57.94,64.212906
629,70.24,66.39932
630,91.07,82.035736
631,142.69,100.07505
632,147.01,122.11702
633,91.24,125.214966
634,90.69,84.59001
635,84.81,73.43963
636,74.2,73.44748
637,72.27,62.71866
638,57.04,59.558804
639,15.17,57.647945
640,11.47,27.991371
641,10.0,17.154266
642,5.73,18.196
643,10.05,27.23809
644,23.6,29.569931
645,59.33,52.065628
646,88.82,80.24037
647,92.76,93.33866
648,89.59,87.84731
649,74.31,78.28962
650,71.06,69.36166
651,71.04,67.75892
652,71.04,73.30709
653,71.04,77.99699
654,71.09,82.811745
655,90.05,99.87103
656,90.03,105.286865
657,89.03,98.52839
658,71.08,92.33498
659,69.37,73.08578
660,55.12,73.02837
661,45.53,62.437336
662,9.31,49.927
663,10.0,30.100822
664,10.01,14.097236
665,7.14,14.224158
666,4.84,11.623694
667,3.78,17.874428
668,10.01,18.508774
669,10.09,28.362244
670,10.06,34.534676
671,25.85,35.273655
672,20.0,42.38763
673,10.09,35.653793
674,10.08,27.449463
675,20.0,26.496094
676,10.08,33.657955
677,29.72,26.739677
678,40.49,42.2318
679,81.01,61.614292
680,81.04,82.994576
681,81.02,79.26574
682,33.27,71.09281
683,16.55,36.257343
684,10.81,19.125633
685,11.73,15.395034
686,7.05,9.566634
687,8.71,-0.47071168
688,6.59,-3.1992884
689,5.18,-3.7852793
690,5.54,-5.9419794
691,4.24,-3.4410257
692,7.99,-0.89500517
693,7.58,6.5364447
694,12.56,6.8426886
695,17.1,11.141837
696,25.43,19.249458
697,47.27,21.780106
698,48.23,37.390656
699,44.12,39.466427
700,29.38,31.906273
701,37.1,30.225128
702,55.9,37.910637
703,84.07,60.320427
704,87.56,77.00991
705,83.94,76.8397
706,71.95,66.68238
707,46.62,58.478245
708,30.19,42.12127
709,26.85,27.793839
710,21.63,18.657532
711,19.0,19.774223
712,16.98,19.317429
713,16.91,19.942116
714,16.68,21.794281
715,16.94,25.380753
716,100.09,23.61451
717,90.0,89.09336
718,157.61,85.05707
719,170.01,113.378296
720,90.1,118.36695
721,85.03,71.33339
722,90.03,67.74974
723,90.02,80.20254
724,90.0,75.26521
725,79.2,81.671616
726,90.49,95.38017
727,127.17,113.88342
728,134.53,144.68048
729,155.49,140.51402
730,144.46,141.26
731,109.68,123.76557
732,85.07,96.90556
733,85.95,78.87366
734,83.98,76.13516
735,70.01,71.14344
736,68.57,65.5694
737,68.97,65.44861
738,68.01,69.67754
739,70.25,67.301704
740,79.42,74.32215
741,95.1,82.82452
742,139.82,100.49066
743,170.09,124.81537
744,175.69,129.56734
745,170.06,128.30104
746,121.08,127.3175
747,170.01,102.56554
748,128.19,133.94673
749,200.02,120.98728
750,200.05,156.53914
751,170.05,167.8266
752,170.06,147.94705
753,144.74,150.57948
754,100.09,139.90025
755,90.07,97.3668
756,80.86,78.694466
757,62.2,73.27216
758,47.4,57.353516
759,39.91,44.920467
760,37.38,37.961597
761,35.96,35.48554
762,50.01,32.428707
763,37.04,40.2008
764,55.44,44.7002
765,130.8,59.795303
766,170.07,120.094696
767,250.02,147.3581
768,170.06,164.51352
769,170.03,128.30307
770,170.08,117.81729
771,170.04,135.5614
772,200.0,137.39331
773,200.05,163.86577
774,250.01,170.88797
775,127.07,195.57346
776,143.48,138.5244
777,128.9,134.49901
778,127.89,126.15342
779,121.13,108.90966
780,92.5,100.65006
781,83.07,89.13385
782,67.07,75.16956
783,66.01,67.58836
784,62.13,60.057083
785,40.01,51.362606
786,72.68,35.99657
787,74.64,62.21495
788,83.66,64.51974
789,109.61,87.96615
790,120.06,108.97131
791,121.67,128.2937
792,109.65,117.57827
793,100.08,111.53873
794,97.34,102.992226
795,109.81,104.938194
796,128.42,110.74576
797,100.61,128.49533
798,116.54,125.584
799,120.17,114.19833
800,126.26,126.87086
801,127.27,116.23621
802,111.36,108.189026
803,96.01,97.23416
804,83.71,84.42918
805,84.04,75.873764
806,40.02,71.62949
807,27.78,40.68864
808,59.68,27.41941
809,53.74,41.47955
810,40.0,44.890163
811,22.48,33.157566
812,24.97,32.166927
813,88.55,48.160835
814,107.26,100.09331
815,113.0,125.314606
816,104.99,102.60734
817,94.59,94.71843
818,91.64,85.71437
819,97.49,83.400826
820,114.93,94.47251
821,128.38,102.336426
822,122.84,122.8885
823,128.35,110.413704
824,135.71,117.03493
825,135.1,123.99084
826,123.58,119.790245
827,112.93,109.60413
828,105.1,99.5368
829,103.97,94.61329
830,40.09,84.43472
831,57.83,48.073452
832,85.89,52.295895
833,85.88,63.257587
834,19.75,66.384895
835,20.2,25.438332
836,85.44,22.354202
837,86.3,76.82579
838,88.0,82.97616
839,92.0,82.09072
840,94.89,89.94462
841,91.28,88.92115
842,90.22,76.472046
843,87.94,81.67389
844,87.8,81.37028
845,91.5,87.576065
846,102.87,91.35255
847,115.27,100.76599
848,127.98,110.28194
849,135.76,113.89357
850,124.47,108.78625
851,113.51,100.12071
852,102.58,92.51907
853,92.38,86.1489
854,63.03,67.983215
855,88.16,48.891068
856,85.36,69.73987
857,84.26,67.07317
858,82.77,61.10261
859,82.17,57.211376
860,86.02,61.96996
861,85.55,73.07717
862,85.89,74.71993
863,87.26,81.524345
864,89.75,75.11826
865,88.58,78.42946
866,86.48,77.352234
867,88.09,75.76144
868,88.22,78.83011
869,92.59,81.468704
870,108.69,91.3993
871,122.59,97.60268
872,134.91,110.65653
873,130.89,114.65441
874,124.07,107.53424
875,109.98,98.51635
876,107.33,88.50803
877,76.66,85.73859
878,33.1,58.168102
879,85.03,36.82965
880,63.08,79.75983
881,35.01,64.74269
882,49.4,39.80361
883,88.04,49.562344
884,65.07,97.08798
885,123.29,78.54204
886,139.85,116.45103
887,149.87,134.01183
888,131.54,121.12636
889,121.14,105.618614
890,121.61,101.6849
891,119.52,114.16191
892,116.77,115.15456
893,136.62,113.67062
894,138.41,131.11424
895,153.37,140.91248
896,147.69,145.61836
897,143.25,148.00699
898,135.79,140.72707
899,121.16,131.75752
900,87.36,119.4472
901,58.17,94.6248
902,30.01,61.57961
903,36.81,45.709595
904,38.09,46.90909
905,37.69,44.771206
906,36.37,46.680984
907,44.62,47.839012
908,80.01,54.102837
909,135.0,91.082275
910,124.08,132.76822
911,124.05,120.26913
912,124.04,109.86492
913,135.03,111.7318
914,150.07,117.23856
915,150.06,137.26692
916,93.19,132.8611
917,115.51,107.245834
918,124.06,126.24607
919,135.02,138.64699
920,124.03,138.86266
921,124.02,128.6866
922,116.51,124.31783
923,99.15,118.31773
924,88.14,102.269165
925,89.25,84.646866
926,62.01,69.43379
927,81.1,59.28629
928,76.42,70.63426
929,72.9,70.15076
930,70.69,65.78566
931,74.45,63.630894
932,80.68,75.481316
933,125.46,96.189415
934,122.19,128.07048
935,128.59,136.28291
936,121.29,121.08168
937,112.78,119.468704
938,108.75,118.955986
939,100.1,122.20371
940,135.0,114.01693
941,106.27,141.61084
942,121.21,134.18607
943,122.96,125.979126
944,127.84,135.02948
945,129.9,131.2114
946,121.08,128.2911
947,109.9,118.58562
948,97.5,103.12586
949,91.66,93.01412
950,84.21,79.809814
951,85.47,82.895065
952,83.26,74.597206
953,75.45,73.588715
954,74.68,72.10953
955,81.1,72.60034
956,92.27,81.99473
957,160.1,102.220474
958,165.0,142.44688
959,165.0,142.16951
960,164.99,128.96796
961,164.99,132.51073
962,160.09,141.61552
963,156.86,149.52892
964,131.64,148.94972
965,164.99,130.89413
966,164.99,153.27345
967,194.54,158.54443
968,182.39,164.1394
969,143.93,153.71516
970,126.14,125.86888
971,121.17,109.88137
972,115.0,107.72244
973,106.67,101.63441
974,84.42,85.48561
975,97.1,78.99179
976,92.78,92.48351
977,87.92,86.27324
978,89.26,78.47345
979,95.7,75.49899
980,103.2,80.05369
981,121.16,109.045525
982,131.03,122.82646
983,141.92,130.40073
984,134.75,130.47974
985,128.08,123.83017
986,125.35,120.26489
987,121.52,120.4304
988,127.93,123.82825
989,123.91,131.19675
990,129.99,129.865
991,137.04,135.75124
992,146.32,139.16472
993,147.67,138.21138
994,139.08,133.0773
995,128.14,122.68328
996,119.92,112.004005
997,117.12,105.47062
998,92.68,91.10918
999,92.22,80.39831
1000,90.42,75.106804
1001,87.71,74.322
1002,83.08,64.78557
1003,79.93,61.885616
1004,79.96,68.31322
1005,86.74,81.49977
1006,92.08,87.38926
1007,100.95,91.81079
1008,98.15,95.80527
1009,96.77,93.05119
1010,95.2,91.05892
1011,95.6,90.14188
1012,95.31,87.931076
1013,97.06,91.743805
1014,132.38,96.644485
1015,144.19,127.46702
1016,145.2,137.47679
1017,141.64,127.44504
1018,139.71,119.66476
1019,125.53,117.67149
1020,95.1,109.94658
1021,73.76,84.53008
1022,59.1,61.07901
1023,47.86,58.91202
1024,44.08,45.693356
1025,42.22,41.20707
1026,37.48,36.360786
1027,35.07,32.590363
1028,37.6,31.81599
1029,41.78,41.726364
1030,44.19,46.211864
1031,47.63,51.588703
1032,49.86,53.787914
1033,57.47,55.454403
1034,59.99,59.929634
1035,62.08,61.455925
1036,63.9,65.44663
1037,82.12,66.638466
1038,88.46,85.24544
1039,96.29,92.91632
1040,100.28,97.853004
1041,103.19,100.67276
1042,102.17,101.23209
1043,88.65,96.02474
1044,84.38,84.48613
1045,86.95,76.042816
1046,80.05,69.781624
1047,69.98,71.80544
1048,62.68,72.19513
1049,59.91,65.19922
1050,60.03,65.56248
1051,64.76,69.18366
1052,80.43,71.484535
1053,140.03,94.85071
1054,143.07,134.64958
1055,144.41,135.39558
1056,160.01,125.842316
1057,130.0,138.64696
1058,128.35,124.02593
1059,128.34,120.62891
1060,128.35,126.32333
1061,138.21,133.26683
1062,148.13,142.0255
1063,159.49,156.26268
1064,147.0,159.82825
1065,139.98,149.16702
1066,133.31,140.36792
1067,121.05,134.87071
1068,103.89,120.96599
1069,104.7,104.3096
1070,94.63,98.06544
1071,129.99,95.0854
1072,98.2,110.34189
1073,96.12,94.068756
1074,91.17,86.31071
1075,95.78,87.065834
1076,181.02,96.339554
1077,550.03,155.03703
1078,487.99,333.9179
1079,549.96,317.47015
1080,397.92,306.33734
1081,401.82,258.57678
1082,487.97,256.34262
1083,400.08,368.95337
1084,329.98,320.671
1085,487.94,276.39722
1086,777.18,351.0538
1087,345.51,506.65704
1088,200.02,299.14468
1089,164.99,164.58632
1090,139.09,166.54213
1091,132.09,150.14928
1092,155.05,142.63654
1093,110.91,169.69643
1094,98.04,134.84985
1095,98.0,122.36189
1096,95.01,114.52792
1097,95.01,106.48616
1098,92.0,95.48859
1099,92.48,91.89093
1100,94.75,90.27111
1101,119.93,122.567406
1102,325.0,126.60577
1103,200.05,245.94127
1104,133.24,181.64523
1105,116.14,149.29294
1106,152.35,153.19777
1107,200.03,160.09576
1108,200.05,178.69197
1109,139.43,182.25716
1110,160.45,174.26631
1111,162.39,144.08809
1112,138.82,146.38437
1113,129.89,130.70686
1114,79.0,127.4876
1115,15.63,95.692604
1116,15.28,61.686226
1117,12.74,51.803787
1118,11.88,48.731327
1119,10.04,49.78015
1120,10.01,26.827766
1121,10.02,16.991547
1122,10.06,13.539451
1123,11.79,10.305671
1124,16.42,16.337456
1125,58.29,60.03692
1126,85.77,91.273544
1127,86.94,104.07281
1128,87.67,87.849205
1129,87.58,89.403984
1130,88.16,103.93464
1131,88.0,102.85686
1132,87.17,94.7938
1133,85.4,115.49453
1134,87.38,151.1402
1135,87.44,118.61191
1136,87.25,101.90866
1137,87.31,97.84064
1138,87.59,92.12552
1139,64.99,87.31145
1140,56.44,76.24441
1141,25.1,68.63346
1142,25.01,48.400883
1143,31.83,47.646877
1144,27.59,45.83695
1145,18.42,43.91003
1146,10.01,38.447723
1147,15.8,35.156822
1148,38.24,39.673084
1149,87.75,60.727894
1150,87.68,111.813545
1151,113.77,99.8277
1152,87.65,100.74401
1153,87.8,82.65562
1154,87.72,86.5728
1155,87.78,94.6468
1156,88.58,97.811386
1157,104.2,95.26221
1158,113.34,108.31785
1159,121.41,117.76212
1160,120.38,120.43445
1161,118.61,120.567474
1162,120.36,115.46299
1163,118.61,109.62596
1164,100.29,109.18196
1165,89.18,97.54914
1166,83.89,87.225365
1167,78.07,87.21233
1168,74.03,74.892136
1169,72.07,72.611
1170,71.61,71.53721
1171,69.99,70.967926
1172,74.19,78.04498
1173,79.81,120.10008
1174,87.08,121.99897
1175,94.29,131.91203
1176,90.79,118.25137
1177,89.17,116.49482
1178,87.06,120.39034
1179,84.07,114.52721
1180,82.37,104.380455
1181,90.09,119.65582
1182,101.8,147.59033
1183,115.42,122.66034
1184,124.1,111.00801
1185,127.35,112.16336
1186,127.19,112.80212
1187,121.12,109.88411
1188,114.3,103.45275
1189,108.88,95.386566
1190,93.82,88.86494
1191,107.66,78.356346
1192,102.2,86.4088
1193,98.88,83.08432
1194,96.92,78.93953
1195,94.26,77.266174
1196,109.95,78.17331
1197,98.86,92.845276
1198,102.2,108.20764
1199,142.22,99.03274
1200,144.89,111.32194
1201,112.52,114.107254
1202,123.31,96.46265
1203,110.65,105.858406
1204,107.38,103.36456
1205,129.99,97.92256
1206,144.9,115.71374
1207,145.03,129.21645
1208,145.01,126.98913
1209,149.67,125.35656
1210,143.14,128.23735
1211,135.91,120.17853
1212,122.41,114.10816
1213,118.99,106.500854
1214,101.06,101.00963
1215,96.18,90.59283
1216,91.17,100.449036
1217,89.9,96.34427
1218,88.82,93.51441
1219,87.91,91.38334
1220,94.09,92.93911
1221,155.03,104.63479
1222,180.06,144.97911
1223,180.09,160.72784
1224,145.64,156.29198
1225,149.02,130.50093
1226,150.09,134.44423
1227,150.05,142.71396
1228,149.95,143.37837
1229,145.1,146.97118
1230,163.42,148.25085
1231,169.68,160.76936
1232,160.21,165.11502
1233,150.54,160.46895
1234,150.78,153.95703
1235,150.31,148.69756
1236,116.84,144.79004
1237,94.74,122.261314
1238,80.74,101.80511
1239,77.74,99.322624
1240,70.49,96.06307
1241,67.47,88.120735
1242,64.69,84.69331
1243,68.29,83.22218
1244,82.66,94.833855
1245,120.54,142.91888
1246,180.03,159.60214
1247,250.08,207.98291
1248,250.02,222.57751
1249,139.73,208.64014
1250,142.15,153.86594
1251,139.24,145.95976
1252,141.21,152.93716
1253,144.6,172.93094
1254,150.0,210.64412
1255,164.01,183.59572
1256,189.98,170.11108
1257,177.0,177.85481
1258,159.1,166.65337
1259,138.85,149.78806
1260,125.44,133.29903
1261,115.85,123.143684
1262,105.62,113.66716
1263,98.5,109.230606
1264,96.35,101.36703
1265,92.03,100.19934
1266,83.82,97.625084
1267,84.27,92.46505
1268,95.7,94.12695
1269,141.77,115.24204
1270,250.02,169.54576
1271,384.01,218.44775
1272,250.08,264.72614
1273,183.75,180.89372
1274,130.37,132.96251
1275,131.24,132.25755
1276,163.64,142.16551
1277,151.75,148.0492
1278,250.02,161.59146
1279,200.0,208.94829
1280,250.0,186.88242
1281,250.0,189.48038
1282,200.0,197.23189
1283,161.0,159.10172
1284,139.01,131.79747
1285,128.5,117.92726
1286,114.27,109.66798
1287,104.79,102.59236
1288,104.52,95.25906
1289,102.2,96.25221
1290,100.0,88.980225
1291,101.63,90.22837
1292,106.3,91.47468
1293,129.41,105.26602
1294,168.09,130.36572
1295,219.27,176.28526
1296,237.22,188.31151
1297,224.12,171.16304
1298,225.01,162.7022
1299,196.17,165.36722
1300,190.58,162.3881
1301,195.0,160.50717
1302,195.0,171.55312
1303,226.0,170.89787
1304,259.86,192.60109
1305,236.75,203.17989
1306,194.5,183.25562
1307,154.72,151.56517
1308,133.05,128.18913
1309,125.88,114.62116
1310,115.09,108.879524
1311,106.91,106.75399
1312,102.63,99.001114
1313,99.1,95.021706
1314,96.31,90.81809
1315,96.16,87.91204
1316,102.94,89.224205
1317,120.83,108.41323
1318,152.97,125.38694
1319,206.38,161.25911
1320,228.11,174.43532
1321,220.66,173.81256
1322,218.77,161.946
1323,205.56,161.15862
1324,179.23,166.00308
1325,178.97,163.35684
1326,186.14,174.04625
1327,201.12,177.11935
1328,225.15,192.264
1329,199.16,199.58218
1330,170.21,171.62311
1331,143.46,144.78452
1332,125.81,126.15818
1333,120.45,113.72557
1334,108.8,105.62961
1335,102.69,101.59958
1336,97.76,92.5948
1337,91.55,90.1399
1338,89.97,84.34559
1339,95.12,80.98795
1340,95.72,84.27429
1341,96.55,90.300186
1342,189.91,96.55021
1343,137.49,163.08618
1344,160.21,145.13403
1345,193.42,129.43713
1346,160.88,157.03462
1347,137.5,134.9235
1348,137.5,123.86646
1349,137.49,123.98999
1350,200.07,131.24011
1351,250.0,166.82852
1352,200.03,206.98096
1353,144.96,169.9492
1354,129.56,123.30449
1355,119.58,113.66922
1356,112.08,108.5018
1357,106.7,98.67911
1358,102.94,98.20334
1359,105.15,102.89546
1360,99.7,102.998795
1361,94.97,100.05287
1362,88.83,90.103615
1363,92.35,76.92939
1364,89.52,79.04814
1365,88.86,80.17438
1366,92.13,100.73986
1367,97.02,112.22502
1368,250.06,110.23163
1369,168.61,188.76738
1370,141.4,144.12894
1371,141.4,109.044655
1372,189.5,115.95196
1373,200.07,150.86035
1374,166.37,171.18053
1375,200.05,155.18964
1376,200.08,173.27512
1377,167.25,180.0394
1378,145.05,153.17795
1379,112.33,135.04845
1380,107.21,99.999115
1381,99.09,99.689835
1382,91.12,96.73813
1383,96.17,93.45391
1384,92.49,111.95522
1385,90.46,110.56523
1386,88.12,105.081055
1387,88.58,104.328354
1388,111.97,103.85219
1389,149.99,124.768715
1390,199.03,152.88916
1391,235.61,169.6255
1392,236.49,194.16766
1393,206.33,192.28824
1394,166.09,169.22388
1395,160.07,148.35802
1396,167.0,154.71725
1397,175.04,162.11319
1398,209.76,174.4511
1399,262.73,202.85925
1400,206.35,220.58417
1401,184.29,181.77478
1402,151.05,160.39146
1403,127.4,148.13858
1404,122.08,127.090324
1405,113.13,117.92311
1406,94.79,118.45932
1407,110.09,109.238914
1408,110.07,115.964806
1409,110.05,118.50875
1410,110.07,114.19552
1411,110.07,112.087776
1412,149.99,113.380806
1413,228.77,135.01938
1414,250.06,178.9812
1415,332.0,204.35973
1416,250.08,266.20728
1417,249.89,200.01665
1418,202.95,183.31651
1419,187.85,180.30748
1420,188.73,175.36504
1421,199.19,184.7393
1422,226.94,188.33678
1423,225.73,210.8997
1424,172.6,210.084
1425,151.29,174.63391
1426,143.19,156.72821
1427,128.63,143.28905
1428,117.83,129.08223
1429,111.55,119.99288
1430,103.28,116.83681
1431,102.67,113.8287
1432,111.91,110.507286
1433,97.18,113.524445
1434,99.5,101.55807
1435,115.24,99.1009
1436,100.68,111.041794
1437,111.7,113.55067
1438,167.22,135.69075
1439,171.99,195.86792
1440,171.52,178.20293
1441,154.48,161.06935
1442,149.88,137.72234
1443,149.69,136.73656
1444,144.5,149.02959
1445,143.96,146.17685
1446,147.53,163.522
1447,164.0,172.04651
1448,178.07,173.87627
1449,165.28,176.61092
1450,149.93,156.02513
1451,129.91,139.36037
1452,115.68,125.87846
1453,107.33,114.12656
1454,100.44,105.24983
1455,99.2,104.597015
1456,97.85,104.16749
1457,96.86,105.73498
1458,91.81,106.69792
1459,89.92,103.45539
1460,94.53,103.1638
1461,116.9,114.543686
1462,153.05,133.14232
1463,153.05,166.81644
1464,153.03,172.40167
1465,153.02,156.86685
1466,138.17,153.4291
1467,143.57,145.63658
1468,138.35,151.25624
1469,138.08,154.07652
1470,160.06,155.197
1471,153.02,174.02705
1472,149.28,169.76434
1473,153.02,155.49385
1474,159.09,150.1037
1475,150.15,145.25986
1476,127.48,137.06479
1477,119.35,119.58763
1478,87.08,112.20536
1479,87.09,93.87807
1480,83.26,91.605415
1481,81.43,88.97785
1482,79.52,86.389175
1483,90.06,87.68876
1484,87.04,98.35429
1485,123.24,103.51264
1486,143.55,138.17764
1487,200.06,158.27687
1488,200.03,185.17412
1489,136.92,176.91335
1490,200.02,128.07164
1491,200.08,166.1789
1492,200.04,180.05638
1493,200.03,171.75989
1494,200.04,175.27998
1495,137.0,185.65779
1496,129.24,153.05978
1497,118.6,137.29286
1498,134.43,132.73763
1499,115.41,130.0164
1500,101.12,119.139336
1501,101.58,115.21625
1502,90.58,102.9802
1503,95.0,97.381966
1504,85.1,85.66513
1505,79.49,78.57558
1506,73.07,70.15243
1507,70.25,68.863655
1508,72.81,70.197975
1509,76.04,81.36778
1510,92.33,97.790955
1511,110.79,116.182594
1512,124.93,122.97653
1513,124.65,123.492966
1514,136.33,120.16898
1515,128.5,123.10962
1516,137.78,120.21647
1517,138.53,125.38371
1518,140.83,142.97978
1519,132.73,144.70967
1520,132.73,130.7243
1521,137.72,122.97967
1522,136.19,124.833115
1523,121.56,119.4649
1524,67.26,105.51886
1525,58.74,75.575066
1526,46.18,63.125854
1527,74.0,60.31331
1528,74.0,65.79778
1529,74.0,65.6224
1530,46.31,63.7281
1531,74.0,46.831627
1532,78.29,63.76761
1533,59.99,72.193016
1534,73.99,63.932667
1535,81.26,77.11361
1536,82.62,99.566986
1537,88.37,84.507454
1538,94.39,89.95044
1539,90.45,96.068565
1540,91.14,99.51096
1541,98.9,102.183754
1542,99.62,105.510704
1543,103.84,102.15925
1544,99.64,104.05922
1545,99.7,99.90672
1546,99.29,98.15936
1547,98.3,91.27578
1548,89.28,84.08964
1549,78.29,77.10433
1550,69.16,66.7124
1551,88.8,65.27086
1552,82.57,91.862175
1553,79.07,87.765884
1554,79.94,81.782585
1555,95.49,84.08455
1556,127.93,99.39674
1557,156.14,121.972565
1558,148.67,146.46037
1559,188.13,145.25027
1560,151.45,169.14682
1561,154.34,148.55188
1562,137.21,141.75308
1563,148.36,141.38506
1564,154.8,149.13956
1565,163.46,156.13237
1566,181.06,169.84245
1567,157.35,186.32867
1568,149.89,164.31563
1569,140.35,153.62119
1570,129.94,149.67696
1571,124.85,137.9121
1572,118.83,126.63154
1573,98.72,121.93982
1574,86.89,105.12178
1575,95.06,102.55816
1576,95.07,107.11994
1577,95.0,106.93889
1578,93.69,100.972694
1579,95.09,106.29769
1580,149.99,112.450966
1581,183.99,148.67113
1582,200.03,172.92633
1583,200.03,199.17169
1584,200.01,179.61467
1585,184.0,176.1217
1586,183.99,172.79146
1587,154.99,175.73595
1588,150.0,159.67627
1589,171.2,157.53305
1590,195.32,178.18599
1591,180.83,188.66115
1592,172.06,163.22731
1593,155.0,150.41718
1594,151.68,141.59033
1595,147.02,136.98625
1596,127.94,131.10378
1597,110.94,117.79821
1598,97.78,103.97006
1599,87.83,102.80949
1600,85.06,95.513084
1601,77.49,90.26227
1602,77.49,84.81914
1603,94.87,88.47388
1604,93.26,107.58487
1605,149.99,114.06269
1606,150.0,149.46921
1607,150.0,154.23605
1608,149.99,141.99593
1609,147.67,142.22522
1610,150.0,143.62924
1611,150.0,148.18489
1612,149.14,148.94243
1613,149.05,151.14265
1614,145.69,155.6364
1615,150.85,152.64435
1616,148.39,155.19392
1617,149.99,146.03687
1618,129.91,141.03253
1619,112.67,127.01764
1620,100.7,111.28913
1621,104.21,100.01589
1622,91.02,96.73646
1623,77.99,92.87377
1624,76.3,81.02451
1625,76.94,79.232025
1626,77.99,79.269485
1627,85.01,80.694916
1628,110.12,90.03281
1629,154.0,117.517075
1630,183.99,148.90749
1631,168.08,161.85461
1632,168.02,148.90459
1633,154.99,146.05856
1634,179.68,146.439
1635,154.99,165.18755
1636,140.39,155.62439
1637,154.99,146.76553
1638,188.37,164.60025
1639,188.04,178.71535
1640,180.63,170.32431
1641,144.4,156.61935
1642,122.97,137.1246
1643,109.89,120.91366
1644,115.01,108.33015
1645,94.46,111.24252
1646,85.57,92.00638
1647,86.55,88.02189
1648,83.29,89.692955
1649,80.63,86.40851
1650,78.39,79.050354
1651,79.99,82.22886
1652,111.91,85.91467
1653,154.01,124.396965
1654,184.0,149.40984
1655,184.0,168.00868
1656,183.99,161.50754
1657,168.02,149.1659
1658,183.99,158.72595
1659,169.04,172.2318
1660,155.0,169.04451
1661,170.67,159.78598
1662,200.01,171.01785
1663,169.53,180.047
1664,174.1,156.44702
1665,135.09,144.16693
1666,106.74,126.131355
1667,93.36,99.92209
1668,97.76,91.55959
1669,86.77,97.20275
1670,76.71,85.51727
1671,67.2,82.03441
1672,63.21,59.035923
1673,60.37,53.04142
1674,58.0,47.649666
1675,54.1,45.920082
1676,55.64,57.50497
1677,59.34,69.758385
1678,65.1,80.829155
1679,79.89,83.27411
1680,83.15,93.85129
1681,81.88,92.23503
1682,79.45,93.94531
1683,77.36,87.1169
1684,73.58,85.201744
1685,79.45,87.21467
1686,80.44,98.37289
1687,86.07,93.899704
1688,84.15,95.99845
1689,83.83,88.38626
1690,76.1,83.63668
1691,75.2,74.49419
1692,47.03,65.945816
1693,39.05,48.77765
1694,21.08,38.63054
1695,0.0,31.066818
1696,8.91,6.8278418
1697,7.47,9.816268
1698,-0.01,5.244788
1699,-0.72,4.136695
1700,0.0,6.372344
1701,9.47,13.317283
1702,5.71,21.753036
1703,5.61,21.75428
1704,59.17,21.170883
1705,54.43,54.220066
1706,49.0,56.42037
1707,43.71,45.405716
1708,46.32,45.380505
1709,62.96,51.358624
1710,65.41,64.0785
1711,67.08,67.98347
1712,65.27,69.73376
1713,64.09,69.25379
1714,40.27,66.41739
1715,12.4,51.30352
1716,11.43,25.78711
1717,6.72,24.511765
1718,5.98,17.899384
1719,10.33,12.238723
1720,8.87,26.672768
1721,6.23,26.798782
1722,4.99,22.44117
1723,6.14,22.452621
1724,10.07,28.981598
1725,76.9,40.657566
1726,83.36,87.86691
1727,94.73,91.840744
1728,85.05,90.63789
1729,85.06,84.27175
1730,81.17,87.43154
1731,74.89,86.63551
1732,81.03,84.0649
1733,89.96,93.975845
1734,85.08,108.31826
1735,85.09,104.71828
1736,85.1,103.871414
1737,85.08,105.41639
1738,85.05,99.20261
1739,85.79,95.58805
1740,76.89,92.94421
1741,12.66,82.82857
1742,10.08,38.153805
1743,10.04,30.285713
1744,5.32,29.064095
1745,2.28,23.653534
1746,1.58,19.979729
1747,4.25,25.279411
1748,8.81,33.452465
1749,14.12,49.076477
1750,23.66,56.320553
1751,70.0,62.19619
1752,70.0,96.28523
1753,40.01,88.65518
1754,31.01,62.379047
1755,26.77,54.588615
1756,40.0,57.072113
1757,67.29,70.39241
1758,76.9,91.69806
1759,76.89,96.47631
1760,76.89,93.58655
1761,70.01,89.79822
1762,70.02,80.84788
1763,15.56,74.290535
1764,13.76,38.241756
1765,12.15,26.46431
1766,11.35,29.771118
1767,11.53,27.369873
1768,10.52,18.21415
1769,10.09,18.939468
1770,10.1,16.631538
1771,13.65,15.716422
1772,73.07,17.207558
1773,82.63,70.9648
1774,84.16,80.92256
1775,90.06,77.31188
1776,86.85,81.405334
1777,83.87,76.85511
1778,82.51,75.67493
1779,83.1,77.78741
1780,83.54,82.46624
1781,82.27,89.33408
1782,82.88,92.2803
1783,83.0,95.73309
1784,82.18,95.59075
1785,79.93,94.12185
1786,80.19,90.94716
1787,74.83,85.84958
1788,63.97,78.864944
1789,61.42,61.10902
1790,54.92,55.51757
1791,45.24,48.847145
1792,46.54,41.99199
1793,37.36,41.362236
1794,34.57,35.232063
1795,38.71,32.83207
1796,55.01,42.406414
1797,80.1,57.86179
1798,84.07,75.30315
1799,84.12,83.83042
1800,84.04,83.468
1801,84.07,79.899124
1802,84.04,79.35867
1803,84.12,79.43273
1804,80.1,81.39775
1805,80.1,84.85301
1806,80.1,88.33548
1807,80.09,90.49779
1808,50.64,89.871025
1809,48.07,69.72294
1810,48.0,63.67679
1811,40.97,52.899967
1812,33.15,46.637184
1813,28.77,35.895058
1814,18.21,32.18775
1815,15.33,25.087616
1816,10.6,19.564117
1817,4.92,14.106048
1818,4.04,8.5175085
1819,5.7,7.7588873
1820,13.79,21.28489
1821,25.05,41.24858
1822,45.92,50.846024
1823,55.12,66.67529
1824,48.15,69.45878
1825,45.07,60.006718
1826,45.07,55.90167
1827,46.04,57.382595
1828,54.14,59.228046
1829,52.96,66.75784
1830,57.57,68.154396
1831,57.57,71.50303
1832,57.57,69.93837
1833,52.95,68.86317
1834,54.14,63.36798
1835,52.95,62.48488
1836,27.55,59.428284
1837,22.57,34.44321
1838,12.0,27.976997
1839,9.99,22.025543
1840,4.33,8.950217
1841,0.35,2.350196
1842,1.33,-1.1856394
1843,5.64,-1.0789194
1844,7.81,3.8046713
1845,13.58,8.60012
1846,20.04,17.894318
1847,22.46,29.92392
1848,42.08,31.563663
1849,42.02,42.20218
1850,46.21,42.66273
1851,47.58,43.91824
1852,49.25,48.31479
1853,51.61,53.26106
1854,53.77,56.55228
1855,58.05,59.893684
1856,66.49,60.393337
1857,66.11,65.006996
1858,61.55,65.225006
1859,52.41,55.84946
1860,42.59,43.3713
1861,35.62,36.23719
1862,36.09,27.8041
1863,29.27,25.524284
1864,29.23,17.491432
1865,29.14,15.498298
1866,28.63,14.753753
1867,28.75,14.915313
1868,30.22,21.539818
1869,31.99,25.548111
1870,42.96,28.61155
1871,51.85,36.73817
1872,53.91,49.178036
1873,59.44,49.392963
1874,53.92,52.720394
1875,52.72,50.68253
1876,50.94,50.743176
1877,49.96,52.28182
1878,66.23,53.67466
1879,48.38,64.13648
1880,39.55,57.22118
1881,35.74,49.273502
1882,32.46,45.88436
1883,29.99,38.525024
1884,29.99,29.712112
1885,28.98,27.462624
1886,23.6,24.751625
1887,33.6,20.117851
1888,33.71,33.567608
1889,31.62,32.901993
1890,30.0,30.104324
1891,26.8,29.845749
1892,22.13,31.20525
1893,20.71,34.995552
1894,27.86,36.888725
1895,30.55,43.813816
1896,31.17,47.85767
1897,32.69,47.813793
1898,33.05,48.94689
1899,32.64,48.89162
1900,32.12,47.565464
1901,32.98,47.58152
1902,33.78,49.16532
1903,34.99,49.152603
1904,38.78,47.240265
1905,38.02,49.768845
1906,35.08,48.380875
1907,33.46,43.862476
1908,34.12,40.004704
1909,34.71,34.991615
1910,33.56,33.22768
1911,30.63,31.238808
1912,28.07,29.245293
1913,27.29,26.827873
1914,28.47,25.960396
1915,31.0,26.809387
1916,33.52,29.35778
1917,33.85,32.66478
1918,36.65,37.735325
1919,39.04,45.8189
1920,49.56,47.709072
1921,50.19,53.665257
1922,49.96,53.852833
1923,49.21,53.57867
1924,45.52,55.689934
1925,44.09,55.663177
1926,42.85,57.60576
1927,47.46,55.33475
1928,52.88,57.310543
1929,52.95,59.29914
1930,49.42,58.777836
1931,42.03,53.392292
1932,40.76,43.83246
1933,37.91,41.05092
1934,34.0,36.36654
1935,35.11,34.07456
1936,31.1,36.2119
1937,30.68,33.0416
1938,30.98,32.635334
1939,32.55,33.00389
1940,39.28,39.400608
1941,65.06,43.872005
1942,69.12,64.23412
1943,77.72,67.207344
1944,77.85,74.55521
1945,73.39,76.02863
1946,72.54,74.17768
1947,72.02,72.633896
1948,70.75,73.192024
1949,73.27,72.65245
1950,79.37,75.122665
1951,84.3,80.6366
1952,83.68,85.64204
1953,80.08,82.74393
1954,74.97,78.9208
1955,54.73,73.47608
1956,40.0,61.0103
1957,33.32,51.116558
1958,31.45,47.395977
1959,30.1,44.143757
1960,29.83,39.13756
1961,27.74,37.97431
1962,25.35,36.581512
1963,30.0,35.26393
1964,42.07,40.121613
1965,57.39,51.77333
1966,84.3,63.324642
1967,60.52,81.95258
1968,45.04,70.68322
1969,42.99,59.588898
1970,40.0,60.782394
1971,40.01,59.028446
1972,42.16,54.455524
1973,45.0,57.289566
1974,70.22,61.465088
1975,69.96,79.055855
1976,68.84,75.93937
1977,62.79,70.589226
1978,53.69,62.673336
1979,36.69,55.206383
1980,33.62,42.076992
1981,30.97,39.431732
1982,25.77,35.305813
1983,23.53,32.98723
1984,20.83,25.004463
1985,20.01,23.489525
1986,18.85,22.396675
1987,20.15,21.42575
1988,20.98,23.429344
1989,24.7,28.52211
1990,31.38,36.78362
1991,32.21,41.100388
1992,32.13,39.514156
1993,31.97,38.63513
1994,32.69,39.01156
1995,32.21,40.152954
1996,30.76,40.8801
1997,30.9,41.44672
1998,30.65,46.483612
1999,33.02,47.310608
2000,35.87,48.78909
2001,34.12,48.54246
2002,30.76,45.181213
2003,30.02,37.994045
2004,28.13,32.756397
2005,25.34,30.117805
2006,19.35,26.169594
2007,20.84,21.246376
2008,19.97,10.039329
2009,18.07,9.433608
2010,18.12,8.229499
2011,18.07,9.57096
2012,20.15,11.491775
2013,22.02,15.27069
2014,25.29,22.47126
2015,28.81,23.080513
2016,35.73,26.945862
2017,39.21,32.186676
2018,39.64,35.677807
2019,36.38,36.797188
2020,33.25,35.212234
2021,42.04,34.379063
2022,56.25,45.511753
2023,69.99,58.194836
2024,79.92,68.9192
2025,79.99,74.54338
2026,71.09,73.5244
2027,62.01,64.83694
2028,55.14,58.37442
2029,50.1,52.778168
2030,43.23,48.049065
2031,44.87,43.247364
2032,40.69,34.258945
2033,40.84,33.931427
2034,39.96,34.560715
2035,38.14,35.035736
2036,39.27,34.922977
2037,40.01,36.270412
2038,44.07,38.667202
2039,60.0,42.107174
2040,73.17,54.105446
2041,85.1,64.28279
2042,85.1,69.553856
2043,85.1,68.83015
2044,91.56,68.01783
2045,110.01,73.04956
2046,117.51,87.19193
2047,108.49,92.812805
2048,98.95,88.631744
2049,97.62,83.53088
2050,59.99,82.218666
2051,40.99,58.634884
2052,53.83,43.327396
2053,55.49,52.111107
2054,40.01,51.7406
2055,38.37,40.92741
2056,28.46,55.57867
2057,26.66,48.14155
2058,24.48,41.08677
2059,24.01,36.290726
2060,21.23,36.087555
2061,22.62,32.909824
2062,25.04,35.250027
2063,26.24,37.2286
2064,32.21,38.958866
2065,41.34,43.44902
2066,43.51,48.020187
2067,58.64,48.41473
2068,61.14,57.314846
2069,60.34,63.374985
2070,77.56,66.23203
2071,68.4,80.0186
2072,74.16,77.06453
2073,65.01,77.97822
2074,55.91,67.16625
2075,48.15,54.36091
2076,64.94,48.50175
2077,45.2,58.745197
2078,38.0,42.771957
2079,38.0,32.950233
2080,33.56,42.25557
2081,32.03,38.07725
2082,53.5,33.79974
2083,76.48,51.262836
2084,180.05,67.06701
2085,110.09,128.45518
2086,483.08,93.638596
2087,250.03,267.7812
2088,120.0,192.81264
2089,110.02,92.05882
2090,98.1,91.57292
2091,128.1,86.72829
2092,100.1,106.2253
2093,100.09,111.67111
2094,97.14,119.07337
2095,99.25,117.76431
2096,94.89,114.89116
2097,91.7,113.429565
2098,88.52,97.85562
2099,100.06,82.209404
2100,100.02,84.026024
2101,40.99,80.8738
2102,38.35,47.37846
2103,49.08,44.695255
2104,49.06,48.209034
2105,49.05,47.239754
2106,49.05,48.81816
2107,49.07,50.612316
2108,86.7,62.671154
2109,95.05,77.16846
2110,131.51,120.86786
2111,132.95,119.551765
2112,128.81,118.79826
2113,98.93,113.96798
2114,129.91,99.35015
2115,118.79,117.03705
2116,97.05,117.08117
2117,96.19,104.12723
2118,119.02,101.573364
2119,129.91,113.3993
2120,147.62,121.41734
2121,118.8,127.50188
2122,95.1,114.42547
2123,85.82,95.58846
2124,76.38,86.13331
2125,65.0,69.449905
2126,58.12,59.6104
2127,129.25,55.681576
2128,106.34,96.27325
2129,94.42,96.44738
2130,97.79,92.31362
2131,121.44,95.11418
2132,180.21,127.214035
2133,148.11,148.30814
2134,379.25,173.23003
2135,299.99,273.44858
2136,300.0,231.47717
2137,300.07,211.3554
2138,300.0,224.52048
2139,299.99,233.12901
2140,296.18,254.10387
2141,299.99,257.1641
2142,362.14,261.7614
2143,300.0,287.181
2144,299.99,257.55963
2145,249.96,240.0808
2146,203.72,198.45267
2147,149.99,172.00328
2148,150.0,144.21397
2149,143.09,131.68367
2150,111.11,127.48679
2151,169.99,119.83179
2152,150.07,145.10881
2153,150.06,146.1001
2154,150.07,139.52003
2155,150.09,136.65964
2156,350.0,146.97652
2157,999.94,236.17204
2158,1478.91,605.63055
2159,1251.67,858.8493
2160,1000.0,734.4107
2161,999.98,595.71625
2162,800.0,623.7838
2163,999.91,641.65796
2164,899.06,760.4515
2165,999.97,734.4162
2166,1000.0,744.4643
2167,800.0,762.1185
2168,710.08,630.4237
2169,800.0,542.36816
2170,550.06,549.27747
2171,640.03,433.17908
2172,550.0,446.7507
2173,300.01,433.26474
2174,200.0,303.1978
2175,111.19,245.40479
2176,113.98,202.66103
2177,82.03,192.70082
2178,113.51,172.43416
2179,141.69,187.8339
2180,156.85,211.48856
2181,132.92,219.03545
2182,147.75,290.71655
2183,181.87,256.7956
2184,184.0,239.1193
2185,176.37,229.69409
2186,176.81,200.45476
2187,178.09,218.07068
2188,161.34,202.51999
2189,184.0,201.15913
2190,200.0,213.59898
2191,299.99,181.9649
2192,244.45,229.56972
2193,200.0,208.77586
2194,179.78,162.46095
2195,164.51,138.7135
2196,176.17,130.19775
2197,159.15,127.18702
2198,120.76,113.26344
2199,169.5,102.32364
2200,128.69,118.524895
2201,104.0,103.837074
2202,93.2,84.72443
2203,93.19,78.8741
2204,93.19,107.629105
2205,84.99,160.30544
2206,96.89,202.58255
2207,93.2,199.97333
2208,118.35,184.495
2209,97.53,195.77827
2210,93.19,169.86842
2211,91.5,188.01216
2212,87.52,176.63596
2213,87.23,189.28363
2214,93.2,197.5786
2215,96.21,188.33719
2216,104.27,179.25258
2217,106.09,193.00215
2218,103.56,158.91139
2219,100.5,167.8024
2220,93.31,156.00114
2221,91.17,125.60575
2222,83.86,112.00735
2223,87.02,108.53732
2224,84.32,113.850464
2225,81.82,106.650795
2226,79.11,108.135864
2227,78.48,111.15576
2228,82.1,118.0058
2229,94.3,112.640686
2230,111.22,146.40761
2231,121.11,149.27122
2232,120.73,155.92038
2233,113.9,154.53844
2234,139.05,151.89001
2235,161.05,168.27594
2236,137.91,180.28732
2237,167.2,171.87823
2238,162.52,197.70079
2239,129.93,205.88312
2240,132.31,186.26788
2241,130.01,179.22989
2242,122.12,173.0774
2243,114.21,160.42148
2244,102.83,158.58388
2245,99.98,149.81177
2246,91.49,139.26181
2247,87.82,147.43036
2248,86.69,136.24768
2249,85.0,132.52945
2250,84.13,129.97142
2251,85.41,128.41988
2252,90.12,161.17442
2253,108.51,227.3716
2254,123.22,304.82074
2255,133.25,280.9693
2256,120.89,250.21307
2257,112.78,241.65993
2258,105.4,215.29463
2259,100.0,236.848
2260,100.6,219.49934
2261,112.36,229.6091
2262,121.09,236.10739
2263,130.99,220.35054
2264,137.95,215.98706
2265,137.72,228.96844
2266,130.33,202.87605
2267,117.36,208.07533
2268,109.0,191.41252
2269,103.63,151.65923
2270,94.76,136.47768
2271,87.15,122.306046
2272,84.67,119.8805
2273,84.64,116.31588
2274,84.02,117.99079
2275,84.23,120.36805
2276,89.05,125.02372
2277,114.84,126.67028
2278,134.87,144.14615
2279,143.0,157.95142
2280,130.39,160.07079
2281,121.47,149.99478
2282,109.13,151.33684
2283,102.21,149.76097
2284,113.34,140.67334
2285,122.03,154.76938
2286,130.06,164.35558
2287,134.64,176.35075
2288,143.79,174.49919
2289,136.64,173.08176
2290,128.98,164.79799
2291,117.12,156.3605
2292,107.12,148.57823
2293,83.1,139.1625
2294,30.07,118.35554
2295,83.1,98.68763
2296,74.1,119.446266
2297,24.39,113.94006
2298,40.0,82.79074
2299,68.47,91.00577
2300,34.36,110.53875
2301,99.62,90.92464
2302,114.06,137.49756
2303,137.62,140.99792
2304,126.06,150.7012
2305,110.92,143.54262
2306,103.92,134.68076
2307,97.0,135.8787
2308,99.0,133.57921
2309,105.98,137.3807
2310,124.1,147.51944
2311,141.86,156.25618
2312,155.0,166.90599
2313,200.0,170.7256
2314,145.44,189.26007
2315,123.51,158.24312
2316,108.2,142.67822
2317,100.0,133.21486
2318,96.97,122.961105
2319,90.94,128.02873
2320,88.13,126.33035
2321,86.3,122.43755
2322,86.85,122.99447
2323,92.24,124.60826
2324,103.41,137.6307
2325,124.5,193.90907
2326,137.15,239.9918
2327,140.74,229.2832
2328,134.96,206.99306
2329,150.03,198.68481
2330,136.48,195.99312
2331,124.57,204.36784
2332,124.32,184.96066
2333,150.51,198.83818
2334,203.0,217.07997
2335,299.02,229.49861
2336,200.01,269.38162
2337,155.0,227.05865
2338,122.84,149.87502
2339,108.87,153.25838
2340,98.66,140.03226
2341,93.57,112.86871
2342,85.15,100.78829
2343,75.64,98.038124
2344,74.85,86.86151
2345,73.65,75.36029
2346,71.37,78.95029
2347,72.24,79.29853
2348,74.33,63.58094
2349,79.34,75.82892
2350,79.49,81.58228
2351,99.23,86.47013
2352,97.57,96.36102
2353,90.88,97.12456
2354,74.18,88.11116
2355,70.66,75.35798
2356,67.51,72.859856
2357,75.51,77.384224
2358,80.18,90.18025
2359,80.19,110.60635
2360,79.09,102.033646
2361,79.09,103.326775
2362,73.82,88.636734
2363,73.06,77.277
2364,80.19,71.960754
2365,67.35,73.378426
2366,61.65,64.298454
2367,64.02,57.55018
2368,62.11,61.057865
2369,62.93,58.784565
2370,64.88,57.54171
2371,65.38,60.47343
2372,65.2,63.086624
2373,67.62,65.49036
2374,72.01,70.17699
2375,76.79,77.596466
2376,81.38,80.15026
2377,81.33,85.42566
2378,82.79,81.96816
2379,81.07,80.940216
2380,77.04,79.99693
2381,79.15,82.21263
2382,82.32,92.57347
2383,86.62,105.73583
2384,91.86,100.57195
2385,94.64,95.216324
2386,85.26,91.73776
2387,79.06,82.55663
2388,78.41,74.04637
2389,74.67,68.587746
2390,66.89,59.009747
2391,69.65,55.262104
2392,66.05,75.67876
2393,64.31,70.245094
2394,62.04,68.62715
2395,63.57,68.93108
2396,70.57,67.649826
2397,85.79,81.1951
2398,113.52,92.94675
2399,111.04,118.462616
2400,128.06,113.4713
2401,101.89,118.39265
2402,129.02,99.25885
2403,129.08,116.81288
2404,129.08,122.5306
2405,123.78,121.152245
2406,108.28,119.04602
2407,110.02,108.9445
2408,109.08,109.59188
2409,115.57,116.58482
2410,110.66,109.737656
2411,103.15,104.95667
2412,92.95,97.018036
2413,89.49,87.63899
2414,86.43,81.166016
2415,82.19,78.06576
2416,81.4,89.848335
2417,80.07,88.4063
2418,78.26,87.95693
2419,77.59,87.20692
2420,83.45,87.61727
2421,123.0,94.91327
2422,193.42,127.42878
2423,275.59,173.28511
2424,270.56,207.27023
2425,249.93,203.07613
2426,200.55,187.31296
2427,170.04,163.80133
2428,141.97,155.33429
2429,143.58,140.80754
2430,156.16,135.07779
2431,170.08,152.19887
2432,170.81,167.08472
2433,164.52,168.45995
2434,145.42,160.3576
2435,151.51,142.28606
2436,131.44,139.45464
2437,121.14,120.41538
2438,102.43,104.79652
2439,95.63,90.84233
2440,84.26,94.82244
2441,82.1,87.7587
2442,82.09,85.00953
2443,90.06,85.55441
2444,134.58,92.74101
2445,150.0,127.24257
2446,147.72,150.3758
2447,122.02,154.75743
2448,105.59,141.88867
2449,110.33,128.04468
2450,111.1,128.71864
2451,116.49,125.62552
2452,119.9,126.864525
2453,117.97,131.51328
2454,121.82,129.9351
2455,125.24,131.81737
2456,136.44,130.58264
2457,120.62,135.97482
2458,110.96,122.80972
2459,106.61,113.35091
2460,97.51,107.87413
2461,91.36,96.69577
2462,81.56,84.75661
2463,60.09,80.14942
2464,64.09,75.96951
2465,72.96,70.94845
2466,72.58,75.95031
2467,75.17,80.013756
2468,79.05,81.081
2469,91.44,94.877754
2470,119.0,114.37613
2471,125.89,140.48282
2472,122.17,140.87564
2473,125.02,133.21547
2474,125.01,131.6427
2475,125.0,131.09953
2476,125.01,131.30232
2477,125.02,132.36662
2478,119.02,133.50331
2479,119.0,129.30923
2480,104.68,127.86492
2481,103.26,111.89625
2482,94.53,102.0798
2483,86.97,98.34485
2484,81.13,88.65433
2485,77.43,81.619865
2486,71.33,74.19669
2487,68.4,66.43996
2488,65.34,76.11979
2489,64.05,73.61102
2490,62.76,70.80568
2491,63.32,69.76142
2492,65.85,76.899445
2493,75.74,82.15931
2494,99.89,90.4712
2495,104.27,104.77924
2496,103.3,106.795944
2497,95.85,103.31055
2498,86.56,101.49302
2499,78.72,96.09769
2500,75.15,90.80793
2501,76.91,86.93761
2502,90.58,88.3353
2503,104.6,104.07883
2504,114.77,110.11706
2505,108.49,112.76719
2506,106.05,105.5264
2507,91.77,99.82449
2508,79.98,87.75496
2509,74.97,75.2754
2510,66.69,68.4881
2511,67.62,58.64246
2512,65.01,61.89632
2513,65.1,62.228165
2514,63.34,62.049526
2515,63.37,61.201183
2516,68.91,62.152863
2517,74.29,72.050095
2518,83.49,87.93965
2519,95.87,101.4014
2520,99.71,109.26541
2521,99.86,110.625336
2522,95.87,105.775375
2523,95.88,99.779625
2524,95.81,97.972336
2525,91.0,98.84519
2526,95.88,96.312065
2527,102.01,100.762794
2528,97.4,104.22795
2529,101.11,99.248695
2530,95.0,95.30214
2531,95.97,90.40087
2532,77.2,84.996704
2533,75.11,70.71085
2534,69.13,62.086193
2535,71.73,57.46648
2536,58.3,64.83635
2537,55.15,55.36608
2538,50.89,51.30937
2539,59.33,48.29928
2540,76.09,61.435703
2541,78.44,78.01812
2542,64.13,84.96899
2543,65.21,70.54632
2544,56.8,68.19656
2545,50.45,62.92355
2546,50.78,54.5105
2547,43.99,53.39341
2548,42.52,50.128437
2549,53.4,47.24995
2550,73.0,57.930027
2551,77.59,75.382416
2552,74.36,82.68223
2553,78.13,76.255356
2554,74.79,76.39217
2555,61.15,72.48365
2556,45.04,56.345585
2557,40.01,40.71318
2558,29.03,32.843174
2559,33.02,24.978577
2560,32.56,35.26552
2561,32.1,38.113403
2562,32.05,38.986103
2563,33.06,39.82389
2564,49.16,42.76148
2565,78.43,56.671326
2566,80.52,84.05321
2567,82.52,86.8272
2568,82.64,82.20151
2569,82.44,82.629265
2570,77.18,82.247665
2571,79.75,79.91635
2572,81.51,81.69367
2573,81.94,84.335175
2574,83.68,84.233604
2575,87.53,85.34196
2576,85.91,86.40854
2577,86.54,85.141815
2578,77.6,82.17607
2579,79.4,75.17334
2580,28.84,71.71279
2581,26.07,37.349266
2582,23.03,27.258842
2583,15.84,33.8674
2584,9.86,23.964493
2585,9.14,17.49607
2586,4.17,23.159958
2587,10.22,19.896095
2588,21.63,25.912933
2589,59.07,39.641407
2590,74.01,71.314354
2591,84.93,83.65288
2592,81.65,81.75705
2593,74.03,75.49636
2594,69.35,65.89356
2595,61.06,59.455795
2596,64.84,53.836544
2597,59.1,57.690895
2598,67.08,60.161037
2599,91.89,67.710526
2600,68.46,87.96641
2601,66.78,71.98654
2602,63.34,63.58675
2603,60.46,61.044544
2604,52.45,49.01948
2605,40.82,37.45939
2606,33.26,28.104935
2607,42.02,23.373207
2608,39.76,34.080044
2609,50.01,33.567238
2610,48.92,41.356995
2611,55.6,45.962936
2612,80.05,55.496544
2613,92.38,82.91792
2614,94.27,96.55909
2615,92.23,95.58019
2616,94.26,93.10967
2617,93.04,94.78625
2618,92.73,94.24728
2619,94.24,95.16448
2620,92.11,97.1606
2621,81.39,95.060234
2622,88.74,85.21022
2623,92.47,91.81904
2624,91.71,92.03252
2625,86.93,88.62535
2626,79.84,81.532715
2627,73.08,78.173935
2628,66.5,57.324818
2629,44.84,51.188683
2630,38.53,35.992462
2631,43.84,28.589691
2632,43.97,40.004143
2633,42.76,42.087715
2634,43.85,39.379395
2635,45.11,43.887207
2636,51.01,49.289425
2637,74.34,58.307438
2638,75.28,77.442345
2639,90.01,79.96584
2640,86.82,87.95244
2641,83.69,85.13858
2642,78.66,83.42718
2643,85.45,79.34187
2644,82.78,84.50199
2645,85.66,81.191154
2646,92.07,85.506836
2647,101.38,95.36689
2648,122.35,96.6272
2649,114.3,107.10281
2650,98.79,101.20894
2651,91.07,83.28512
2652,88.11,73.53776
2653,80.02,66.447655
2654,75.16,56.51776
2655,79.99,54.40537
2656,79.29,76.04294
2657,79.04,79.0044
2658,79.98,78.84352
2659,94.37,81.534195
2660,115.94,95.517075
2661,134.66,119.25876
2662,145.88,133.70932
2663,141.51,139.50636
2664,135.84,135.45276
2665,129.87,128.78072
2666,123.6,126.371315
2667,120.93,123.59061
2668,127.08,119.666245
2669,128.11,122.612915
2670,134.63,127.19884
2671,132.29,131.38284
2672,126.88,130.59982
2673,114.65,121.784935
2674,98.61,107.62685
2675,40.0,93.59038
2676,81.79,49.95261
2677,60.87,65.734085
2678,52.04,59.665546
2679,56.58,47.224064
2680,55.53,50.450775
2681,56.44,52.051434
2682,55.15,47.59082
2683,55.76,48.119244
2684,111.74,49.784763
2685,61.37,102.96006
2686,132.84,73.705574
2687,87.49,119.20616
2688,71.05,98.18477
2689,115.99,74.85635
2690,115.97,102.04049
2691,149.52,114.9075
2692,100.2,125.36715
2693,118.31,101.212265
2694,139.08,108.47963
2695,299.03,129.21426
2696,299.01,219.38191
2697,97.44,222.27661
2698,98.53,91.84179
2699,85.72,73.05009
2700,133.03,85.04812
2701,75.97,98.27171
2702,72.7,71.56991
2703,80.4,71.1988
2704,60.82,81.61655
2705,59.4,68.4645
2706,59.46,61.2951
2707,60.76,60.298187
2708,63.34,65.52997
2709,59.93,62.290813
2710,79.53,73.73109
2711,80.71,77.25283
2712,141.33,73.89856
2713,99.57,118.55561
2714,81.88,98.244705
2715,79.97,90.07016
2716,79.96,80.42178
2717,88.68,84.01637
2718,106.23,90.127785
2719,116.73,119.06014
2720,117.17,125.22389
2721,117.22,110.4657
2722,113.89,106.58056
2723,109.66,93.40856
2724,100.52,93.99299
2725,82.4,86.12815
2726,49.3,74.68766
2727,49.97,53.59486
2728,47.26,53.119198
2729,48.12,49.47472
2730,47.97,49.475662
2731,51.58,50.238976
2732,60.06,64.40655
2733,84.0,68.35646
2734,101.66,102.20382
2735,100.58,108.14862
2736,88.39,100.84132
2737,78.9,96.38471
2738,71.27,82.71318
2739,70.24,82.13615
2740,74.12,72.12268
2741,81.48,78.5627
2742,99.16,89.01562
2743,111.94,123.87527
2744,127.33,136.05618
2745,116.1,119.94836
2746,107.52,109.40405
2747,92.3,98.02956
2748,86.51,94.0276
2749,83.37,77.00902
2750,78.36,69.90122
2751,71.94,69.11454
2752,68.78,75.041
2753,69.37,73.57554
2754,67.33,73.77658
2755,67.03,72.77314
2756,88.01,73.99304
2757,98.31,94.77319
2758,116.21,109.01975
2759,135.21,117.25428
2760,97.02,138.20813
2761,88.07,102.7432
2762,98.41,87.27671
2763,100.0,97.18046
2764,100.02,99.84302
2765,100.03,98.703156
2766,102.21,108.79696
2767,114.68,114.90807
2768,114.57,120.81427
2769,102.89,119.23529
2770,98.72,105.6613
2771,100.66,94.71887
2772,79.65,95.806984
2773,69.85,75.113396
2774,71.75,59.58417
2775,69.45,61.01451
2776,68.02,71.02605
2777,70.89,68.35316
2778,69.82,70.696846
2779,68.35,71.59826
2780,72.38,76.400635
2781,81.54,78.920525
2782,106.99,96.354935
2783,112.9,110.63562
2784,116.92,108.4417
2785,82.98,110.796135
2786,77.09,88.20014
2787,74.91,84.04059
2788,78.29,78.44997
2789,85.22,83.09842
2790,98.51,91.891205
2791,101.55,123.56222
2792,104.39,128.66576
2793,100.81,105.20515
2794,103.26,99.131645
2795,87.52,94.97042
2796,29.38,86.18974
2797,12.92,38.2922
2798,-2.02,23.148712
2799,26.94,19.630058
2800,32.53,33.73547
2801,26.71,42.04627
2802,38.22,40.68689
2803,27.71,46.927017
2804,20.1,43.749443
2805,72.59,34.011272
2806,76.75,76.3259
2807,80.13,84.231476
2808,80.22,79.56653
2809,79.61,72.699974
2810,77.51,73.16191
2811,67.99,75.38364
2812,63.96,70.327255
2813,71.89,68.69256
2814,75.1,77.59355
2815,78.82,84.24763
2816,78.18,86.893036
2817,79.48,81.80198
2818,78.62,81.71378
2819,77.49,79.964226
2820,50.51,70.9435
2821,15.07,45.295048
2822,10.03,13.448066
2823,56.85,14.065497
2824,58.62,46.94473
2825,58.0,55.28006
2826,54.69,56.53659
2827,54.79,57.389584
2828,53.18,59.862305
2829,79.26,65.93296
2830,88.47,89.44053
2831,92.68,98.15561
2832,89.84,94.83688
2833,81.48,89.813896
2834,78.16,85.907684
2835,78.7,81.9118
2836,78.74,82.46771
2837,80.81,84.37686
2838,83.82,88.45624
2839,83.99,93.34069
2840,83.77,95.49296
2841,79.21,91.2203
2842,76.73,87.540535
2843,73.16,82.00255
2844,30.16,66.3543
2845,11.93,31.751019
2846,14.44,11.884185
2847,40.27,23.874756
2848,42.75,35.316963
2849,37.57,39.57337
2850,26.68,38.56566
2851,31.28,28.887627
2852,10.29,30.659595
2853,35.38,24.927551
2854,56.28,44.324028
2855,57.99,65.086586
2856,53.66,59.91925
2857,44.42,56.397923
2858,37.95,53.53297
2859,36.17,43.9958
2860,35.68,39.522804
2861,42.44,40.211216
2862,50.09,47.513218
2863,62.44,64.66025
2864,72.24,74.97304
2865,76.96,70.83969
2866,48.36,73.30341
2867,71.11,50.298927
2868,19.98,52.796223
2869,12.09,12.521056
2870,12.08,-2.4887629
2871,20.07,10.742339
2872,17.09,18.429642
2873,16.2,14.3898535
2874,11.68,15.930419
2875,12.91,12.728751
2876,17.45,8.817435
2877,13.93,18.74437
2878,18.22,24.054337
2879,24.93,27.648575
2880,24.51,33.219048
2881,20.09,26.43869
2882,19.2,20.875725
2883,16.84,20.078438
2884,9.62,18.94931
2885,22.84,14.731193
2886,49.06,26.135681
2887,59.79,50.134483
2888,64.4,61.763
2889,64.4,63.48392
2890,63.59,60.920837
2891,60.99,60.51254
2892,54.98,44.924698
2893,40.99,38.054043
2894,23.1,24.956131
2895,16.17,16.701508
2896,16.33,14.226729
2897,9.67,15.613662
2898,4.99,11.444312
2899,7.01,8.786284
2900,45.38,9.45494
2901,78.53,46.799175
2902,85.07,76.10198
2903,85.07,77.141426
2904,78.73,71.96436
2905,85.01,65.48536
2906,43.79,71.20999
2907,48.02,40.38537
2908,48.54,39.00141
2909,78.77,45.018326
2910,87.76,72.24629
2911,90.07,84.2558
2912,98.2,92.06427
2913,98.5,99.70405
2914,94.88,96.052086
2915,87.97,94.46073
2916,81.19,81.12714
2917,79.18,71.62329
2918,67.63,67.03529
2919,53.8,60.483513
2920,53.17,60.91017
2921,53.2,59.882534
2922,53.21,59.679157
2923,69.63,60.188923
2924,249.91,78.449814
2925,120.0,177.239
2926,192.01,127.11174
2927,126.46,134.57297
2928,146.5,119.89304
2929,100.02,115.10612
2930,100.02,93.47169
2931,100.01,94.60178
2932,100.0,95.56067
2933,100.05,108.70166
2934,119.99,111.80102
2935,200.0,130.46922
2936,249.93,174.99352
2937,130.8,193.87582
2938,85.1,126.90252
2939,78.46,83.32406
2940,120.0,79.71455
2941,119.99,91.64254
2942,55.06,92.29566
2943,54.91,70.35143
2944,52.37,70.59732
2945,50.65,67.96171
2946,50.65,62.55156
2947,56.03,61.32708
2948,89.0,85.16544
2949,77.74,100.528694
2950,98.87,101.67758
2951,108.13,106.65257
2952,96.6,118.620636
2953,81.17,101.24107
2954,106.02,81.95623
2955,75.82,95.5434
2956,89.37,81.12955
2957,126.39,88.76145
2958,150.82,114.678444
2959,97.3,138.83118
2960,120.05,121.34167
2961,136.22,115.001724
2962,109.7,126.33382
2963,99.91,107.62316
2964,98.52,97.60908
2965,95.55,96.66427
2966,95.12,85.29125
2967,102.36,83.66674
2968,88.98,102.30457
2969,79.99,94.699745
2970,72.17,84.56194
2971,89.52,80.82138
2972,133.51,107.9833
2973,134.72,126.88324
2974,131.61,142.6196
2975,133.76,130.66324
2976,113.55,135.27716
2977,97.79,116.702576
2978,91.87,110.703804
2979,89.38,99.60917
2980,90.98,100.766785
2981,111.54,107.85013
2982,110.42,126.180275
2983,123.38,131.99245
2984,132.81,145.83986
2985,127.7,137.83897
2986,127.93,122.31516
2987,120.39,118.548134
2988,112.67,120.98111
2989,101.59,112.58107
2990,88.25,94.58969
2991,80.97,84.85485
2992,79.48,94.065025
2993,79.48,89.31447
2994,81.1,88.0843
2995,120.97,92.969894
2996,166.92,126.67104
2997,194.64,151.93239
2998,249.94,167.72636
2999,248.42,195.16441
3000,199.99,193.95009
3001,86.88,162.32018
3002,88.64,102.18305
3003,102.98,91.775536
3004,114.96,98.53279
3005,140.76,116.06727
3006,200.0,142.30342
3007,155.0,174.52953
3008,168.0,157.44049
3009,170.0,155.01443
3010,95.06,157.644
3011,97.58,102.790855
3012,79.25,92.50567
3013,112.88,88.43105
3014,96.17,96.79153
3015,91.24,92.30638
3016,64.08,99.49602
3017,64.4,80.346115
3018,64.39,69.64145
3019,64.41,79.17787
3020,69.07,93.74429
3021,70.91,94.88978
3022,90.3,100.28007
3023,107.73,110.187584
3024,110.0,116.89925
3025,103.05,101.47395
3026,86.82,95.47211
3027,92.6,87.05802
3028,92.73,92.78785
3029,99.07,100.35322
3030,77.17,105.712296
3031,119.09,94.75118
3032,154.99,120.08833
3033,121.28,145.21645
3034,83.32,113.97412
3035,74.4,89.350464
3036,122.02,79.96911
3037,92.38,102.980255
3038,70.0,87.1655
3039,74.72,71.59237
3040,74.48,71.38908
3041,64.75,70.61708
3042,62.02,65.27619
3043,55.99,64.22772
3044,46.25,63.616203
3045,49.19,58.038544
3046,72.49,68.15072
3047,59.82,88.07477
3048,89.06,78.93554
3049,89.1,80.021065
3050,71.9,86.04687
3051,68.34,74.19569
3052,73.81,73.08837
3053,79.92,84.75126
3054,69.8,92.86378
3055,69.31,85.38427
3056,77.55,90.40034
3057,81.31,96.348595
3058,80.15,83.31708
3059,76.75,81.42005
3060,70.72,75.81446
3061,68.39,75.11946
3062,64.01,69.33865
3063,65.0,66.06033
3064,59.94,70.66714
3065,58.79,64.754944
3066,57.77,60.899517
3067,59.21,61.25775
3068,65.0,70.18735
3069,95.07,78.28161
3070,90.09,105.15901
3071,104.0,105.32719
3072,96.5,106.76994
3073,96.46,100.70079
3074,80.04,94.2024
3075,79.89,83.70246
3076,99.75,82.41363
3077,92.51,102.73619
3078,100.15,95.90956
3079,118.97,103.943565
3080,94.8,123.48751
3081,99.85,105.77422
3082,102.21,97.7072
3083,79.15,100.751236
3084,71.54,87.485855
3085,65.87,70.80501
3086,61.9,65.97185
3087,68.59,62.269005
3088,65.37,76.81911
3089,63.41,77.3572
3090,60.49,74.92386
3091,60.06,76.72112
3092,72.59,85.28011
3093,72.15,95.52184
3094,144.32,107.35328
3095,250.0,145.498
3096,153.7,202.7033
3097,124.92,128.64166
3098,63.87,90.01108
3099,155.81,63.51939
3100,133.96,121.81189
3101,86.86,115.707
3102,70.7,98.749306
3103,112.89,88.42863
3104,116.7,136.77274
3105,115.92,124.41991
3106,115.88,113.74575
3107,115.32,110.03035
3108,111.19,102.637314
3109,92.29,103.47427
3110,73.96,84.738365
3111,77.4,66.13479
3112,67.86,74.50033
3113,71.39,67.84866
3114,71.39,69.72083
3115,57.49,71.3694
3116,82.27,64.88229
3117,116.21,82.04348
3118,114.52,115.4647
3119,126.06,123.91062
3120,126.03,123.229454
3121,77.4,121.923515
3122,63.29,79.13404
3123,125.05,78.72428
3124,77.39,117.47789
3125,119.63,91.66767
3126,78.65,106.73763
3127,104.63,100.59337
3128,112.56,112.22583
3129,110.39,119.39703
3130,105.45,111.62644
3131,97.12,96.64238
3132,84.92,98.5816
3133,68.2,81.71139
3134,63.8,67.28941
3135,62.44,60.54557
3136,61.56,67.39696
3137,60.55,65.946846
3138,59.59,65.00195
3139,61.49,64.09278
3140,70.0,70.94551
3141,93.26,77.32477
3142,99.0,106.5937
3143,99.05,124.08947
3144,99.02,110.56831
3145,77.09,101.54795
3146,75.17,74.96456
3147,97.63,92.6811
3148,87.18,102.11712
3149,77.1,91.15611
3150,83.86,74.14032
3151,109.11,88.72024
3152,110.74,110.01082
3153,110.62,108.23982
3154,110.07,104.55447
3155,100.97,104.57053
3156,97.82,96.28912
3157,79.87,90.1977
3158,70.51,71.8503
3159,51.76,61.501698
3160,51.08,59.038147
3161,49.92,58.055595
3162,48.74,57.106403
3163,51.0,55.96896
3164,53.2,64.34694
3165,90.16,78.70166
3166,87.48,102.95779
3167,70.5,104.08088
3168,64.8,80.881935
3169,54.31,67.256325
3170,52.89,56.47569
3171,52.37,67.7159
3172,52.31,60.15132
3173,53.77,65.78804
3174,62.67,64.81338
3175,69.5,78.10323
3176,86.28,81.495094
3177,76.48,93.57892
3178,64.02,85.10643
3179,26.36,67.42588
3180,25.51,38.619743
3181,24.43,29.917648
3182,19.56,28.288994
