actual,predicted
0.0,8.790155629024472
-0.01,-1.2495168713676683
5.95,-5.87811591290734
0.22,13.597809578552141
1.0,5.263026643619855
6.4,8.86232187736333
0.0,35.27540413837127
9.79,27.524325858430547
85.02,46.006354232650324
85.0,106.06046371041583
8.11,87.5012716044324
-0.01,17.625835091286348
0.0,-1.49921609570805
-0.01,-1.9149922566273927
-1.68,-0.13606972724963748
-1.99,-3.380589648417914
-2.04,-8.354940911984883
-2.07,-7.442910358915348
-2.05,-2.708477994989582
-1.8,-3.4833191824038425
-1.1,0.8250310162055932
-0.02,-3.3394728619311596
0.51,-2.2911184837624132
1.31,3.655370299687756
1.36,7.122553619690279
1.3,8.069690436978458
1.32,8.133989951282372
1.35,7.6364062450355785
1.64,8.757874837145382
2.5,10.977165799669464
3.33,18.281428579515065
70.03,34.159156165461525
80.06,89.55988954423323
80.05,96.55835938760599
70.08,73.44423212378621
33.08,46.38477291651271
6.05,19.0711264878966
4.99,16.682088205958213
4.73,18.88791663663769
3.76,20.901067548547843
3.9,9.974304872365373
6.08,8.816210937945783
40.01,32.09343192621273
79.05,60.213402179214384
132.39,92.58880079193304
169.15,134.92720781274772
169.07,158.4927526569286
143.34,133.56841518008832
118.07,117.26208158161666
105.36,98.20512385955415
105.02,93.93572749440222
105.03,93.01201473077573
105.04,95.70724373627233
107.28,107.38183373250207
110.31,117.58059146460366
129.32,124.96506343596486
189.22,158.78794235664662
221.7,192.29349919314765
180.07,147.01653138351742
129.57,113.84112825004156
120.0,83.72710142252942
92.48,66.7577345678429
104.0,66.55480150371186
100.6,77.79937429479712
99.9,87.2710288068548
99.52,94.33613726411215
98.27,100.95847816002588
112.46,103.17063786275872
150.6,141.73333939345477
201.92,197.657704671429
198.63,186.3654813347486
141.92,169.68981674622665
117.08,109.1346119659652
108.36,102.74295329709324
100.33,99.94670633652511
96.36,97.2215508347292
102.3,96.18570253409011
127.65,106.85855388738834
142.5,146.54792936252562
160.9,156.77749485137238
176.95,177.4117562668173
184.89,200.54470162922578
169.28,167.2299137763784
70.07,128.34379279904672
98.83,65.54544748950262
25.03,74.56420183485494
88.58,36.28924115165052
46.87,71.98342952515581
34.04,52.05759708782999
33.8,42.24762759765508
53.15,53.55463369762995
62.71,75.09165835081308
99.91,90.67086631933279
109.69,115.79952920039027
119.65,124.7032536501067
99.7,112.58162984967983
54.83,93.12238371257271
48.19,47.20677798697601
47.42,42.3569812812418
42.16,46.74076802736919
47.09,44.7793809459178
48.23,51.9510224931231
90.01,65.42803381371681
90.1,109.39679326268372
105.14,113.01256908974672
90.75,127.63739392387095
90.01,98.06252791021465
40.0,70.0785202276169
13.97,30.510947930411405
25.01,12.816533510348663
9.3,34.547771201937394
7.59,13.039482024945906
5.68,12.945863143935835
7.01,14.25929212186309
24.08,21.69418456855668
40.01,52.13619341058365
33.05,70.64112426182865
133.88,57.760398501653185
120.09,120.09333126877189
33.03,104.93427734641011
90.06,34.005009561413644
7.9,71.06100999771373
7.63,15.189717751376252
52.79,13.010797499862107
9.65,58.24621681771944
6.12,25.795065454559087
89.01,33.230890674479504
90.04,110.94118877569605
120.06,117.2449183458748
90.06,151.25702357646094
89.04,104.5244013535169
20.69,56.129007584060744
15.06,14.963957314781169
30.01,14.042685229226864
123.99,34.03536663241727
60.1,86.2466810253468
107.14,54.10378531057334
101.4,89.18257702880656
60.09,95.62144761246239
109.36,57.02845113557573
147.93,118.3987981169605
170.43,156.31371930529116
148.06,150.2340174171627
132.05,108.85497930357148
100.34,98.64822027923505
75.14,90.28434521938699
61.92,70.21111471295923
54.65,60.85232625513959
75.16,61.12870813895877
100.82,84.1164007500668
101.88,118.33046284059057
106.0,124.03482559993822
280.21,138.37086293922695
109.21,216.75466876307294
97.08,107.67385574347203
39.05,58.19904999704123
15.07,32.27056225600964
15.07,23.711087498571157
10.46,49.17753797883089
9.14,19.912873149975113
9.01,25.54343473705123
9.16,25.578839735350716
5.45,23.599337995844998
0.0,30.80138210644906
1.77,29.935386825999963
10.56,27.285237840016467
3.34,34.27940393899855
38.27,20.54989089813626
27.49,44.612999660776715
15.69,30.850271640481697
14.87,14.864780607731591
6.81,13.5635024984311
15.95,9.51249863783193
15.49,35.688553292044645
0.06,45.25823173519918
55.18,34.359687763999
97.0,88.2054701748317
82.61,106.13078482754938
64.18,80.35579397611372
5.08,38.15571531515356
5.09,9.61678634479967
7.15,8.057873578215032
-4.37,14.323531566043515
-4.4,-2.2284433096844958
-4.43,-4.870266509622088
-4.35,-6.709207203304994
-4.33,-5.427907918812957
-3.97,-3.474339489940942
-0.84,-1.0100061297433434
-3.01,-2.2686700481048785
-2.61,-3.9653498162240735
-3.03,-7.263377032579949
-3.01,-9.123267102320034
-3.04,-8.29826129270578
-3.07,-8.534361036479273
-3.06,-9.764729427938015
-2.61,-7.392380941520265
-2.1,-5.60131641873713
-0.59,3.219989368185012
39.43,16.388990536112825
134.41,70.87650830678189
127.16,129.86297282806532
130.02,122.43768078793478
91.49,99.02447828610529
72.55,61.00767058272966
44.85,45.8555462926452
64.69,24.845862281826772
55.95,54.50381423631264
57.31,49.67900060333511
46.48,58.16232088469
69.42,46.1433512777442
97.65,80.43248276860918
139.56,113.86644957425764
159.37,160.5581595311039
162.35,165.03067186950133
143.5,129.51851346217742
117.0,107.55517561222506
105.44,95.52378020598856
103.47,94.13996171520252
94.79,94.60453965794785
109.49,90.71875563680615
116.75,115.65137379622593
138.96,133.73410344660306
171.72,153.11561167069888
203.87,188.56469322482235
200.04,203.76806022238057
110.04,171.5236893061839
120.01,82.4860773829756
35.08,80.64870519955188
50.01,43.32411413482248
50.04,63.78439542636622
50.01,60.2832586193848
9.93,57.64666041393083
5.84,18.684190446491677
30.01,42.23892720676239
121.65,84.7162464538428
156.26,153.23406705584665
176.4,201.06942078264376
191.13,140.874307327185
159.11,131.00710990043495
134.58,115.42893241942988
111.41,101.84490145295602
107.05,93.89314807251668
102.97,89.17628193034919
111.74,93.32862068625613
122.19,113.20538865002452
155.34,145.7512423343151
174.29,163.88461410526278
176.55,200.53440381478927
174.18,188.29933795376147
110.01,142.50593381646155
130.03,83.3871826500585
15.99,91.20342812576793
10.08,25.857266196697406
7.38,15.169270827188349
30.03,9.190140527253421
30.01,46.4541844375262
14.97,49.29890092272272
8.0,43.5484789652306
100.96,51.593504452682545
126.2,115.04780940195573
176.36,139.47647037876334
156.82,156.68742475862618
115.66,133.64212315234187
84.58,97.6521633529765
76.92,71.7452353367609
70.09,63.792784577284266
64.0,61.13434699511994
72.95,62.90731183781681
95.32,79.81619458399483
146.46,112.59145430661415
161.26,160.3021350811564
165.04,183.62636206000874
129.39,181.57009133516829
120.02,117.84641766760559
143.66,92.99792939268292
90.07,96.79103831495942
40.01,56.515510175860804
29.25,50.04919723920865
2.91,39.269097757294375
6.99,1.559877217257182
7.41,12.295237649217658
2.45,31.79019615840329
91.2,40.795123219259104
119.41,101.21471131398756
136.12,141.99825792454544
136.52,142.43149858668122
127.0,109.88912996482479
122.51,109.72660275771464
123.82,109.01046154266385
124.5,109.6911508384805
119.04,111.80634612451257
118.86,104.4995203274153
124.08,126.12177038770196
134.25,149.87018596710246
135.36,153.35284763982213
135.97,157.82053837959202
127.43,155.35024375325474
116.42,130.9443950637703
89.19,101.57594516099957
96.96,57.99776840718583
40.01,67.43711981331244
77.07,43.56757206095943
65.54,60.61263348504028
55.85,62.494096936417186
22.57,57.928813528715104
6.74,34.596309182034744
38.16,47.84683760660636
95.26,83.46255627123455
98.62,110.04437658404504
106.77,101.61358356712964
124.76,106.02087316493254
99.68,107.8791077650566
33.1,83.76351721908583
30.01,36.8824741695762
26.3,35.882094599006095
31.0,42.05029498940838
95.32,57.20130173238409
95.32,112.31189807246963
88.46,119.12363305567587
88.45,114.79379926973432
85.5,105.06895529834739
81.7,93.55088237615708
73.35,62.35846323750231
40.01,55.43595778420704
10.04,20.34530837180539
7.26,10.419816883390512
37.27,13.240161805291283
39.74,41.27591852432287
33.67,42.42486257223899
36.43,34.08723907124476
34.6,37.70858960561789
43.35,43.674064115226365
66.82,48.2639849158182
74.57,67.64796224300744
58.62,70.48298741566283
9.96,52.19643623802254
31.1,9.431019609404098
20.8,27.627541951930585
10.0,21.880992221069047
13.21,7.8099887102179455
43.4,33.11787747802431
86.07,65.43396987673286
112.25,105.51015454463679
130.77,121.21137875980477
118.56,144.55150992698864
112.17,122.93065894731657
100.78,94.7608951248063
95.76,76.83069910603217
40.15,65.9985480122488
95.69,21.3470353169114
30.36,63.40977610909887
18.61,32.6672573828124
15.63,16.768377434449278
18.35,20.734787173025747
34.32,25.074091875657572
40.01,47.19590528756524
58.2,53.367248688072415
99.31,67.41221317272377
114.59,81.72550137826454
148.93,92.58016213935782
76.7,102.96344078029225
99.55,58.63998717709687
148.93,79.27414268243754
75.42,108.16308226020543
81.37,67.20363313045387
95.74,88.81250741863005
124.41,109.62220104588744
135.51,144.526680218897
138.94,140.72802060260636
124.69,129.28685064376504
112.47,102.0546642036835
102.18,87.5740795920284
95.69,79.35773213642226
95.71,75.10348092950184
99.77,68.17677771231216
101.28,94.84055257033812
100.06,96.5490513808984
98.61,106.56428146135326
105.13,104.93635870408703
250.03,134.84709282209965
250.02,213.39737227359632
250.01,179.16753854472415
250.03,170.29927592617872
250.0,178.74728850812406
199.99,169.9312719623469
190.1,173.0913391172045
190.08,171.47871953172154
190.07,145.83268018760288
190.01,150.1137447968004
175.04,152.3430929786923
180.35,159.08011073984648
177.51,206.10393720370723
173.6,207.02254643002408
171.54,148.49288367114067
150.39,132.40381205293045
132.43,116.03856494018811
102.84,112.2279841006636
120.0,92.76289772120013
108.41,102.05010754197686
94.54,99.38634743057345
120.01,91.9002450436696
120.08,127.88167114215499
180.95,139.39852809914078
158.95,203.96474129193413
165.1,199.04065365188092
165.06,180.53470642147676
136.35,164.55671601499046
128.37,134.07512973002292
125.0,123.53361792547997
118.99,125.71608283607927
117.79,126.66618885901539
135.22,121.28634639044422
210.0,135.36775065847814
210.0,189.77211526118
182.51,219.99236455029256
165.08,186.30185902631695
157.64,187.65182521534888
133.45,148.3679388655409
119.31,111.43354693624433
114.1,98.7997196766453
102.78,85.65420221251874
99.07,80.14982512238922
94.56,80.72988182468258
89.45,89.94713010135797
86.06,87.26035514962759
87.85,91.43720895346415
95.62,111.3126667585301
124.32,116.89040037399735
162.06,158.504563359721
162.04,175.3046084735653
144.23,153.5887429165062
129.94,121.32144181960427
124.92,117.99421917344732
119.03,116.39932124617003
115.59,112.0089257042454
123.57,117.98277577764837
138.97,127.53091378735193
145.67,152.2800745471921
152.68,162.14055724954326
156.54,170.77283214206756
159.43,180.1025766526149
149.82,151.146959895511
138.9,124.85001270012297
120.06,113.56035865314196
112.8,97.89850323407127
89.71,92.57713170470093
90.17,68.50990039698416
87.88,84.3726895935087
87.27,83.72524465567354
90.03,89.9472517772899
100.0,102.54617451920107
146.86,117.86898172218903
162.02,165.6643977362144
162.06,175.82589291583625
162.03,155.04695048801395
165.01,144.29412286141934
140.0,144.61791049895888
131.11,121.87648528348107
120.09,117.75197679347207
151.11,114.83841515658783
134.17,162.27175104537756
165.03,157.1782631709622
175.08,167.37334527286822
162.04,179.69518934051484
162.04,181.44947664272635
152.98,151.89938125693732
127.16,127.14795842008894
117.06,101.9509295769518
104.85,96.11421964415632
104.56,83.08356338442869
97.19,86.35176293466431
94.04,90.9546179360796
93.04,89.51017033403468
95.76,95.17457717034304
195.01,103.44449306868454
160.04,201.72642665590928
161.1,194.77605034472572
195.03,168.9615998670652
152.7,193.15912288923735
160.06,149.6462371148274
170.06,149.4735291900171
170.07,150.53610915710263
170.08,149.90466804256604
170.06,155.31533331996621
170.04,155.20480259189617
160.06,164.1752529012998
220.0,198.6560520770048
158.7,208.42678580588824
155.34,176.8385994033912
142.42,168.56946309888863
112.82,112.68141556700846
195.05,89.20254748513534
122.16,137.43965301675934
145.99,91.11045012825299
145.06,98.24460927472786
145.01,128.00591758443682
145.02,128.9101783757917
145.02,135.62344910602974
180.0,175.5399778898434
180.01,185.75298967739965
135.6,183.1070364924547
157.38,139.4153052935352
180.02,152.83692355289324
167.2,186.87524513244375
158.39,151.49978864501094
150.4,150.33286194738108
150.4,148.1436482379451
150.4,151.72554531501015
84.47,162.35398088338212
111.23,103.914929322436
160.05,135.7512424814464
151.62,179.68431914297767
151.65,171.34347221035682
150.7,144.91747007466526
180.05,111.11267164422746
150.39,139.59771691248477
52.62,110.37490589309934
83.68,75.19137160516104
70.24,82.99743189483799
25.34,75.30990170092116
22.35,26.948975646249753
21.15,41.40709324512064
63.1,49.10695655177339
65.06,64.72042591196455
65.02,71.52740625834156
32.73,72.79999111523368
24.28,53.97962979599765
65.05,53.79947118647548
65.02,69.47710297003158
65.0,74.43362437709287
50.92,81.18060167561798
22.42,48.924174705911
61.58,38.9989714185368
58.02,76.88875226520179
90.73,79.96364803541414
91.45,117.48468279503581
58.69,116.0285376366186
44.11,60.573548695617994
40.88,36.24957800407045
34.28,35.33837384651011
30.3,24.49590627512835
24.59,28.72685108103783
18.56,23.531693522960367
12.58,14.380819322815496
11.85,17.26244374876703
11.56,23.954460921818075
17.31,30.10536535504339
37.44,48.42099923356508
77.65,66.88570187189545
97.3,88.5739344922048
111.0,94.87555193068022
103.0,102.56719860539096
90.0,96.12080625654794
96.17,87.45242070154964
102.54,91.12905383221405
114.62,104.53141977220574
123.98,113.30308654999398
139.45,143.1116259649631
145.9,157.90895969710218
165.84,166.3050604767116
147.32,175.88642830303735
145.93,146.251677352209
100.02,120.23103386092805
116.87,81.29802663901395
100.08,84.00696024376909
71.96,77.96257075158248
70.09,59.28730935382874
70.06,70.90390345096813
70.04,72.59045353597118
64.8,78.81324969437361
62.23,89.71746269478604
70.35,87.32379067643292
92.6,86.16163942590012
110.5,101.63804340245585
109.77,106.32266505083601
101.6,100.45148960272005
93.98,92.63209203549842
99.5,87.59291154507808
101.5,94.1854874986408
94.13,96.2764219796986
101.6,97.19326811928518
116.52,112.0886493647908
115.02,137.97503698606806
109.09,135.40250643298768
109.06,126.46716886652024
109.02,111.68202420088178
55.21,92.85416574591304
17.71,61.13867884931574
13.33,33.565602668433925
9.93,36.19703599821635
3.06,21.948488344258532
3.4,18.167303598795275
4.09,20.952707365157444
5.02,31.535319915113032
9.37,37.19730812562456
40.01,41.6605568797215
73.55,70.64763143808916
83.66,92.17661444283397
86.37,92.57709694592133
69.23,81.29749984858381
58.17,62.0835882141815
50.88,54.807182960149795
47.64,58.84621163313076
51.18,47.99842623062709
59.95,62.37057651663925
70.55,70.69385319204683
89.0,97.2545113788885
80.69,112.61358659340453
79.56,101.66586946927954
77.15,95.04527548212315
53.15,66.5902517268625
31.68,53.275461560389346
31.5,22.188235940086525
17.79,21.353910204390942
47.01,10.657595750589705
40.01,43.088762785261466
16.39,43.46581748245703
14.91,23.42637071173575
52.0,26.613643010004235
28.22,81.40766448169725
90.4,48.79581115701285
90.94,85.36269164500115
85.44,84.21363268724551
85.01,78.5202524377414
85.03,74.02365811953676
85.02,77.40548367875145
58.95,83.8729357809176
57.94,57.85169429008371
70.24,59.6243719135264
91.07,86.59479423770196
142.69,113.31669761310312
147.01,146.03234309330728
91.24,149.08001559366832
90.69,90.92416335740907
84.81,57.065545758285104
74.2,53.635502690554894
72.27,49.751157507202315
57.04,60.062866426121985
15.17,46.53151606152186
11.47,24.083937706121354
10.0,28.20842805565503
5.73,25.28106360654921
10.05,30.188297453766463
23.6,27.216428853173998
59.33,52.855919720326185
88.82,77.03978487549634
92.76,84.55367980275066
89.59,85.1252555381295
74.31,84.53032435299967
71.06,66.90913205510431
71.04,67.32346002056954
71.04,71.39464266032485
71.04,80.55171870497206
71.09,83.40038486082506
90.05,93.52046356620875
90.03,110.42441313306325
89.03,110.59495060247383
71.08,97.87240394517107
69.37,60.160817189253
55.12,64.80400185480582
45.53,50.754915431728584
9.31,35.68613701598729
10.0,15.253326441828204
10.01,19.754230558638287
7.14,18.241566965654517
4.84,23.247507303962838
3.78,24.87530560729054
10.01,18.58205069533087
10.09,23.072956543395073
10.06,27.55032264565709
25.85,26.40953856906615
20.0,41.887886787084135
10.09,31.487168368146396
10.08,13.946787787973328
20.0,15.394024242351001
10.08,37.769643740458854
29.72,16.11224843536108
40.49,45.504691712107764
81.01,67.82404132086705
81.04,97.56141096611543
81.02,92.0394723533056
33.27,77.41327868331406
16.55,23.769345550452222
10.81,15.667790617654871
11.73,11.255283319856002
7.05,17.4847449714311
8.71,7.6516030968254976
6.59,8.030747835139836
5.18,10.489807137589292
5.54,13.04210793302879
4.24,14.262063004327159
7.99,17.09936534395715
7.58,13.85312114996198
12.56,16.58091540380713
17.1,17.613830339370956
25.43,18.34860395528109
47.27,27.306186407801295
48.23,49.58935625688515
44.12,46.338407679435136
29.38,38.704599898214056
37.1,29.738399381060777
55.9,39.243601226440134
84.07,69.00528514284517
87.56,93.11207947539633
83.94,94.49575633096751
71.95,71.14301805965832
46.62,49.1859252769371
30.19,29.23437435179546
26.85,20.791381786211286
21.63,18.74512674633655
19.0,17.395322220614972
16.98,17.232695001465338
16.91,16.314773684291453
16.68,21.32434941608414
16.94,28.95233544121203
100.09,32.1535715280702
90.0,102.25347751246473
157.61,87.96567175369272
170.01,124.68548156141992
90.1,135.12277777021484
85.03,82.7230854209993
90.03,73.33094178600315
90.02,88.4956695359133
90.0,88.05183944128673
79.2,88.7760255528219
90.49,90.82580268724895
127.17,114.70842366817894
134.53,160.25659164849478
155.49,156.04460540641347
144.46,141.27381657832112
109.68,107.1970277876672
85.07,82.64860128635436
85.95,52.24255357663319
83.98,61.24354545641462
70.01,61.61786763898895
68.57,68.56947714718756
68.97,69.27864557988954
68.01,76.38684704635999
70.25,80.04540704486246
79.42,85.84244514193199
95.1,95.32629294129276
139.82,98.75834580914261
170.09,121.50084971137228
175.69,141.08237090976132
170.06,131.8691913752263
121.08,130.97468998933792
170.01,99.4072178969714
128.19,146.4656213528497
200.02,119.10341055096849
200.05,166.7402384001508
170.05,170.7386453966312
170.06,156.06332676319215
144.74,162.6140895279916
100.09,143.71750552297516
90.07,85.26351085246107
80.86,71.56803356785787
62.2,58.95919444580001
47.4,54.5290466856725
39.91,56.3836451632661
37.38,53.34144276508205
35.96,59.42318154842301
50.01,56.803556091430416
37.04,73.73986921532469
55.44,50.860261778443906
130.8,72.24146255114796
170.07,122.25668822507185
250.02,154.02209919723214
170.06,144.86140710887292
170.03,145.58013144059245
170.08,126.73164892887519
170.04,157.2411840641599
200.0,146.64404146286657
200.05,193.45451052809776
250.01,178.22115740218703
127.07,183.39476543234028
143.48,152.8429193549413
128.9,162.96312150479181
127.89,127.7420012999289
121.13,99.90625893509136
92.5,87.73045903978053
83.07,69.9492882911183
67.07,68.55691820245357
66.01,57.15002757876848
62.13,67.8940440991438
40.01,67.18268504228797
72.68,62.64425323230977
74.64,75.25634593943384
83.66,82.28448956993164
109.61,98.0866786500831
120.06,113.1765293539411
121.67,112.76641153528263
109.65,118.15396209763139
100.08,106.05270639284734
97.34,92.36799675569685
109.81,93.83745547128183
128.42,103.53765041400864
100.61,128.8415902561749
116.54,121.52987881114012
120.17,142.24181875874396
126.26,150.69947735168893
127.27,144.8301168047254
111.36,132.45105266753316
96.01,92.58355205295717
83.71,68.99326176139952
84.04,55.370005297058064
40.02,60.386838272267624
27.78,39.070999355633234
59.68,32.14470042725674
53.74,56.104719633131744
40.0,54.97084258599908
22.48,40.376188131525986
24.97,41.19868963035965
88.55,50.222087513686475
107.26,90.80128091403388
113.0,99.25254975878143
104.99,98.81789919471068
94.59,92.48457398623177
91.64,84.22486318209054
97.49,82.99594782839543
114.93,92.01123826901505
128.38,111.84832585832405
122.84,138.3628868513059
128.35,137.91420828010433
135.71,141.95211437446596
135.1,146.05433004022748
123.58,132.65036148380392
112.93,103.71298338732795
105.1,90.60736516572055
103.97,86.69857561384846
40.09,83.0342195585077
57.83,42.17298945905062
85.89,58.364850622674915
85.88,65.8361627915993
19.75,77.55329050621852
20.2,27.07515964653872
85.44,38.631116049160575
86.3,71.37213475541732
88.0,70.93877890992451
92.0,73.81931659802204
94.89,79.2472453119779
91.28,81.06952737194477
90.22,79.97885919319589
87.94,79.37968147953084
87.8,73.96933496888157
91.5,80.32787460428554
102.87,103.00777620184589
115.27,120.43991466055112
127.98,134.46379994762077
135.76,139.97511153403934
124.47,127.36074645356177
113.51,97.34180108707267
102.58,88.6137369440958
92.38,82.09119228867505
63.03,65.13939906453068
88.16,48.96801599092113
85.36,74.63716148252198
84.26,74.7721996170792
82.77,75.34239481979955
82.17,74.38001859604623
86.02,76.41749265601574
85.55,78.31089253873704
85.89,77.1593699265114
87.26,72.83131374412204
89.75,77.63000164270007
88.58,80.93843870146792
86.48,77.82612739585412
88.09,77.38680992461026
88.22,81.95196913600977
92.59,82.43752894614948
108.69,98.30182039846903
122.59,128.97955915661865
134.91,144.75787449268438
130.89,149.7614953609403
124.07,134.01327677164096
109.98,105.66947867865079
107.33,95.54197347038128
76.66,92.52037213561597
33.1,53.16561625741769
85.03,34.27302451869289
63.08,75.9737518140596
35.01,55.506179038642756
49.4,38.12238203838429
88.04,67.76749679064379
65.07,108.96767522682045
123.29,77.54104132580011
139.85,125.78743873369308
149.87,132.3571311157995
131.54,122.72867773356619
121.14,108.64639394034047
121.61,103.95593130654903
119.52,110.67841325666832
116.77,109.37360253921767
136.62,115.13159011173138
138.41,142.04463377666622
153.37,151.9170798695567
147.69,163.0207905400325
143.25,165.212420618455
135.79,150.23872692454336
121.16,117.1795421221851
87.36,104.1615280173179
58.17,59.62918434300703
30.01,59.884677073926696
36.81,33.870867884692515
38.09,42.10441088386856
37.69,43.345072107142954
36.37,51.93015850738231
44.62,50.8078148621344
80.01,64.32124808601215
135.0,98.41495120402777
124.08,134.43523997555002
124.05,120.62052373658172
124.04,114.12969368368866
135.03,104.72111827080029
150.07,113.0436639128717
150.06,137.66729149978585
93.19,135.91634892017433
115.51,98.67013300630805
124.06,137.98077565142202
135.02,154.56859584649445
124.03,158.49947051491125
124.02,149.6918015730662
116.51,136.84272569504782
99.15,101.26114524015333
88.14,75.96323959338598
89.25,54.63381700717373
62.01,61.20731540064714
81.1,51.19840521069625
76.42,77.30328995074386
72.9,74.88862689054672
70.69,74.9740874347602
74.45,76.92987389042376
80.68,89.27333338236828
125.46,101.19949546532192
122.19,136.76351484133335
128.59,126.64715464118807
121.29,114.84428982729801
112.78,116.2496164982791
108.75,111.10965479251577
100.1,114.10412605803599
135.0,99.5127936979429
106.27,132.680097341587
121.21,138.68795021845625
122.96,145.42603210226375
127.84,148.10570179044853
129.9,145.52079920467784
121.08,133.79311710359244
109.9,103.01242178421873
97.5,90.02231597016169
91.66,69.81564456083115
84.21,66.38714826552652
85.47,64.29191977407746
83.26,77.79275004901508
75.45,76.6744861747194
74.68,77.33439090205705
81.1,84.8889472309507
92.27,97.34517739525484
160.1,108.99614559024283
165.0,150.0482985409371
165.0,141.78657018765313
164.99,133.96374803945562
164.99,136.4981110189993
160.09,140.5470554845304
156.86,141.59270954401825
131.64,141.44009176775614
164.99,124.66866929207755
164.99,153.68694896651328
194.54,154.9164810132552
182.39,175.99337670218972
143.93,167.9366446405105
126.14,135.27615182192565
121.17,98.73423912446893
115.0,98.6049923087323
106.67,94.4738056299966
84.42,89.92047864933878
97.1,68.84092657956865
92.78,88.83637769877555
87.92,91.75534622790745
89.26,90.16621144520859
95.7,104.79689282994238
103.2,107.91804802875686
121.16,117.80100164922534
131.03,135.13611317805757
141.92,121.06082753383491
134.75,125.48448386348315
128.08,114.32990870863205
125.35,114.57176431619544
121.52,115.37810606999622
127.93,118.23027605046974
123.91,124.93854725254148
129.99,142.84567132559482
137.04,148.3620301080068
146.32,152.10650902868383
147.67,155.0493460602718
139.08,134.69718757056157
128.14,115.31876361507395
119.92,103.57273902864792
117.12,95.77202285957225
92.68,94.60351324018744
92.22,72.30231265686211
90.42,87.33859823288721
87.71,83.61445952467551
83.08,81.45692526305227
79.93,77.85502488359357
79.96,76.32969174685788
86.74,80.16671286216734
92.08,89.23957759925668
100.95,90.33370598431604
98.15,98.620013818953
96.77,87.50909920181347
95.2,89.03633862908892
95.6,87.79140670122355
95.31,86.13732036420123
97.06,93.15637304433292
132.38,106.16668446885627
144.19,148.71951650044414
145.2,159.22617417729506
141.64,153.05210661183264
139.71,138.52589424849887
125.53,117.01554836908029
95.1,101.59824843916148
73.76,73.93265058593587
59.1,58.91169187940874
47.86,49.51932875323765
44.08,44.824637095923926
42.22,47.36473187534326
37.48,48.6661923814833
35.07,41.54537233019433
37.6,45.41884922771353
41.78,46.14060600009951
44.19,44.908873178679826
47.63,47.98772975297808
49.86,48.805299520851136
57.47,50.61964511719128
59.99,56.948031476345356
62.08,55.13782137256223
63.9,62.21113601282929
82.12,62.63651938781499
88.46,94.87094019840998
96.29,102.69865841069438
100.28,115.78138677022915
103.19,121.45399111262017
102.17,106.99228026728953
88.65,88.97976585400713
84.38,62.650147722152546
86.95,56.64910850082947
80.05,65.14841448011265
69.98,58.57947860109878
62.68,67.07530620432048
59.91,62.42682641031858
60.03,60.211137384097235
64.76,68.89505913066762
80.43,83.61962433420673
140.03,99.42408481685153
143.07,133.14598829345607
144.41,134.7281536576275
160.01,131.75099732837532
130.0,145.81395617728649
128.35,121.1095533549763
128.34,117.04047755823287
128.35,116.46380618156928
138.21,129.73475991507235
148.13,157.26140086995093
159.49,171.07124730523304
147.0,173.90624245433128
139.98,170.81820195931957
133.31,152.77476086482943
121.05,119.0226572241879
103.89,105.54588935991265
104.7,85.2892541790971
94.63,83.93615022947662
129.99,73.60476701874387
98.2,125.42361456811997
96.12,90.28605572453858
91.17,94.37707771404105
95.78,96.82282998536202
181.02,105.07625355670274
550.03,182.5166008778852
487.99,270.7589799307566
549.96,243.84722203791844
397.92,236.14002792968768
401.82,233.35681878079112
487.97,223.3939307088644
400.08,212.49969534394648
329.98,208.14341266565216
487.94,223.8248473031863
777.18,223.7314762709269
345.51,236.2611850134016
200.02,240.6408331342294
164.99,201.06053709969655
139.09,154.1731119801771
132.09,91.60704957226758
155.05,85.63348311415194
110.91,113.92009984018397
98.04,98.05687543873958
98.0,103.09364488146979
95.01,92.48803551627745
95.01,92.58924943896922
92.0,95.9296787782052
92.48,104.26418201898267
94.75,108.85746124020491
119.93,117.13411204093687
325.0,136.47005700419024
200.05,196.28335298855154
133.24,170.2237606601001
116.14,112.55233135793392
152.35,125.62932485480397
200.03,126.73892495510188
200.05,167.00086837628183
139.43,177.84605283398474
160.45,144.2350550625691
162.39,161.3850666435355
138.82,157.89108245240675
129.89,151.2995733539753
79.0,141.58534934460337
15.63,83.1458685451837
15.28,51.50156483480418
12.74,53.3882490254887
11.88,45.949456055986445
10.04,53.46312146437146
10.01,30.209010776128657
10.02,26.28901497577184
10.06,30.705344420073178
11.79,28.008861452693974
16.42,52.82429405390133
58.29,66.8880099688477
85.77,88.27183467372727
86.94,91.05919911348188
87.67,92.10096836032572
87.58,88.1099135714189
88.16,87.87814998844429
88.0,86.03619405042245
87.17,86.66949032522972
85.4,92.35411546089024
87.38,105.04702268383107
87.44,108.36547364690009
87.25,111.36060818458152
87.31,112.05341811320326
87.59,99.43656296491034
64.99,68.94560366458751
56.44,62.87502280200707
25.1,51.84865004281105
25.01,17.041172003501273
31.83,18.496402983238966
27.59,35.40937275946807
18.42,29.882821363176163
10.01,20.04037732063089
15.8,16.40292728315252
38.24,27.72697497330764
87.75,59.95254134824794
87.68,90.6850731160901
113.77,89.5398156891337
87.65,98.3916628812699
87.8,86.05658979204387
87.72,81.26351436670855
87.78,88.33368059954739
88.58,91.51531112191749
104.2,94.48733505450426
113.34,117.02000392468751
121.41,123.63634950823524
120.38,141.53146455251792
118.61,136.93049596114582
120.36,123.96366175325117
118.61,95.19130481931667
100.29,91.52492291168691
89.18,78.46969253011804
83.89,60.96920286078095
78.07,67.29226268124465
74.03,71.94434176183233
72.07,70.93990651832078
71.61,74.593340623294
69.99,74.0407647321161
74.19,75.35329712789024
79.81,80.09949131007373
87.08,82.56994803935987
94.29,93.8052551814899
90.79,102.15191148253037
89.17,99.46828466641833
87.06,88.85282545690224
84.07,90.45892463951415
82.37,89.06907142097526
90.09,87.87220924737947
101.8,114.36877462378143
115.42,128.6301178214108
124.1,143.66401818091347
127.35,141.18745274045784
127.19,131.79399421745168
121.12,104.23718849703768
114.3,101.25844142337783
108.88,92.0929335190757
93.82,89.16676140376678
107.66,72.891697831763
102.2,105.45035502034587
98.88,95.55275405536943
96.92,96.86776354809145
94.26,96.04351435289652
109.95,97.40976431589493
98.86,118.32040004176775
102.2,107.56512351769462
142.22,103.24260452820575
144.89,117.69461621821587
112.52,119.40032302585088
123.31,108.1420868841992
110.65,115.17446183431449
107.38,109.934350881163
129.99,122.59202139249801
144.9,144.36832629676556
145.03,148.667653197667
145.01,150.2384414677273
149.67,151.79910181498676
143.14,137.15199790370218
135.91,115.09241812182448
122.41,109.38701004209159
118.99,99.24819673581861
101.06,96.63046974184698
96.18,89.46402464297958
91.17,96.81839682685533
89.9,93.56879321577979
88.82,96.85476943731527
87.91,100.98724502541494
94.09,110.9139396381135
155.03,119.7669157580788
180.06,165.15644329267937
180.09,172.3681782978329
145.64,149.88505904643503
149.02,121.0173994568659
150.09,123.90089299003353
150.05,138.1556819244022
149.95,140.08370815543046
145.1,143.34933107132844
163.42,153.51535164050512
169.68,162.88511271868194
160.21,169.21984459111317
150.54,182.59404680722517
150.78,157.79103907175107
150.31,132.66031216516382
116.84,120.31865694431211
94.74,101.60234050448388
80.74,81.04259872346857
77.74,70.74361714972733
70.49,76.93925207843041
67.47,69.7098903636212
64.69,75.64689466991192
68.29,80.68851936297901
82.66,91.02478958481294
120.54,114.53462227514974
180.03,132.3067491670445
250.08,180.224127217113
250.02,202.13784445350842
139.73,182.37961572093135
142.15,149.89412903082606
139.24,149.67306621399734
141.21,143.73834088657384
144.6,154.431728520983
150.0,167.40806883667483
164.01,172.81024349403464
189.98,170.7389500380225
177.0,181.87499775954427
159.1,148.12990094608142
138.85,135.34056097954203
125.44,126.00400566287183
115.85,88.80081219318669
105.62,87.99816230269856
98.5,90.71075528539801
96.35,90.01651927440598
92.03,88.84986272261526
83.82,93.0106355568079
84.27,89.70803436185788
95.7,102.19341032917329
141.77,111.4227867962646
250.02,167.68824127272887
384.01,199.5291780157102
250.08,250.73131778678822
183.75,253.12604189765298
130.37,186.38963814202856
131.24,140.91547964945636
163.64,142.9214791893218
151.75,174.8063873150837
250.02,197.13418310729733
200.0,235.74057595875942
250.0,217.77956727257995
250.0,215.59841295212496
200.0,175.53755077226504
161.0,162.0345853606276
139.01,92.96626500962716
128.5,77.31084719205215
114.27,87.60409072997322
104.79,80.41168451597642
104.52,91.51323413987961
102.2,96.98697629780695
100.0,107.07536450437983
101.63,110.48253745940245
106.3,113.37001329902435
129.41,138.2468315271419
168.09,155.76217022818463
219.27,178.83356286048917
237.22,195.32721516864743
224.12,182.71862930558183
225.01,177.28974967578705
196.17,169.09601620821294
190.58,182.56284781469006
195.0,164.92109499189422
195.0,184.6644089006706
226.0,194.3248608758401
259.86,196.73842428209966
236.75,221.95699989729607
194.5,176.66355038748753
154.72,147.1875908445296
133.05,117.00209515667272
125.88,78.63904396370837
115.09,88.01379342981457
106.91,88.28436770072406
102.63,97.26223024699406
99.1,102.36460708050176
96.31,102.24395407031598
96.16,100.47432420902028
102.94,111.49225323105378
120.83,120.57225170592837
152.97,147.44533958330868
206.38,172.11958638022253
228.11,194.39429199999208
220.66,183.27575451012092
218.77,182.24252325433437
205.56,189.4330506525963
179.23,188.9130499013695
178.97,162.49676326045108
186.14,171.89681239256137
201.12,179.1653655476352
225.15,205.02823356259137
199.16,205.6700331636235
170.21,170.34110590232103
143.46,146.03513032963386
125.81,111.67013699405254
120.45,90.51337731262508
108.8,87.27395800721693
102.69,96.11954560562943
97.76,97.3694701569358
91.55,95.17044384533926
89.97,93.68622027825262
95.12,100.19933429530947
95.72,99.14700921134389
96.55,105.15910184704286
189.91,97.10213234014618
137.49,186.10811966994385
160.21,124.94326322146527
193.42,156.21007672862092
160.88,184.0542156690794
137.5,142.5950480636656
137.5,124.25973987583849
137.49,131.04918381465237
200.07,149.0397912299849
250.0,199.1352402197055
200.03,216.29136952842396
144.96,212.10943285623551
129.56,157.88999996865863
119.58,104.28403989862251
112.08,95.2155572416351
106.7,92.17507934665876
102.94,88.716609956165
105.15,88.2523621293049
99.7,97.71783350537466
94.97,92.05350654542856
88.83,101.42366218391743
92.35,95.77199781585952
89.52,104.1159401607185
88.86,93.46297201672299
92.13,87.62791133878213
97.02,107.03843155891516
250.06,108.78689842276425
168.61,180.95127216535755
141.4,147.74691645113035
141.4,120.81996754062757
189.5,124.80579666370848
200.07,157.36381347671454
166.37,199.37558703306752
200.05,168.58345956993048
200.08,206.69212791147152
167.25,205.3167136560077
145.05,147.00708834199497
112.33,114.96197587073867
107.21,88.00159168829595
99.09,83.82765035913584
91.12,79.25138543710675
96.17,75.75519008916271
92.49,102.14219288343497
90.46,109.31726382712401
88.12,100.70807549063002
88.58,117.99520280100178
111.97,121.63385515312609
149.99,135.00126317258943
199.03,167.75628250418794
235.61,204.49742120303736
236.49,204.81237048234036
206.33,197.6519783193213
166.09,207.26888579159402
160.07,154.77115213059128
167.0,155.55901510052712
175.04,162.93038892462965
209.76,176.60580333903977
262.73,223.43316074738524
206.35,249.74906954289065
184.29,223.52772647934796
151.05,159.79808040909444
127.4,115.6261424135698
122.08,86.83925310586545
113.13,92.85200452082509
94.79,87.36508054926813
110.09,87.04260474572946
110.07,100.67592233714616
110.05,97.89301424568716
110.07,109.01867233942748
110.07,120.44504082197854
149.99,116.1380098685945
228.77,160.6555111320372
250.06,193.02131779989855
332.0,183.95994394462474
250.08,241.68184640939697
249.89,235.14639167326447
202.95,209.38353437677154
187.85,199.92431809828045
188.73,172.3920454513106
199.19,178.36274530975825
226.94,190.9572077717132
225.73,206.83669629995566
172.6,220.54213689300323
151.29,196.721845084228
143.19,153.4503367542398
128.63,106.48708345108244
117.83,85.86267686071774
111.55,81.48835183479468
103.28,87.60035661870863
102.67,86.67547989907276
111.91,96.84304458358473
97.18,108.4826279749436
99.5,95.60209117341535
115.24,102.68034383195199
100.68,137.08880521414218
111.7,119.56102464817323
167.22,130.1612687689147
171.99,166.5474973817747
171.52,169.9524411121029
154.48,159.8179040132366
149.88,144.3289499229933
149.69,132.58734794552944
144.5,139.79333261280334
143.96,139.08095536846014
147.53,163.43175152198265
164.0,159.70245836542367
178.07,172.18103294474605
165.28,169.17665770378596
149.93,146.36584234608472
129.91,114.55426406401563
115.68,100.87017910895399
107.33,88.62927084143672
100.44,82.82644505974685
99.2,80.1147000058869
97.85,89.93521857666425
96.86,85.4666364035617
91.81,92.94122206410952
89.92,101.15584199346088
94.53,102.5349964703528
116.9,106.02015210419061
153.05,129.86425986078874
153.05,164.28927550976877
153.03,163.1888097538966
153.02,153.8333369172613
138.17,151.27317706645925
143.57,128.12067340334607
138.35,130.99111070635698
138.08,134.4478914896179
160.06,153.76451250341867
153.02,173.86287738134988
149.28,172.3645041557581
153.02,159.277935383335
159.09,148.1185767207304
150.15,123.78971933729079
127.48,116.26835824519107
119.35,98.78013498608067
87.08,94.37093975788032
87.09,70.51246030169715
83.26,79.11213587295082
81.43,81.59502739865907
79.52,87.02935877056969
90.06,90.72064834400605
87.04,109.73794514526296
123.24,106.22910585472215
143.55,138.94847080831516
200.06,141.91157465357784
200.03,195.14717647924326
136.92,178.39082464924806
200.02,123.83126583354672
200.08,176.65462685888926
200.04,187.36069217036015
200.03,188.0909204248803
200.04,197.6405635550378
137.0,215.2132953963141
129.24,160.26286866085067
118.6,147.81446192506914
134.43,136.1627892796755
115.41,127.56049760584395
101.12,107.84933372426799
101.58,81.56341309902231
90.58,95.17372905935763
95.0,86.01011395613298
85.1,98.50563990067636
79.49,96.43661024062037
73.07,88.00509643574765
70.25,72.41983040388408
72.81,72.99626373585454
76.04,84.65508208997845
92.33,83.45718734184914
110.79,103.6832224193157
124.93,113.74671715434991
124.65,114.04009103711697
136.33,119.49394006614521
128.5,124.40781468352102
137.78,115.70725138939282
138.53,129.2420901263912
140.83,145.2749398922338
132.73,153.7601030543865
132.73,147.81526410457676
137.72,140.341221835929
136.19,138.11478042015457
121.56,110.24441455278296
67.26,99.75378208249943
58.74,57.046600800132325
46.18,60.20535085997654
74.0,57.9714493022807
74.0,64.88658208372831
74.0,67.00130562084556
46.31,75.1689178668965
74.0,50.49960136897625
78.29,69.07612330623328
59.99,72.68943551932342
73.99,60.36952349636233
81.26,74.10432001200007
82.62,93.89702533043324
88.37,90.84027426007691
94.39,87.49544693994133
90.45,92.79368384983334
91.14,89.9668556515843
98.9,86.42428970606593
99.62,110.69779491027931
103.84,115.64426069270137
99.64,119.38494494396902
99.7,113.44197086505491
99.29,101.13774399982749
98.3,81.70313072088317
89.28,69.7287548411359
78.29,58.267720407904754
69.16,59.67368541948661
88.8,57.47727059035351
82.57,82.00970637600055
79.07,80.84340390211949
79.94,84.99301327325357
95.49,89.78101559068219
127.93,112.43160313812145
156.14,147.00248939530135
148.67,156.69823391106596
188.13,132.3685803356636
151.45,163.80818160565002
154.34,149.72920931250061
137.21,151.45704090425528
148.36,136.83803399412062
154.8,146.056214405259
163.46,160.1692721272984
181.06,170.0725066394797
157.35,180.89512723799209
149.89,174.6787543434237
140.35,177.52274742720093
129.94,157.3258058380677
124.85,122.79397107835928
118.83,106.52365640570751
98.72,100.10788283957635
86.89,79.26696736011397
95.06,74.6006710024002
95.07,88.64327763587805
95.0,92.00829555998979
93.69,97.2126661873302
95.09,101.18850319399208
149.99,114.45727609965951
183.99,163.81806677238126
200.03,179.56341079409577
200.03,188.0439515064697
200.01,181.8457211035933
184.0,169.34165766437158
183.99,156.4106434217616
154.99,157.02686664194562
150.0,153.4178808318092
171.2,147.78426797987066
195.32,166.40237346331008
180.83,187.02081436793793
172.06,171.81573894962548
155.0,172.843419822271
151.68,157.42467811893226
147.02,128.61332885623395
127.94,120.54387240051254
110.94,100.18058745736822
97.78,92.75914853083607
87.83,77.9685166143174
85.06,84.47678985926984
77.49,85.55323591251204
77.49,91.39306259011047
94.87,88.51673647127456
93.26,116.7772879318683
149.99,113.2451709659363
150.0,153.5516906444622
150.0,148.78121012833938
149.99,134.59047552257238
147.67,132.0347526830417
150.0,131.03992941713938
150.0,137.80975660987352
149.14,137.09461205766974
149.05,139.89964105269522
145.69,152.58690303196002
150.85,157.3413518024283
148.39,160.7833473863766
149.99,161.93547559827948
129.91,142.95710407115516
112.67,112.87860478176182
100.7,93.15859608001632
104.21,79.78046476855278
91.02,83.4308383852794
77.99,70.7969854598404
76.3,77.59348209204073
76.94,75.52267479976409
77.99,80.649713245793
85.01,88.8215353626462
110.12,109.48152273940845
154.0,130.66208830743585
183.99,170.13904523483058
168.08,157.08312685391468
168.02,146.2795627139286
154.99,146.69637706022877
179.68,145.6785709274829
154.99,153.70461904598443
140.39,145.89200946222326
154.99,141.32110145723163
188.37,160.7279339263512
188.04,175.96951046975803
180.63,174.30774078397968
144.4,171.10586368282196
122.97,144.71513147240393
109.89,101.56389105724813
115.01,94.72733130118947
94.46,93.31009556265523
85.57,80.96229252947522
86.55,72.23780738053767
83.29,83.38893265922735
80.63,83.77745178714586
78.39,85.80334264547476
79.99,91.03957623383239
111.91,98.01381076672297
154.01,125.61484925215392
184.0,164.9200414358108
184.0,152.0283845676068
183.99,146.39480456013936
168.02,141.95500347329963
183.99,144.29246515801464
169.04,154.60872655257876
155.0,155.78955406083406
170.67,154.8930354969628
200.01,163.56784818456768
169.53,195.1827536274472
174.1,163.07206562338484
135.09,167.46539931039752
106.74,133.98821908946744
93.36,93.25694870329436
97.76,77.050248719212
86.77,77.667507132501
76.71,77.79607089967296
67.2,72.77855211181084
63.21,67.2402192483185
60.37,66.08098661022268
58.0,75.17493836008468
54.1,70.00089561167398
55.64,67.73979692945107
59.34,67.2151382024079
65.1,70.09791568969335
79.89,84.54387624916023
83.15,94.59807430262848
81.88,91.98297606282523
79.45,92.98014691483775
77.36,87.92428183266168
73.58,87.87049578897768
79.45,89.8463256254532
80.44,100.31686967816682
86.07,103.17940713646743
84.15,109.94716652738562
83.83,102.32199370419481
76.1,87.00778343167353
75.2,64.9349292455018
47.03,61.09200292472782
39.05,30.85835224660969
21.08,22.42964166514593
0.0,16.29207616150877
8.91,-1.162438539605915
7.47,0.7277652751248807
-0.01,10.624508364545656
-0.72,-1.9799028319233878
0.0,-3.340365141737465
9.47,5.938514533008603
5.71,20.508002929765855
5.61,25.031643073079973
59.17,17.9492204731145
54.43,69.0144606765609
49.0,57.653212640479495
43.71,46.41573551179813
46.32,36.7458967788112
62.96,54.362264811741575
65.41,74.26477871144651
67.08,82.83633198315464
65.27,86.41572143809627
64.09,79.22525046994214
40.27,59.25323719565722
12.4,24.086772569243497
11.43,10.855792505857721
6.72,14.87469054965203
5.98,6.380775217793587
10.33,5.681118248729977
8.87,7.059175395752426
6.23,12.925432198643911
4.99,15.341923208140678
6.14,22.47610500601176
10.07,28.36805915682586
76.9,35.16858277457367
83.36,81.82989934301423
94.73,84.97454858841068
85.05,88.8705059467527
85.06,85.6802082915278
81.17,82.48587700399086
74.89,85.8028357142837
81.03,79.94664549095258
89.96,93.5793249910037
85.08,112.98878974135646
85.09,113.13152593862605
85.1,112.7225269858124
85.08,110.20641263412199
85.05,95.84059932418488
85.79,69.35236587710412
76.89,66.36539014503735
12.66,58.91744012794152
10.08,15.331071618062042
10.04,12.964517544515918
5.32,15.357654645183155
2.28,13.059293897702489
1.58,10.71488940078613
4.25,13.482456082773236
8.81,31.049267725462034
14.12,43.78164824462341
23.66,48.09104846637216
70.0,57.59006741864235
70.0,79.61960260794956
40.01,69.63933791161777
31.01,40.36266356032431
26.77,43.74121191595313
40.0,50.36673288573474
67.29,61.896470589469
76.9,85.30569898987672
76.89,99.62850143296816
76.89,96.28198263531009
70.01,92.12456815126752
70.02,67.85424599388165
15.56,60.893832610753144
13.76,21.426955975753682
12.15,18.825842480544623
11.35,15.6027394231251
11.53,16.139223187780967
10.52,20.2411225924946
10.09,14.702879688353873
10.1,18.501845881977395
13.65,22.733327463886
73.07,33.60552048807316
82.63,74.51921435813469
84.16,84.50938499173853
90.06,73.61016551414832
86.85,79.26315504048166
83.87,77.47725471071112
82.51,80.3546679730885
83.1,78.46610918655104
83.54,80.01741654744771
82.27,85.08700113918177
82.88,90.63816646984834
83.0,97.32312569754062
82.18,98.22959011204588
79.93,97.46061102085177
80.19,84.2128400749848
74.83,64.33856881882153
63.97,60.629312286535836
61.42,53.743482915141186
54.92,54.96446179546488
45.24,53.77852061814967
46.54,40.70593582452243
37.36,44.58602534114068
34.57,42.5801616860613
38.71,45.150593546945885
55.01,59.92002489539372
80.1,80.20301612513464
84.07,85.72267530864032
84.12,82.77947979220762
84.04,78.73365849261792
84.07,76.15439480613834
84.04,78.44091838079842
84.12,79.52795572089242
80.1,80.27614759265123
80.1,84.47771119865787
80.1,91.11073820001835
80.09,95.9245655963303
50.64,98.65606273402653
48.07,64.37961419356354
48.0,39.1232135675315
40.97,40.49121355743601
33.15,34.86423956135216
28.77,27.953049276705066
18.21,27.007420562821647
15.33,15.914930573842929
10.6,18.629417612005632
4.92,12.161315959588336
4.04,16.381002738193764
5.7,13.921348451678263
13.79,26.337032483747805
25.05,41.56278031902633
45.92,45.774712857254336
55.12,62.787543490025726
48.15,74.48566128664436
45.07,50.44334905115396
45.07,38.940132999963225
46.04,45.16008632280113
54.14,48.441497563001995
52.96,67.83435082307308
57.57,57.88132981734039
57.57,64.48768507368943
57.57,64.48927286343557
52.95,61.070551658390826
54.14,49.632037604196405
52.95,45.90347303597254
27.55,45.495514345926935
22.57,20.178059505914888
12.0,17.647210473925394
9.99,14.20317844133101
4.33,10.754883930605894
0.35,9.811273809858006
1.33,5.35247971911876
5.64,8.978944806790059
7.81,18.121286697069372
13.58,16.64810263256698
20.04,21.323091670142066
22.46,30.46807023810049
42.08,26.800031673998266
42.02,45.06675742656902
46.21,43.082292767841416
47.58,49.727387286136164
49.25,44.17442577329801
51.61,47.191527512768616
53.77,54.40222800275949
58.05,57.21304187303662
66.49,58.321763567919184
66.11,68.42670342482255
61.55,59.45832256589383
52.41,48.82134583803923
42.59,42.07853575928148
35.62,27.791366631067827
36.09,25.386039463311352
29.27,28.423846493828457
29.23,28.17732409156391
29.14,28.718950608621217
28.63,29.61124429620751
28.75,31.0819037907019
30.22,31.789330768633842
31.99,34.118638705498874
42.96,32.16829706490187
51.85,39.34256048782079
53.91,59.90056975914107
59.44,44.87234418993787
53.92,44.420540162649445
52.72,41.8696590695747
50.94,46.51018059140999
49.96,49.88900894681706
66.23,52.28928144648808
48.38,73.1678819857247
39.55,50.841697790858156
35.74,39.15084783372792
32.46,29.803730532815642
29.99,27.48508622169383
29.99,23.732582384132435
28.98,23.232621349339734
23.6,23.89167882856295
33.6,18.429637353191197
33.71,33.22895967029314
31.62,41.42505265248736
30.0,39.2283268552597
26.8,38.712320564485374
22.13,37.15495505071461
20.71,30.870780776115623
27.86,25.79730110949311
30.55,32.35723246118653
31.17,38.352371495760266
32.69,31.315353117888847
33.05,31.205789966195614
32.64,29.55770455465045
32.12,33.81162954148831
32.98,36.732019635894716
33.78,39.912116632805585
34.99,43.51494561891328
38.78,42.996076508526166
38.02,43.81137152976808
35.08,32.99909570651732
33.46,27.5942815608154
34.12,26.362691434304566
34.71,26.44486208941899
33.56,27.029839845350462
30.63,27.29614930641103
28.07,32.71822025219545
27.29,30.220315411743393
28.47,28.99354624843027
31.0,36.22819517957335
33.52,46.41302407956492
33.85,40.66117965114482
36.65,34.74959222721275
39.04,29.96135744825327
49.56,33.66839697551557
50.19,55.94779195698838
49.96,46.05343195568279
49.21,43.935248003084176
45.52,44.83724247630907
44.09,43.161282109585834
42.85,43.337209660213716
47.46,46.38739562090564
52.88,55.050967544496196
52.95,55.208550565861444
49.42,46.096581828103446
42.03,40.503814928483095
40.76,29.113579793066954
37.91,32.390777356528965
34.0,31.50852551212377
35.11,27.665438394718933
31.1,33.64566600261178
30.68,35.24541789820321
30.98,34.955983481690296
32.55,40.46770804406172
39.28,43.34239660889264
65.06,45.82725695705172
69.12,66.29681238953422
77.72,58.17328352788866
77.85,64.44151109393913
73.39,70.12839702669231
72.54,69.39521019599574
72.02,67.54578357456916
70.75,71.02323782487926
73.27,73.68941823041689
79.37,79.78495399004657
84.3,90.57251939056803
83.68,93.2410632065766
80.08,89.08632607190603
74.97,76.09612055455011
54.73,59.942917573879335
40.0,44.07439705268593
33.32,25.89577942969751
31.45,27.926981630338197
30.1,29.58424286483611
29.83,34.02104326791906
27.74,33.254417280097194
25.35,35.95776416880468
30.0,37.984526202167785
42.07,41.65466873807879
57.39,63.154139257073126
84.3,73.03834605816401
60.52,78.47453304106462
45.04,43.94126723857836
42.99,31.26690257570365
40.0,34.07918686309903
40.01,38.401441572966185
42.16,41.09960609884737
45.0,47.08121654664822
70.22,54.477527551067226
69.96,80.34072849345247
68.84,77.36983501994588
62.79,75.60356685640703
53.69,60.366279761061875
36.69,43.71083687994917
33.62,23.87066484386198
30.97,24.756024503408856
25.77,27.458506198667642
23.53,20.67565176205781
20.83,22.001437364191986
20.01,22.61823566596894
18.85,28.942012230533198
20.15,27.807662280964315
20.98,40.5276446758309
24.7,37.99907240306486
31.38,31.865550671387542
32.21,36.98414945555784
32.13,36.32882151728006
31.97,29.573687099865783
32.69,29.330389484363497
32.21,30.48268849699973
30.76,32.07162434184339
30.9,35.4074849236075
30.65,39.51021211637464
33.02,43.36790254942938
35.87,43.10761988737728
34.12,39.04796437436404
30.76,29.151380760373456
30.02,26.162452313263596
28.13,25.992720554301393
25.34,22.80102435622103
19.35,19.37182793490517
20.84,16.49100560653995
19.97,23.148706807925105
18.07,19.533220551102843
18.12,15.456989271583513
18.07,16.58717492589152
20.15,17.28642306962851
22.02,26.34711906192983
25.29,26.687706070699182
28.81,23.21718534907725
35.73,29.64778962329451
39.21,37.33182237908117
39.64,33.12082146561645
36.38,34.62487794114725
33.25,31.132977633455127
42.04,34.19791717802334
56.25,44.381892235831565
69.99,65.72852152604403
79.92,72.98515623957185
79.99,85.80125390517483
71.09,70.62223913768483
62.01,53.638757540164306
55.14,47.51275341870531
50.1,45.37158269908113
43.23,46.12082915734053
44.87,30.753906894049173
40.69,44.39431456964769
40.84,39.66505669364821
39.96,42.69247194992973
38.14,41.62512381254731
39.27,41.285272578488616
40.01,38.47014953729829
44.07,37.52016901750752
60.0,38.17875228079555
73.17,56.63345837217594
85.1,62.61147098168126
85.1,76.6363215302239
85.1,74.8394302773677
91.56,76.61658931118548
110.01,86.48373604393767
117.51,116.49569554272236
108.49,130.5262057986196
98.95,112.74230081845963
97.62,108.23762540919022
59.99,86.23009585339427
40.99,43.590801884625996
53.83,25.622031881487136
55.49,47.163159802446266
40.01,50.99546208066193
38.37,32.3075666452887
28.46,43.43922227406519
26.66,36.68441316482116
24.48,33.17230679948289
24.01,36.206327598290606
21.23,34.83683224776907
22.62,35.26228767030062
25.04,34.10862827191088
26.24,29.83228214816699
32.21,33.55801258716724
41.34,45.75210018874181
43.51,55.11512625447782
58.64,52.55014940281213
61.14,64.80501917454365
60.34,56.70869969053055
77.56,56.17093900936658
68.4,80.48094011338901
74.16,71.74453752912663
65.01,80.00665932145569
55.91,63.84314438099353
48.15,50.382025758028206
64.94,42.0265460164654
45.2,59.81596287373782
38.0,45.17464578599811
38.0,36.04023614412048
33.56,42.941239750485195
32.03,37.817101013307344
53.5,39.8162935287255
76.48,73.61047631795037
180.05,85.60967449624899
110.09,154.7415783292486
483.08,101.37316137233547
250.03,235.10566007958127
120.0,179.24268311457584
110.02,117.40847732340615
98.1,107.43796588243401
128.1,93.63963861887183
100.1,120.15910402522597
100.09,121.95840963722937
97.14,127.58677947539849
99.25,124.16091401961658
94.89,134.74914308069864
91.7,125.51737975570214
88.52,107.54791566215314
100.06,75.21681804736299
100.02,88.71609823401585
40.99,87.74957196811378
38.35,61.51676539181616
49.08,53.665266139361606
49.06,56.23002349806823
49.05,53.822061735183155
49.05,59.3849597675187
49.07,69.46500695028645
86.7,77.27091318334922
95.05,105.305037991921
131.51,104.4813960886685
132.95,126.01055343972322
128.81,119.58449759866392
98.93,109.08786689240925
129.91,89.38413173092239
118.79,117.55544894300922
97.05,111.03896020423622
96.19,101.23222828244636
119.02,102.10011932323887
129.91,123.0857042520641
147.62,134.2711095997239
118.8,136.49033470798017
95.1,115.98505309784876
85.82,78.3593650953804
76.38,72.83491629828251
65.0,61.71949244882807
58.12,59.26341240237955
129.25,61.521341163645744
106.34,109.08827258004516
94.42,94.51515591421708
97.79,92.52304582562446
121.44,103.48969801482372
180.21,128.66921797089427
148.11,176.5691167865352
379.25,146.21592555124624
299.99,247.16126938560322
300.0,241.1924893130409
300.07,231.29267153756064
300.0,234.07153683785333
299.99,228.22736928127424
296.18,220.2849688862829
299.99,217.15407557399382
362.14,207.27773533596692
300.0,212.27595652746834
299.99,209.2114704217873
249.96,197.8436814475482
203.72,135.219811473971
149.99,112.32588457654616
150.0,81.69471815763697
143.09,81.08882708773783
111.11,82.71792694841167
169.99,115.01659962340507
150.07,163.98494795800755
150.06,150.54368319284978
150.07,154.9654050889539
150.09,154.7141627355824
350.0,176.39740266678515
999.94,207.53696138820231
1478.91,248.85360170262527
1251.67,245.80885959371315
1000.0,245.1549964974125
999.98,238.6549082666958
800.0,241.6138555233631
999.91,236.2595892590654
899.06,235.8233145068456
999.97,236.34291353786168
1000.0,225.9688102993942
800.0,235.633805265268
710.08,239.58182530851863
800.0,239.93425907467315
550.06,227.0335602451858
640.03,222.1759306611547
550.0,221.54215814100039
300.01,222.85477159709566
200.0,207.97570253083998
111.19,182.0499465593845
113.98,109.18249349068523
82.03,101.58063463146388
113.51,82.70832581666406
141.69,107.38821732102035
156.85,170.0671186345032
132.92,198.83072050527318
147.75,163.40465143285462
181.87,168.25326687000657
184.0,200.2999736937887
176.37,175.1271564139095
176.81,173.303742057612
178.09,160.22079674684093
161.34,160.51834858438212
184.0,158.0479206982094
200.0,164.29269335699811
299.99,182.34363544895757
244.45,211.31913025116538
200.0,188.61137313194124
179.78,147.80859172260483
164.51,124.34483465917026
176.17,117.3588896384237
159.15,124.56021034218902
120.76,120.93239792880325
169.5,102.63325736628182
128.69,144.84296352554475
104.0,105.20077647676653
93.2,105.63594358681382
93.19,100.09551296824841
93.19,103.79715500371887
84.99,106.80697734773666
96.89,102.71714575787313
93.2,108.26069428483696
118.35,102.86640653470495
97.53,121.23621404279525
93.19,107.72216874724131
91.5,98.33546869057555
87.52,95.385914116768
87.23,95.78658101037367
93.2,105.02409410750863
96.21,113.84292332304915
104.27,110.16856817663562
106.09,109.09553265335846
103.56,104.47594543355106
100.5,90.95435366898663
93.31,83.4498511774131
91.17,77.02920168209461
83.86,79.75465196739964
87.02,79.17714992950846
84.32,80.29286814285257
81.82,78.037045740928
79.11,84.73106262605684
78.48,90.15405154638287
82.1,93.22242437847038
94.3,97.59635867117515
111.22,113.1602220127553
121.11,131.390204189281
120.73,139.84284358883164
113.9,139.0698554944173
139.05,126.41851058967042
161.05,156.51038509654646
137.91,187.67191746136896
167.2,162.97400562823904
162.52,189.3966546923242
129.93,196.1827799410314
132.31,166.71357526375417
130.01,146.29220668043507
122.12,137.88366805974636
114.21,110.80682238866608
102.83,98.1676418119693
99.98,86.39771334516446
91.49,85.52238057439021
87.82,89.8441896444737
86.69,84.48015613080295
85.0,86.8451540932969
84.13,96.13349512511336
85.41,95.36025568700667
90.12,118.19925870984592
108.51,123.2024513654731
123.22,131.15830964373285
133.25,146.8458939539946
120.89,143.2781345144672
112.78,133.22953354208124
105.4,123.53441891396258
100.0,121.28448453022067
100.6,110.52345764504715
112.36,112.70693427414378
121.09,127.48029729968991
130.99,145.82274811280604
137.95,152.54371821897078
137.72,157.10622262468917
130.33,153.51680138192881
117.36,134.39658866189228
109.0,120.33864675862702
103.63,112.1926279365153
94.76,92.24892367957564
87.15,86.32401607448433
84.67,85.75786287285693
84.64,81.30165454292242
84.02,84.20226979147441
84.23,93.50839915548653
89.05,97.92284072917123
114.84,111.76631521290236
134.87,126.40168002797061
143.0,143.6599362980738
130.39,137.50082494113002
121.47,130.590327440931
109.13,125.39491326470248
102.21,113.51451381220502
113.34,102.72521729252718
122.03,116.2083657878313
130.06,132.9171469013316
134.64,148.98858811840648
143.79,145.95886406732788
136.64,146.26138121698452
128.98,138.2045392944775
117.12,114.23525075198174
107.12,102.84720714322904
83.1,93.05796220362686
30.07,75.37796861492616
83.1,55.02124621524864
74.1,78.6713398651714
24.39,66.06836539271728
40.0,35.51479817131478
68.47,65.17096583452357
34.36,87.73096417378142
99.62,59.13171926858144
114.06,104.13552485685129
137.62,117.03977395244388
126.06,138.99281908251297
110.92,123.91669272784691
103.92,109.59100640123887
97.0,101.31619956643544
99.0,94.84901122322732
105.98,95.05727327737348
124.1,113.19708379330454
141.86,140.3955086902711
155.0,159.37173867759606
200.0,163.11405770307218
145.44,161.84019385553358
123.51,119.31556130615824
108.2,105.22501890743686
100.0,90.79283151419034
96.97,79.90964597853382
90.94,91.04895404410408
88.13,91.03887837345154
86.3,84.00815375124691
86.85,93.07878478816909
92.24,105.03536771626649
103.41,110.69653530944395
124.5,121.61660040065462
137.15,140.04747527455652
140.74,153.72702562313953
134.96,144.49061105098258
150.03,143.530748796683
136.48,152.55843504158213
124.57,146.69333344260465
124.32,130.61990676853083
150.51,130.7774704273002
203.0,162.63151754115827
299.02,184.1676253561413
200.01,227.46560037240232
155.0,201.14248484392726
122.84,170.09000031527853
108.87,115.75903531551573
98.66,113.85455406964093
93.57,81.77099014437538
85.15,87.33014128863229
75.64,85.45388181259882
74.85,79.68693714199291
73.65,74.11779226358442
71.37,91.49632889775864
72.24,90.10461501800786
74.33,90.84577436342359
79.34,86.99253564612289
79.49,97.84399796304058
99.23,95.12733763710884
97.57,97.96069809798556
90.88,95.85220511092724
74.18,87.77070571866095
70.66,85.24689563640091
67.51,84.0354960178806
75.51,84.37770086463296
80.18,94.24167118775668
80.19,104.22167203432852
79.09,98.94770982649105
79.09,98.40493064456895
73.82,95.23327730502609
73.06,80.27823891429546
80.19,71.39291705404608
67.35,73.74413244729111
61.65,65.00039349677415
64.02,64.62932083243194
62.11,65.73702702641485
62.93,60.988151540199894
64.88,63.98028530089478
65.38,67.35403634363895
65.2,68.98079181748143
67.62,66.35977215362064
72.01,69.3793851636136
76.79,71.45165862308481
81.38,77.06750814214212
81.33,80.39764399897464
82.79,75.43274214621452
81.07,75.6761701982628
77.04,73.65576204598784
79.15,74.27347558408911
82.32,85.56813021864158
86.62,92.50811271966776
91.86,95.02957921084281
94.64,102.3093347276132
85.26,92.168006328294
79.06,76.71965554664654
78.41,67.80237641330541
74.67,67.65103307968265
66.89,68.12145933015672
69.65,63.6880806670564
66.05,71.77602131675872
64.31,69.51700369797395
62.04,68.06886449915241
63.57,72.21567057855488
70.57,77.22296940472937
85.79,82.9788972066149
113.52,97.62593236173079
111.04,121.9194342929241
128.06,117.67390287106757
101.89,124.27059210684628
129.02,102.4845218750304
129.08,121.3900166713277
129.08,121.01866251329584
123.78,124.00434136432597
108.28,129.35634961956993
110.02,119.31930850263478
109.08,118.65153789988995
115.57,119.9479629180725
110.66,120.17413039617952
103.15,98.86179416984965
92.95,86.40150877377144
89.49,72.6254473077587
86.43,73.27294489096755
82.19,78.09443389054172
81.4,79.61856916137198
80.07,78.542831979828
78.26,86.18816971325218
77.59,88.35553409803818
83.45,91.22249567761807
123.0,103.64266230614767
193.42,132.4605410410875
275.59,174.69546902746114
270.56,203.40331350022356
249.93,215.9804620156687
200.55,167.7943164310338
170.04,166.04498691444672
141.97,154.54630926317722
143.58,126.06060402480333
156.16,138.8033068255276
170.08,177.60340527755392
170.81,165.20086771335747
164.52,158.65662299223456
145.42,148.22748232812165
151.51,121.24483920852464
131.44,119.35726940567814
121.14,110.07132397693294
102.43,108.61115707336862
95.63,94.47887551118498
84.26,93.40975370812879
82.1,81.24017440726354
82.09,83.59908376943011
90.06,92.45132409958907
134.58,110.72774184268854
150.0,142.204751889402
147.72,160.8544889170843
122.02,144.6798553223907
105.59,132.89833692326738
110.33,120.35062264915624
111.1,122.05683330430992
116.49,117.0830427474738
119.9,124.84655695492826
117.97,127.61809062283619
121.82,132.3799192570203
125.24,135.06090697460894
136.44,139.3830364701143
120.62,147.90367331694588
110.96,124.99210425690563
106.61,104.39821905540205
97.51,102.81166536562482
91.36,78.20799796196343
81.56,78.49393142410193
60.09,75.91664675764332
64.09,63.0050096041855
72.96,66.37251588596632
72.58,81.34319123300757
75.17,85.4715740974426
79.05,97.43220506451964
91.44,106.3182450670122
119.0,107.50043522106077
125.89,125.16854553639656
122.17,131.48929548766992
125.02,124.46141013969462
125.01,125.47969986222598
125.0,122.10801474708349
125.01,123.38416963725358
125.02,127.63070748867635
119.02,131.38791695220087
119.0,131.08647191840222
104.68,135.96742754870212
103.26,114.5109153220503
94.53,100.67495668217245
86.97,78.60725770725928
81.13,71.09873671666938
77.43,68.86390398470674
71.33,69.31343369773023
68.4,68.79280876238569
65.34,70.91442948143248
64.05,69.45310043021495
62.76,69.41763407854327
63.32,74.57765776837316
65.85,76.60953927180526
75.74,79.0025386869305
99.89,96.81145635605364
104.27,100.67483230273142
103.3,103.80140950887584
95.85,100.81809692398687
86.56,93.78868730822694
78.72,86.51607130849406
75.15,87.6162772350832
76.91,88.55673852632563
90.58,91.15909771156598
104.6,102.70602530811459
114.77,114.34120128412671
108.49,127.578149858139
106.05,108.71906718366648
91.77,103.02535060678021
79.98,74.12024186266586
74.97,60.29933091130355
66.69,70.83593346980017
67.62,66.38917230010749
65.01,66.26104111943405
65.1,65.4096150870589
63.34,70.0206275411822
63.37,65.10126176977099
68.91,65.15308064997711
74.29,68.65609412039858
83.49,72.27104021695192
95.87,89.57842321221825
99.71,98.79969966680783
99.86,101.59385150779917
95.87,99.75236079985912
95.88,92.86349244255565
95.81,94.65553755755033
91.0,97.16982055143701
95.88,98.2479721102316
102.01,102.63912936138657
97.4,110.10200814698707
101.11,103.53585179250125
95.0,100.24957617908306
95.97,84.71499396939677
77.2,81.4735069501821
75.11,61.901855355631
69.13,67.71240671252478
71.73,64.6169703628905
58.3,66.02402860097035
55.15,52.69376775461204
50.89,59.55882764713657
59.33,57.13405089732149
76.09,63.36243634333313
78.44,69.64906299425256
64.13,71.81633712400655
65.21,63.65512572814124
56.8,64.59697086362485
50.45,53.77818858736603
50.78,56.88521113701841
43.99,60.14579979474375
42.52,46.141062417841155
53.4,44.94653018570462
73.0,69.0168859126888
77.59,83.05589207172254
74.36,90.28192668477918
78.13,88.1472059075163
74.79,80.8501000384569
61.15,65.61674182398212
45.04,53.37861490278037
40.01,43.64376304869402
29.03,37.084767800087874
33.02,29.922912535256554
32.56,32.24373557681869
32.1,32.00341884167227
32.05,36.94174785322467
33.06,41.87197746891027
49.16,44.029166976721896
78.43,75.23577828823504
80.52,85.28199892733267
82.52,83.12642723912052
82.64,84.81277828656889
82.44,81.62840768168587
77.18,83.01156376550964
79.75,79.03585058098226
81.51,87.97722924591615
81.94,89.0140598502837
83.68,90.5670745948724
87.53,90.82509951870944
85.91,95.26003808921097
86.54,96.74348413185602
77.6,92.74741199341582
79.4,67.69152242006224
28.84,68.84900450768225
26.07,27.74844735789035
23.03,20.891879275802292
15.84,19.56833080154705
9.86,13.682981168865007
9.14,7.416594227868496
4.17,12.041825353968564
10.22,15.003817160560134
21.63,18.593665437347443
59.07,46.799463058482175
74.01,80.44208917334068
84.93,81.07529943172489
81.65,89.57107697083114
74.03,82.77559109047355
69.35,70.63596708050763
61.06,70.31407020220982
64.84,59.9708431083165
59.1,75.68697658201343
67.08,67.81821268676735
91.89,81.99513413434212
68.46,102.96470178768851
66.78,80.84253186901357
63.34,71.4680600686412
60.46,66.40107434078965
52.45,57.33483738652476
40.82,55.80397273957364
33.26,39.707580368750804
42.02,33.2519840271213
39.76,43.691399093104536
50.01,40.88083035503676
48.92,63.445245727083794
55.6,56.23375503555032
80.05,70.38323800288495
92.38,94.34158470606292
94.27,98.67081700306272
92.23,99.1736439774001
94.26,92.48739784979536
93.04,95.04245080291855
92.73,90.85081442412263
94.24,91.02706918399296
92.11,93.18496582672043
81.39,90.23055649850909
88.74,83.97303263628234
92.47,94.26353229294928
91.71,100.87603611638751
86.93,100.72113545313366
79.84,91.35876942005238
73.08,71.4705888703702
66.5,65.6819135640287
44.84,61.3562812570282
38.53,46.032718431112905
43.84,37.38307659297367
43.97,46.74898678154893
42.76,43.97282744590263
43.85,47.78751895834056
45.11,56.52851951139594
51.01,65.05016648170506
74.34,81.3989077702389
75.28,87.37440825332381
90.01,81.41524118392205
86.82,89.99357796112291
83.69,85.64932297133316
78.66,83.18871810236139
85.45,78.94700318574263
82.78,87.96354335021589
85.66,85.99673981802603
92.07,94.44662549718461
101.38,100.51722537855741
122.35,106.33460336942275
114.3,128.2996677577385
98.79,109.51540992155451
91.07,79.95217386591412
88.11,70.31751918081235
80.02,62.01922251869827
75.16,70.31021335140743
79.99,71.25449309416874
79.29,80.79051651661601
79.04,79.66966795041999
79.98,82.94256680284371
94.37,87.3317467895642
115.94,107.4775963058556
134.66,128.27041928299275
145.88,131.25753154353663
141.51,129.34692710058266
135.84,125.925533013861
129.87,127.4795083817727
123.6,122.84580454772785
120.93,117.30312281029644
127.08,117.03133525574106
128.11,124.60116684132386
134.63,127.30039918766991
132.29,131.06525521002416
126.88,133.51088425780964
114.65,128.17231312040744
98.61,113.73311006425632
40.0,80.02304327494207
81.79,53.131871589521836
60.87,65.51604875457724
52.04,59.07598507150749
56.58,63.75571037423097
55.53,59.11733380024924
56.44,60.32353303066359
55.15,62.41040415369997
55.76,60.52516870835346
111.74,62.40385662235235
61.37,97.69227038837089
132.84,66.87662408780928
87.49,110.36968102747207
71.05,86.22101693899118
115.99,74.16843904409524
115.97,99.53428091746534
149.52,106.15956078463375
100.2,120.23096299661158
118.31,97.40614270709521
139.08,126.36710668124573
299.03,145.40864434543485
299.01,201.87335685561797
97.44,220.43007813666514
98.53,98.4669775611401
85.72,73.79127149636997
133.03,67.88038473423762
75.97,106.26806145247724
72.7,67.74461013958856
80.4,76.07518914329006
60.82,79.1984791540645
59.4,67.93219268945543
59.46,72.6761203499107
60.76,76.64243143125358
63.34,74.79311709852314
59.93,68.06879488255584
79.53,68.32685963614874
80.71,78.36548422793858
141.33,72.62923210232273
99.57,104.28744145087875
81.88,92.2181781737575
79.97,80.55625451204742
79.96,69.9890127323662
88.68,74.62421412144887
106.23,94.8587620661449
116.73,115.63304043718236
117.17,122.6584880158576
117.22,120.87703078216222
113.89,115.51982874120365
109.66,94.74901156254688
100.52,97.9482115996193
82.4,84.41425869432823
49.3,70.17415720140534
49.97,48.91256235537159
47.26,52.85426284078654
48.12,44.58766593560624
47.97,50.99022014525981
51.58,56.4650434760219
60.06,71.29272389195559
84.0,71.55998304596115
101.66,90.80280689677198
100.58,92.87553907338905
88.39,98.93253289359059
78.9,83.32933363605211
71.27,76.33628308816974
70.24,72.06468926111972
74.12,71.69520889742397
81.48,81.72452328792099
99.16,90.83280177887796
111.94,105.70722764095711
127.33,119.77257854959174
116.1,128.14254464276124
107.52,115.459567537889
92.3,97.59797612316727
86.51,73.02767789940279
83.37,69.1251707838278
78.36,71.27505085707949
71.94,72.20520619239336
68.78,71.45699693681212
69.37,68.04734094100331
67.33,75.0352271388092
67.03,79.71422267120236
88.01,84.28607756910385
98.31,104.25417827824465
116.21,103.30134139720343
135.21,125.66552785121493
97.02,134.18803912160766
88.07,93.5418036953009
98.41,84.22386288610458
100.0,93.38961520698615
100.02,100.93876860722276
100.03,105.76773628809795
102.21,110.00106454350131
114.68,112.71276558588008
114.57,132.7819621333923
102.89,128.46652168890427
98.72,102.9987493359804
100.66,77.08804891791239
79.65,90.83947413691715
69.85,62.37984281446673
71.75,65.31967790604672
69.45,69.82352971312407
68.02,70.77906244922693
70.89,70.1813274681551
69.82,77.87503947148258
68.35,81.29019555764856
72.38,84.22172721853536
81.54,84.37934205761438
106.99,96.18810440054575
112.9,113.66906261767875
116.92,116.23564395552421
82.98,120.33180976395958
77.09,80.26749576637124
74.91,75.27713747278268
78.29,77.51675519978372
85.22,84.79864865576346
98.51,96.24888561200426
101.55,115.0570001240846
104.39,122.79891961241738
100.81,116.4934875414296
103.26,97.11205492501276
87.52,93.53589347908579
29.38,70.25111294751743
12.92,30.978192912686044
-2.02,21.00453192739605
26.94,4.55781535747487
32.53,36.03785730435977
26.71,42.92952375276228
38.22,28.431620897651257
27.71,49.025736840099235
20.1,39.27893255120738
72.59,33.1179159540029
76.75,74.38323664664104
80.13,76.78677731604252
80.22,82.07315854417327
79.61,73.01140216888821
77.51,72.77035471145008
67.99,74.30147377667389
63.96,65.42910436438751
71.89,64.6874893657943
75.1,79.45236210632835
78.82,86.6587318464429
78.18,90.33225971669927
79.48,90.01212648880363
78.62,83.48759668747944
77.49,68.78558411198829
50.51,64.46777849626096
15.07,49.0937724881921
10.03,16.582657561563117
56.85,12.687754941240133
58.62,55.87971623849181
58.0,55.13426993608424
54.69,56.48070188187367
54.79,56.70443615460786
53.18,62.097895332239354
79.26,69.20582602218056
88.47,90.90302288365581
92.68,89.64646373883355
89.84,90.31041840937807
81.48,86.92991247571155
78.16,78.96931862323915
78.7,79.87303320540096
78.74,81.94056842722307
80.81,82.79335941713519
83.82,88.79879255617821
83.99,90.56825626082174
83.77,90.8261152676145
79.21,91.09146740461017
76.73,81.38367212866383
73.16,66.54347893489881
30.16,63.00661787317615
11.93,30.15931057802566
14.44,15.058476454234302
40.27,20.236801159420992
42.75,42.96619749965404
37.57,48.10795596117586
26.68,41.98054378612532
31.28,28.361456893100417
10.29,36.8651316462632
35.38,11.394417562275677
56.28,43.37281876686313
57.99,72.93456385644429
53.66,52.24592169804534
44.42,50.08558793267814
37.95,37.81699072939175
36.17,39.24230833807379
35.68,36.29716356648836
42.44,37.219192142281955
50.09,46.98951199539085
62.44,75.16529489240389
72.24,75.7778123305958
76.96,74.88416700487008
48.36,72.96194122802588
71.11,40.69069860620038
19.98,64.20780968854532
12.09,21.323884298781852
12.08,18.02738422722142
20.07,24.161317415846803
17.09,32.197302057736906
16.2,14.336604537973113
11.68,15.690699509260934
12.91,16.879542879670087
17.45,22.395266055825292
13.93,24.149447534848473
18.22,21.664873205631693
24.93,24.60402047937533
24.51,38.94220023064117
20.09,28.045080824105625
19.2,22.053723352832595
16.84,15.385237793557016
9.62,16.055811581416695
22.84,13.07500601718366
49.06,35.99700504699884
59.79,68.24062464526956
64.4,69.88557540882272
64.4,66.26574763002381
63.59,54.97747491929477
60.99,55.37508179336279
54.98,48.95025948033998
40.99,46.787825191980644
23.1,44.09488680772203
16.17,23.883588607049766
16.33,16.05924439382366
9.67,14.919123615241414
4.99,11.879435675858346
7.01,15.917480211906726
45.38,20.865182382237066
78.53,68.32480414266897
85.07,84.71881140367373
85.07,83.6881931288948
78.73,79.5309765009684
85.01,67.93699749170926
43.79,80.62224071895079
48.02,43.099667104719316
48.54,46.110977141364174
78.77,50.24378852067941
87.76,82.49827028607055
90.07,99.91344210586844
98.2,100.37222120587872
98.5,102.89309364741096
94.88,90.0019954957222
87.97,78.5881764429099
81.19,68.28473798834833
79.18,64.01498258402367
67.63,69.02363137815902
53.8,63.93971340928893
53.17,54.23477070489424
53.2,56.33304690050488
53.21,59.520598786774606
69.63,66.81511680961016
249.91,83.52803077363023
120.0,160.2115318270604
192.01,107.97157125206799
126.46,150.6258019199141
146.5,107.0803343670544
100.02,119.17176642737998
100.02,99.8929016859717
100.01,97.39904015172014
100.0,97.96656369990163
100.05,101.14002233913709
119.99,107.67737229846972
200.0,127.98121480102556
249.93,178.29589810359812
130.8,163.19562193104946
85.1,119.2212794489055
78.46,70.58063281250135
120.0,60.99017834357316
119.99,91.55650662129791
55.06,93.2287888421067
54.91,68.60053530965656
52.37,63.25367130846604
50.65,62.95949655508542
50.65,66.28133594700165
56.03,77.07469620797964
89.0,82.50119848993856
77.74,106.8749836519315
98.87,95.85454769037484
108.13,96.83965690223086
96.6,111.18466352941964
81.17,90.27119836532393
106.02,76.07953345411048
75.82,96.82731436798879
89.37,71.46180284374293
126.39,85.42816664159363
150.82,129.4226339407547
97.3,157.12408442428008
120.05,112.08562750141813
136.22,129.3437108387052
109.7,135.38687549615253
99.91,100.47723844196358
98.52,87.97609008961946
95.55,76.62063535809482
95.12,73.62116741065277
102.36,81.35840292163363
88.98,92.71736481310217
79.99,84.61100047048627
72.17,83.13591757093178
89.52,81.35379657700614
133.51,107.52739865806005
134.72,140.22028668839138
131.61,137.0399034886457
133.76,128.7281927218228
113.55,126.4097691815057
97.79,104.35837975007917
91.87,96.17650894928404
89.38,90.43226431095441
90.98,86.68531477758427
111.54,94.45530812457821
110.42,124.53526959589071
123.38,126.12711227874918
132.81,142.0852536840267
127.7,145.17858178531998
127.93,128.0567741570991
120.39,112.32925471391265
112.67,106.967598181685
101.59,100.93011607788891
88.25,92.85530425293075
80.97,83.27041752535388
79.48,79.41176541195054
79.48,77.82062972893925
81.1,81.86860729011933
120.97,90.65096078402529
166.92,132.449365599306
194.64,171.6519549306085
249.94,165.55838506830926
248.42,158.3092572996791
199.99,154.80628956448854
86.88,158.50425117943627
88.64,91.64539478849746
102.98,84.35578097161806
114.96,90.56912917445328
140.76,120.5258451939877
200.0,138.08281708126245
155.0,177.21571496881913
168.0,161.15454635491477
170.0,178.7560475297213
95.06,148.75561192161362
97.58,87.55584192566955
79.25,91.38488932907183
112.88,66.80790283612457
96.17,87.84452997575096
91.24,87.13484426409971
64.08,91.78437539526197
64.4,67.42202300511748
64.39,73.39303802621663
64.41,78.8590780333103
69.07,86.47910038710167
70.91,85.10844862977618
90.3,84.96566776859576
107.73,89.79452500760544
110.0,101.73699015203492
103.05,95.99917258198025
86.82,91.00650073454555
92.6,77.59594153117295
92.73,82.65435731666257
99.07,90.10496251574978
77.17,103.7297213492209
119.09,91.94879657277475
154.99,118.53182671345091
121.28,162.98540068002336
83.32,118.51477678843473
74.4,66.68126069337929
122.02,60.59142197521146
92.38,96.16976035843368
70.0,78.03210346229538
74.72,68.2159863567892
74.48,71.52073793633402
64.75,68.70326348412364
62.02,64.51131217301747
55.99,62.42602120591109
46.25,59.10868699830903
49.19,47.97513015992683
72.49,60.75022610911937
59.82,74.51411985732635
89.06,55.10801728249456
89.1,78.92556220265664
71.9,77.46149102147021
68.34,63.05412397987408
73.81,62.37715837971423
79.92,76.76662013756258
69.8,84.36601189325528
69.31,77.11252792937059
77.55,81.38290580886
81.31,87.14795257286463
80.15,83.1218175059837
76.75,66.464082646879
70.72,71.00427727573167
68.39,62.218658301963096
64.01,62.73203279221607
65.0,61.58927707717003
59.94,66.93981126951982
58.79,55.35424534267725
57.77,59.61866689675432
59.21,67.4843506235338
65.0,72.80139279244925
95.07,78.32671039684838
90.09,98.94228442127189
104.0,94.20924011534849
96.5,105.17958584346262
96.46,96.50946777184566
80.04,93.5441547911395
79.89,77.75550016552138
99.75,77.85624954066155
92.51,102.76435730833131
100.15,102.41967864371809
118.97,112.14326191555688
94.8,135.52796491162923
99.85,108.97972679473898
102.21,99.52629322624294
79.15,92.29050714470202
71.54,61.443024729460426
65.87,61.46986392174577
61.9,64.99734719099949
68.59,63.16862261758559
65.37,71.07276396034554
63.41,69.25660261513138
60.49,70.2938611411567
60.06,66.44790434903953
72.59,78.2969700055285
72.15,89.56662677945666
144.32,87.91916473540421
250.0,127.00260335975226
153.7,173.12443992907998
124.92,123.75938384439645
63.87,113.88616317827832
155.81,64.26630083125362
133.96,128.95165677897245
86.86,133.39556148212614
70.7,104.59273516495611
112.89,97.77003009412317
116.7,116.77074714361927
115.92,126.19371495011492
115.88,119.88790867441193
115.32,104.14509338344786
111.19,98.47367845626478
92.29,93.0638135772965
73.96,78.32126008397987
77.4,70.34608739245499
67.86,77.63329812062535
71.39,68.56413748485129
71.39,76.2482454517739
57.49,82.15105429265822
82.27,74.44525306638637
116.21,97.49581614991774
114.52,120.91469989659113
126.06,120.93150696777995
126.03,121.548465648132
77.4,113.17513027444672
63.29,68.30004465400171
125.05,65.17175602306058
77.39,112.49067827292077
119.63,75.83331912128442
78.65,117.9565199010329
104.63,87.97085724390577
112.56,114.96416133934653
110.39,119.56882145034517
105.45,105.07610594775997
97.12,94.76481656945342
84.92,75.72344108616271
68.2,68.9455196359033
63.8,64.11470953021882
62.44,64.72814923936669
61.56,63.303541290075394
60.55,63.15195573828283
59.59,60.493854007571265
61.49,65.45085645735584
70.0,76.63909959292415
93.26,88.13935490417637
99.0,101.24958229868453
99.05,100.83472150783547
99.02,92.63179880968364
77.09,89.06127857199917
75.17,67.63245693444695
97.63,80.30599971743001
87.18,93.06534724218399
77.1,87.45480250104886
83.86,83.84590295164425
109.11,92.64648305698769
110.74,122.07437124553212
110.62,121.78843766970934
110.07,111.48396631294791
100.97,100.86135596472202
97.82,88.47544512013734
79.87,75.35315725244321
70.51,65.99851785959214
51.76,66.7029755706163
51.08,51.159044367676756
49.92,56.1658900277616
48.74,58.19020811350554
51.0,57.85054450234877
53.2,77.44109854963564
90.16,76.21865289381881
87.48,99.24781571510754
70.5,89.17910893572245
64.8,72.74284047798429
54.31,61.01088474252586
52.89,53.04996087829726
52.37,60.85900910848037
52.31,61.78652980403026
53.77,65.16590889616592
62.67,66.5924804008907
69.5,80.94623150370448
86.28,84.98491925190089
76.48,102.17725812670156
64.02,79.06407872243474
26.36,56.93136538374997
25.51,23.846057471103343
24.43,26.82688970060823
19.56,24.83005326515404
